ts,store_id,device_id,temp_c
2026-07-18 14:44,S01,FROST-S01,3.7
2026-07-18 14:44,S02,FROST-S02,3.6
2026-07-18 14:44,S03,FROST-S03,3.7
2026-07-18 14:44,S04,FROST-S04,3.6
2026-07-18 14:44,S05,FROST-S05,3.3
2026-07-18 14:44,S06,FROST-S06,3.3
2026-07-18 14:44,S07,FROST-S07,3.6
2026-07-18 14:44,S08,FROST-S08,3.6
2026-07-18 14:44,S09,FROST-S09,3.4
2026-07-18 14:44,S10,FROST-S10,3.3
2026-07-18 14:44,S11,FROST-S11,3.4
2026-07-18 14:44,S12,FROST-S12,3.3
2026-07-18 15:14,S01,FROST-S01,3.7
2026-07-18 15:14,S02,FROST-S02,3.3
2026-07-18 15:14,S03,FROST-S03,3.4
2026-07-18 15:14,S04,FROST-S04,3.7
2026-07-18 15:14,S05,FROST-S05,3.4
2026-07-18 15:14,S06,FROST-S06,3.4
2026-07-18 15:14,S07,FROST-S07,3.2
2026-07-18 15:14,S08,FROST-S08,3.6
2026-07-18 15:14,S09,FROST-S09,3.5
2026-07-18 15:14,S10,FROST-S10,3.7
2026-07-18 15:14,S11,FROST-S11,3.7
2026-07-18 15:14,S12,FROST-S12,3.4
2026-07-18 15:44,S01,FROST-S01,3.3
2026-07-18 15:44,S02,FROST-S02,3.5
2026-07-18 15:44,S03,FROST-S03,3.2
2026-07-18 15:44,S04,FROST-S04,3.7
2026-07-18 15:44,S05,FROST-S05,3.6
2026-07-18 15:44,S06,FROST-S06,3.5
2026-07-18 15:44,S07,FROST-S07,3.5
2026-07-18 15:44,S08,FROST-S08,3.2
2026-07-18 15:44,S09,FROST-S09,3.4
2026-07-18 15:44,S10,FROST-S10,3.8
2026-07-18 15:44,S11,FROST-S11,3.4
2026-07-18 15:44,S12,FROST-S12,3.2
2026-07-18 16:14,S01,FROST-S01,3.6
2026-07-18 16:14,S02,FROST-S02,3.2
2026-07-18 16:14,S03,FROST-S03,3.7
2026-07-18 16:14,S04,FROST-S04,3.7
2026-07-18 16:14,S05,FROST-S05,3.4
2026-07-18 16:14,S06,FROST-S06,3.6
2026-07-18 16:14,S07,FROST-S07,3.6
2026-07-18 16:14,S08,FROST-S08,3.5
2026-07-18 16:14,S09,FROST-S09,3.6
2026-07-18 16:14,S10,FROST-S10,3.4
2026-07-18 16:14,S11,FROST-S11,3.5
2026-07-18 16:14,S12,FROST-S12,3.6
2026-07-18 16:44,S01,FROST-S01,3.3
2026-07-18 16:44,S02,FROST-S02,3.7
2026-07-18 16:44,S03,FROST-S03,3.4
2026-07-18 16:44,S04,FROST-S04,3.7
2026-07-18 16:44,S05,FROST-S05,3.7
2026-07-18 16:44,S06,FROST-S06,3.4
2026-07-18 16:44,S07,FROST-S07,3.8
2026-07-18 16:44,S08,FROST-S08,3.4
2026-07-18 16:44,S09,FROST-S09,3.6
2026-07-18 16:44,S10,FROST-S10,3.5
2026-07-18 16:44,S11,FROST-S11,3.4
2026-07-18 16:44,S12,FROST-S12,3.8
2026-07-18 17:14,S01,FROST-S01,3.7
2026-07-18 17:14,S02,FROST-S02,3.3
2026-07-18 17:14,S03,FROST-S03,3.7
2026-07-18 17:14,S04,FROST-S04,3.7
2026-07-18 17:14,S05,FROST-S05,3.5
2026-07-18 17:14,S06,FROST-S06,3.2
2026-07-18 17:14,S07,FROST-S07,3.3
2026-07-18 17:14,S08,FROST-S08,3.6
2026-07-18 17:14,S09,FROST-S09,3.3
2026-07-18 17:14,S10,FROST-S10,3.3
2026-07-18 17:14,S11,FROST-S11,3.5
2026-07-18 17:14,S12,FROST-S12,3.3
2026-07-18 17:44,S01,FROST-S01,3.4
2026-07-18 17:44,S02,FROST-S02,3.4
2026-07-18 17:44,S03,FROST-S03,3.7
2026-07-18 17:44,S04,FROST-S04,3.5
2026-07-18 17:44,S05,FROST-S05,3.7
2026-07-18 17:44,S06,FROST-S06,3.6
2026-07-18 17:44,S07,FROST-S07,3.2
2026-07-18 17:44,S08,FROST-S08,3.5
2026-07-18 17:44,S09,FROST-S09,3.3
2026-07-18 17:44,S10,FROST-S10,3.5
2026-07-18 17:44,S11,FROST-S11,3.2
2026-07-18 17:44,S12,FROST-S12,3.3
2026-07-18 18:14,S01,FROST-S01,3.6
2026-07-18 18:14,S02,FROST-S02,3.8
2026-07-18 18:14,S03,FROST-S03,3.6
2026-07-18 18:14,S04,FROST-S04,3.6
2026-07-18 18:14,S05,FROST-S05,3.7
2026-07-18 18:14,S06,FROST-S06,3.5
2026-07-18 18:14,S07,FROST-S07,3.3
2026-07-18 18:14,S08,FROST-S08,3.5
2026-07-18 18:14,S09,FROST-S09,3.3
2026-07-18 18:14,S10,FROST-S10,3.3
2026-07-18 18:14,S11,FROST-S11,3.3
2026-07-18 18:14,S12,FROST-S12,3.3
2026-07-18 18:44,S01,FROST-S01,3.7
2026-07-18 18:44,S02,FROST-S02,3.4
2026-07-18 18:44,S03,FROST-S03,3.5
2026-07-18 18:44,S04,FROST-S04,3.4
2026-07-18 18:44,S05,FROST-S05,3.4
2026-07-18 18:44,S06,FROST-S06,3.7
2026-07-18 18:44,S07,FROST-S07,3.3
2026-07-18 18:44,S08,FROST-S08,3.8
2026-07-18 18:44,S09,FROST-S09,3.7
2026-07-18 18:44,S10,FROST-S10,3.6
2026-07-18 18:44,S11,FROST-S11,3.4
2026-07-18 18:44,S12,FROST-S12,3.7
2026-07-18 19:14,S01,FROST-S01,3.3
2026-07-18 19:14,S02,FROST-S02,3.2
2026-07-18 19:14,S03,FROST-S03,3.7
2026-07-18 19:14,S04,FROST-S04,3.5
2026-07-18 19:14,S05,FROST-S05,3.6
2026-07-18 19:14,S06,FROST-S06,3.5
2026-07-18 19:14,S07,FROST-S07,3.4
2026-07-18 19:14,S08,FROST-S08,3.6
2026-07-18 19:14,S09,FROST-S09,3.2
2026-07-18 19:14,S10,FROST-S10,3.6
2026-07-18 19:14,S11,FROST-S11,3.8
2026-07-18 19:14,S12,FROST-S12,3.4
2026-07-18 19:44,S01,FROST-S01,3.3
2026-07-18 19:44,S02,FROST-S02,3.5
2026-07-18 19:44,S03,FROST-S03,3.4
2026-07-18 19:44,S04,FROST-S04,3.2
2026-07-18 19:44,S05,FROST-S05,3.8
2026-07-18 19:44,S06,FROST-S06,3.3
2026-07-18 19:44,S07,FROST-S07,3.6
2026-07-18 19:44,S08,FROST-S08,3.3
2026-07-18 19:44,S09,FROST-S09,3.8
2026-07-18 19:44,S10,FROST-S10,3.7
2026-07-18 19:44,S11,FROST-S11,3.7
2026-07-18 19:44,S12,FROST-S12,3.5
2026-07-18 20:14,S01,FROST-S01,3.3
2026-07-18 20:14,S02,FROST-S02,3.6
2026-07-18 20:14,S03,FROST-S03,3.4
2026-07-18 20:14,S04,FROST-S04,3.8
2026-07-18 20:14,S05,FROST-S05,3.2
2026-07-18 20:14,S06,FROST-S06,3.7
2026-07-18 20:14,S07,FROST-S07,3.4
2026-07-18 20:14,S08,FROST-S08,3.2
2026-07-18 20:14,S09,FROST-S09,3.7
2026-07-18 20:14,S10,FROST-S10,3.6
2026-07-18 20:14,S11,FROST-S11,3.3
2026-07-18 20:14,S12,FROST-S12,3.2
2026-07-18 20:44,S01,FROST-S01,3.7
2026-07-18 20:44,S02,FROST-S02,3.5
2026-07-18 20:44,S03,FROST-S03,3.6
2026-07-18 20:44,S04,FROST-S04,3.7
2026-07-18 20:44,S05,FROST-S05,3.7
2026-07-18 20:44,S06,FROST-S06,3.3
2026-07-18 20:44,S07,FROST-S07,3.3
2026-07-18 20:44,S08,FROST-S08,3.8
2026-07-18 20:44,S09,FROST-S09,3.4
2026-07-18 20:44,S10,FROST-S10,3.7
2026-07-18 20:44,S11,FROST-S11,3.8
2026-07-18 20:44,S12,FROST-S12,3.8
2026-07-18 21:14,S01,FROST-S01,3.6
2026-07-18 21:14,S02,FROST-S02,3.3
2026-07-18 21:14,S03,FROST-S03,3.6
2026-07-18 21:14,S04,FROST-S04,3.4
2026-07-18 21:14,S05,FROST-S05,3.3
2026-07-18 21:14,S06,FROST-S06,3.6
2026-07-18 21:14,S07,FROST-S07,3.4
2026-07-18 21:14,S08,FROST-S08,3.7
2026-07-18 21:14,S09,FROST-S09,3.5
2026-07-18 21:14,S10,FROST-S10,3.4
2026-07-18 21:14,S11,FROST-S11,3.5
2026-07-18 21:14,S12,FROST-S12,3.3
2026-07-18 21:44,S01,FROST-S01,3.8
2026-07-18 21:44,S02,FROST-S02,3.5
2026-07-18 21:44,S03,FROST-S03,3.6
2026-07-18 21:44,S04,FROST-S04,3.7
2026-07-18 21:44,S05,FROST-S05,3.4
2026-07-18 21:44,S06,FROST-S06,3.4
2026-07-18 21:44,S07,FROST-S07,3.3
2026-07-18 21:44,S08,FROST-S08,3.3
2026-07-18 21:44,S09,FROST-S09,3.6
2026-07-18 21:44,S10,FROST-S10,3.5
2026-07-18 21:44,S11,FROST-S11,3.7
2026-07-18 21:44,S12,FROST-S12,3.4
2026-07-18 22:14,S01,FROST-S01,3.2
2026-07-18 22:14,S02,FROST-S02,3.7
2026-07-18 22:14,S03,FROST-S03,3.8
2026-07-18 22:14,S04,FROST-S04,3.5
2026-07-18 22:14,S05,FROST-S05,3.5
2026-07-18 22:14,S06,FROST-S06,3.3
2026-07-18 22:14,S07,FROST-S07,3.6
2026-07-18 22:14,S08,FROST-S08,3.7
2026-07-18 22:14,S09,FROST-S09,3.3
2026-07-18 22:14,S10,FROST-S10,3.3
2026-07-18 22:14,S11,FROST-S11,3.3
2026-07-18 22:14,S12,FROST-S12,3.5
2026-07-18 22:44,S01,FROST-S01,3.3
2026-07-18 22:44,S02,FROST-S02,3.6
2026-07-18 22:44,S03,FROST-S03,3.5
2026-07-18 22:44,S04,FROST-S04,3.4
2026-07-18 22:44,S05,FROST-S05,3.5
2026-07-18 22:44,S06,FROST-S06,3.6
2026-07-18 22:44,S07,FROST-S07,3.5
2026-07-18 22:44,S08,FROST-S08,3.6
2026-07-18 22:44,S09,FROST-S09,3.5
2026-07-18 22:44,S10,FROST-S10,3.5
2026-07-18 22:44,S11,FROST-S11,3.4
2026-07-18 22:44,S12,FROST-S12,3.6
2026-07-18 23:14,S01,FROST-S01,3.2
2026-07-18 23:14,S02,FROST-S02,3.6
2026-07-18 23:14,S03,FROST-S03,3.4
2026-07-18 23:14,S04,FROST-S04,3.5
2026-07-18 23:14,S05,FROST-S05,3.7
2026-07-18 23:14,S06,FROST-S06,3.6
2026-07-18 23:14,S07,FROST-S07,3.7
2026-07-18 23:14,S08,FROST-S08,3.5
2026-07-18 23:14,S09,FROST-S09,3.4
2026-07-18 23:14,S10,FROST-S10,3.8
2026-07-18 23:14,S11,FROST-S11,3.7
2026-07-18 23:14,S12,FROST-S12,3.5
2026-07-18 23:44,S01,FROST-S01,3.7
2026-07-18 23:44,S02,FROST-S02,3.6
2026-07-18 23:44,S03,FROST-S03,3.4
2026-07-18 23:44,S04,FROST-S04,3.8
2026-07-18 23:44,S05,FROST-S05,3.5
2026-07-18 23:44,S06,FROST-S06,3.3
2026-07-18 23:44,S07,FROST-S07,3.4
2026-07-18 23:44,S08,FROST-S08,3.2
2026-07-18 23:44,S09,FROST-S09,3.4
2026-07-18 23:44,S10,FROST-S10,3.7
2026-07-18 23:44,S11,FROST-S11,3.5
2026-07-18 23:44,S12,FROST-S12,3.3
2026-07-19 00:14,S01,FROST-S01,3.2
2026-07-19 00:14,S02,FROST-S02,3.3
2026-07-19 00:14,S03,FROST-S03,3.2
2026-07-19 00:14,S04,FROST-S04,3.5
2026-07-19 00:14,S05,FROST-S05,3.6
2026-07-19 00:14,S06,FROST-S06,3.5
2026-07-19 00:14,S07,FROST-S07,3.3
2026-07-19 00:14,S08,FROST-S08,3.7
2026-07-19 00:14,S09,FROST-S09,3.3
2026-07-19 00:14,S10,FROST-S10,3.5
2026-07-19 00:14,S11,FROST-S11,3.8
2026-07-19 00:14,S12,FROST-S12,3.6
2026-07-19 00:44,S01,FROST-S01,3.2
2026-07-19 00:44,S02,FROST-S02,3.3
2026-07-19 00:44,S03,FROST-S03,3.3
2026-07-19 00:44,S04,FROST-S04,3.4
2026-07-19 00:44,S05,FROST-S05,3.4
2026-07-19 00:44,S06,FROST-S06,3.3
2026-07-19 00:44,S07,FROST-S07,3.6
2026-07-19 00:44,S08,FROST-S08,3.6
2026-07-19 00:44,S09,FROST-S09,3.5
2026-07-19 00:44,S10,FROST-S10,3.5
2026-07-19 00:44,S11,FROST-S11,3.3
2026-07-19 00:44,S12,FROST-S12,3.8
2026-07-19 01:14,S01,FROST-S01,3.5
2026-07-19 01:14,S02,FROST-S02,3.4
2026-07-19 01:14,S03,FROST-S03,3.5
2026-07-19 01:14,S04,FROST-S04,3.2
2026-07-19 01:14,S05,FROST-S05,3.6
2026-07-19 01:14,S06,FROST-S06,3.3
2026-07-19 01:14,S07,FROST-S07,3.3
2026-07-19 01:14,S08,FROST-S08,3.5
2026-07-19 01:14,S09,FROST-S09,3.2
2026-07-19 01:14,S10,FROST-S10,3.4
2026-07-19 01:14,S11,FROST-S11,3.4
2026-07-19 01:14,S12,FROST-S12,3.6
2026-07-19 01:44,S01,FROST-S01,3.2
2026-07-19 01:44,S02,FROST-S02,3.4
2026-07-19 01:44,S03,FROST-S03,3.5
2026-07-19 01:44,S04,FROST-S04,3.7
2026-07-19 01:44,S05,FROST-S05,3.3
2026-07-19 01:44,S06,FROST-S06,3.7
2026-07-19 01:44,S07,FROST-S07,3.8
2026-07-19 01:44,S08,FROST-S08,3.3
2026-07-19 01:44,S09,FROST-S09,3.6
2026-07-19 01:44,S10,FROST-S10,3.2
2026-07-19 01:44,S11,FROST-S11,3.8
2026-07-19 01:44,S12,FROST-S12,3.7
2026-07-19 02:14,S01,FROST-S01,3.4
2026-07-19 02:14,S02,FROST-S02,3.6
2026-07-19 02:14,S03,FROST-S03,3.3
2026-07-19 02:14,S04,FROST-S04,3.6
2026-07-19 02:14,S05,FROST-S05,3.7
2026-07-19 02:14,S06,FROST-S06,3.2
2026-07-19 02:14,S07,FROST-S07,3.6
2026-07-19 02:14,S08,FROST-S08,3.8
2026-07-19 02:14,S09,FROST-S09,3.3
2026-07-19 02:14,S10,FROST-S10,3.6
2026-07-19 02:14,S11,FROST-S11,3.5
2026-07-19 02:14,S12,FROST-S12,3.5
2026-07-19 02:44,S01,FROST-S01,3.3
2026-07-19 02:44,S02,FROST-S02,3.6
2026-07-19 02:44,S03,FROST-S03,3.2
2026-07-19 02:44,S04,FROST-S04,3.3
2026-07-19 02:44,S05,FROST-S05,3.6
2026-07-19 02:44,S06,FROST-S06,3.6
2026-07-19 02:44,S07,FROST-S07,3.7
2026-07-19 02:44,S08,FROST-S08,3.4
2026-07-19 02:44,S09,FROST-S09,3.8
2026-07-19 02:44,S10,FROST-S10,3.4
2026-07-19 02:44,S11,FROST-S11,3.5
2026-07-19 02:44,S12,FROST-S12,3.6
2026-07-19 03:14,S01,FROST-S01,3.6
2026-07-19 03:14,S02,FROST-S02,3.7
2026-07-19 03:14,S03,FROST-S03,3.2
2026-07-19 03:14,S04,FROST-S04,3.7
2026-07-19 03:14,S05,FROST-S05,3.8
2026-07-19 03:14,S06,FROST-S06,3.2
2026-07-19 03:14,S07,FROST-S07,3.8
2026-07-19 03:14,S08,FROST-S08,3.5
2026-07-19 03:14,S09,FROST-S09,3.2
2026-07-19 03:14,S10,FROST-S10,3.4
2026-07-19 03:14,S11,FROST-S11,3.7
2026-07-19 03:14,S12,FROST-S12,3.4
2026-07-19 03:44,S01,FROST-S01,3.7
2026-07-19 03:44,S02,FROST-S02,3.5
2026-07-19 03:44,S03,FROST-S03,3.8
2026-07-19 03:44,S04,FROST-S04,3.3
2026-07-19 03:44,S05,FROST-S05,3.4
2026-07-19 03:44,S06,FROST-S06,3.7
2026-07-19 03:44,S07,FROST-S07,3.2
2026-07-19 03:44,S08,FROST-S08,3.3
2026-07-19 03:44,S09,FROST-S09,3.6
2026-07-19 03:44,S10,FROST-S10,3.2
2026-07-19 03:44,S11,FROST-S11,3.5
2026-07-19 03:44,S12,FROST-S12,3.7
2026-07-19 04:14,S01,FROST-S01,3.4
2026-07-19 04:14,S02,FROST-S02,3.7
2026-07-19 04:14,S03,FROST-S03,3.6
2026-07-19 04:14,S04,FROST-S04,3.3
2026-07-19 04:14,S05,FROST-S05,3.2
2026-07-19 04:14,S06,FROST-S06,3.7
2026-07-19 04:14,S07,FROST-S07,3.2
2026-07-19 04:14,S08,FROST-S08,3.7
2026-07-19 04:14,S09,FROST-S09,3.6
2026-07-19 04:14,S10,FROST-S10,3.5
2026-07-19 04:14,S11,FROST-S11,3.7
2026-07-19 04:14,S12,FROST-S12,3.5
2026-07-19 04:44,S01,FROST-S01,3.6
2026-07-19 04:44,S02,FROST-S02,3.7
2026-07-19 04:44,S03,FROST-S03,3.2
2026-07-19 04:44,S04,FROST-S04,3.7
2026-07-19 04:44,S05,FROST-S05,3.7
2026-07-19 04:44,S06,FROST-S06,3.7
2026-07-19 04:44,S07,FROST-S07,3.7
2026-07-19 04:44,S08,FROST-S08,3.5
2026-07-19 04:44,S09,FROST-S09,3.7
2026-07-19 04:44,S10,FROST-S10,3.5
2026-07-19 04:44,S11,FROST-S11,3.5
2026-07-19 04:44,S12,FROST-S12,3.2
2026-07-19 05:14,S01,FROST-S01,3.6
2026-07-19 05:14,S02,FROST-S02,3.8
2026-07-19 05:14,S03,FROST-S03,3.5
2026-07-19 05:14,S04,FROST-S04,3.3
2026-07-19 05:14,S05,FROST-S05,3.4
2026-07-19 05:14,S06,FROST-S06,3.5
2026-07-19 05:14,S07,FROST-S07,3.3
2026-07-19 05:14,S08,FROST-S08,3.3
2026-07-19 05:14,S09,FROST-S09,3.7
2026-07-19 05:14,S10,FROST-S10,3.3
2026-07-19 05:14,S11,FROST-S11,3.4
2026-07-19 05:14,S12,FROST-S12,3.7
2026-07-19 05:44,S01,FROST-S01,3.5
2026-07-19 05:44,S02,FROST-S02,3.5
2026-07-19 05:44,S03,FROST-S03,3.6
2026-07-19 05:44,S04,FROST-S04,3.5
2026-07-19 05:44,S05,FROST-S05,3.7
2026-07-19 05:44,S06,FROST-S06,3.8
2026-07-19 05:44,S07,FROST-S07,3.4
2026-07-19 05:44,S08,FROST-S08,3.7
2026-07-19 05:44,S09,FROST-S09,3.6
2026-07-19 05:44,S10,FROST-S10,3.5
2026-07-19 05:44,S11,FROST-S11,3.2
2026-07-19 05:44,S12,FROST-S12,3.8
2026-07-19 06:14,S01,FROST-S01,3.7
2026-07-19 06:14,S02,FROST-S02,3.6
2026-07-19 06:14,S03,FROST-S03,3.3
2026-07-19 06:14,S04,FROST-S04,3.7
2026-07-19 06:14,S05,FROST-S05,3.7
2026-07-19 06:14,S06,FROST-S06,3.6
2026-07-19 06:14,S07,FROST-S07,3.7
2026-07-19 06:14,S08,FROST-S08,3.5
2026-07-19 06:14,S09,FROST-S09,3.7
2026-07-19 06:14,S10,FROST-S10,3.3
2026-07-19 06:14,S11,FROST-S11,3.5
2026-07-19 06:14,S12,FROST-S12,3.6
2026-07-19 06:44,S01,FROST-S01,3.2
2026-07-19 06:44,S02,FROST-S02,3.7
2026-07-19 06:44,S03,FROST-S03,3.2
2026-07-19 06:44,S04,FROST-S04,3.5
2026-07-19 06:44,S05,FROST-S05,3.3
2026-07-19 06:44,S06,FROST-S06,3.6
2026-07-19 06:44,S07,FROST-S07,3.6
2026-07-19 06:44,S08,FROST-S08,3.5
2026-07-19 06:44,S09,FROST-S09,3.4
2026-07-19 06:44,S10,FROST-S10,3.4
2026-07-19 06:44,S11,FROST-S11,3.5
2026-07-19 06:44,S12,FROST-S12,3.3
2026-07-19 07:14,S01,FROST-S01,3.6
2026-07-19 07:14,S02,FROST-S02,3.4
2026-07-19 07:14,S03,FROST-S03,3.5
2026-07-19 07:14,S04,FROST-S04,3.4
2026-07-19 07:14,S05,FROST-S05,3.3
2026-07-19 07:14,S06,FROST-S06,3.4
2026-07-19 07:14,S07,FROST-S07,3.5
2026-07-19 07:14,S08,FROST-S08,3.8
2026-07-19 07:14,S09,FROST-S09,3.2
2026-07-19 07:14,S10,FROST-S10,3.7
2026-07-19 07:14,S11,FROST-S11,3.5
2026-07-19 07:14,S12,FROST-S12,3.6
2026-07-19 07:44,S01,FROST-S01,3.4
2026-07-19 07:44,S02,FROST-S02,3.5
2026-07-19 07:44,S03,FROST-S03,3.8
2026-07-19 07:44,S04,FROST-S04,3.3
2026-07-19 07:44,S05,FROST-S05,3.6
2026-07-19 07:44,S06,FROST-S06,3.2
2026-07-19 07:44,S07,FROST-S07,3.2
2026-07-19 07:44,S08,FROST-S08,3.6
2026-07-19 07:44,S09,FROST-S09,3.2
2026-07-19 07:44,S10,FROST-S10,3.5
2026-07-19 07:44,S11,FROST-S11,3.4
2026-07-19 07:44,S12,FROST-S12,3.3
2026-07-19 08:14,S01,FROST-S01,3.7
2026-07-19 08:14,S02,FROST-S02,3.8
2026-07-19 08:14,S03,FROST-S03,3.2
2026-07-19 08:14,S04,FROST-S04,3.5
2026-07-19 08:14,S05,FROST-S05,3.8
2026-07-19 08:14,S06,FROST-S06,3.2
2026-07-19 08:14,S07,FROST-S07,3.7
2026-07-19 08:14,S08,FROST-S08,3.6
2026-07-19 08:14,S09,FROST-S09,3.3
2026-07-19 08:14,S10,FROST-S10,3.4
2026-07-19 08:14,S11,FROST-S11,3.6
2026-07-19 08:14,S12,FROST-S12,3.3
2026-07-19 08:44,S01,FROST-S01,3.5
2026-07-19 08:44,S02,FROST-S02,3.6
2026-07-19 08:44,S03,FROST-S03,3.4
2026-07-19 08:44,S04,FROST-S04,3.7
2026-07-19 08:44,S05,FROST-S05,3.3
2026-07-19 08:44,S06,FROST-S06,3.8
2026-07-19 08:44,S07,FROST-S07,3.6
2026-07-19 08:44,S08,FROST-S08,3.4
2026-07-19 08:44,S09,FROST-S09,3.6
2026-07-19 08:44,S10,FROST-S10,3.5
2026-07-19 08:44,S11,FROST-S11,3.7
2026-07-19 08:44,S12,FROST-S12,3.6
2026-07-19 09:14,S01,FROST-S01,3.7
2026-07-19 09:14,S02,FROST-S02,3.4
2026-07-19 09:14,S03,FROST-S03,3.7
2026-07-19 09:14,S04,FROST-S04,3.6
2026-07-19 09:14,S05,FROST-S05,3.6
2026-07-19 09:14,S06,FROST-S06,3.6
2026-07-19 09:14,S07,FROST-S07,3.7
2026-07-19 09:14,S08,FROST-S08,3.4
2026-07-19 09:14,S09,FROST-S09,3.7
2026-07-19 09:14,S10,FROST-S10,3.4
2026-07-19 09:14,S11,FROST-S11,3.4
2026-07-19 09:14,S12,FROST-S12,3.6
2026-07-19 09:44,S01,FROST-S01,3.4
2026-07-19 09:44,S02,FROST-S02,3.7
2026-07-19 09:44,S03,FROST-S03,3.5
2026-07-19 09:44,S04,FROST-S04,3.5
2026-07-19 09:44,S05,FROST-S05,3.8
2026-07-19 09:44,S06,FROST-S06,3.6
2026-07-19 09:44,S07,FROST-S07,3.6
2026-07-19 09:44,S08,FROST-S08,3.8
2026-07-19 09:44,S09,FROST-S09,3.5
2026-07-19 09:44,S10,FROST-S10,3.2
2026-07-19 09:44,S11,FROST-S11,3.2
2026-07-19 09:44,S12,FROST-S12,3.6
2026-07-19 10:14,S01,FROST-S01,3.3
2026-07-19 10:14,S02,FROST-S02,3.6
2026-07-19 10:14,S03,FROST-S03,3.6
2026-07-19 10:14,S04,FROST-S04,3.4
2026-07-19 10:14,S05,FROST-S05,3.6
2026-07-19 10:14,S06,FROST-S06,3.2
2026-07-19 10:14,S07,FROST-S07,3.5
2026-07-19 10:14,S08,FROST-S08,3.7
2026-07-19 10:14,S09,FROST-S09,3.5
2026-07-19 10:14,S10,FROST-S10,3.5
2026-07-19 10:14,S11,FROST-S11,3.3
2026-07-19 10:14,S12,FROST-S12,3.4
2026-07-19 10:44,S01,FROST-S01,3.7
2026-07-19 10:44,S02,FROST-S02,3.3
2026-07-19 10:44,S03,FROST-S03,3.4
2026-07-19 10:44,S04,FROST-S04,3.3
2026-07-19 10:44,S05,FROST-S05,3.2
2026-07-19 10:44,S06,FROST-S06,3.2
2026-07-19 10:44,S07,FROST-S07,3.8
2026-07-19 10:44,S08,FROST-S08,3.4
2026-07-19 10:44,S09,FROST-S09,3.8
2026-07-19 10:44,S10,FROST-S10,3.2
2026-07-19 10:44,S11,FROST-S11,3.4
2026-07-19 10:44,S12,FROST-S12,3.3
2026-07-19 11:14,S01,FROST-S01,3.3
2026-07-19 11:14,S02,FROST-S02,3.6
2026-07-19 11:14,S03,FROST-S03,3.7
2026-07-19 11:14,S04,FROST-S04,3.5
2026-07-19 11:14,S05,FROST-S05,3.3
2026-07-19 11:14,S06,FROST-S06,3.7
2026-07-19 11:14,S07,FROST-S07,3.2
2026-07-19 11:14,S08,FROST-S08,3.3
2026-07-19 11:14,S09,FROST-S09,3.3
2026-07-19 11:14,S10,FROST-S10,3.5
2026-07-19 11:14,S11,FROST-S11,3.8
2026-07-19 11:14,S12,FROST-S12,3.6
2026-07-19 11:44,S01,FROST-S01,3.5
2026-07-19 11:44,S02,FROST-S02,3.5
2026-07-19 11:44,S03,FROST-S03,3.3
2026-07-19 11:44,S04,FROST-S04,3.8
2026-07-19 11:44,S05,FROST-S05,3.2
2026-07-19 11:44,S06,FROST-S06,3.7
2026-07-19 11:44,S07,FROST-S07,3.7
2026-07-19 11:44,S08,FROST-S08,3.3
2026-07-19 11:44,S09,FROST-S09,3.6
2026-07-19 11:44,S10,FROST-S10,3.3
2026-07-19 11:44,S11,FROST-S11,3.6
2026-07-19 11:44,S12,FROST-S12,3.8
2026-07-19 12:14,S01,FROST-S01,3.6
2026-07-19 12:14,S02,FROST-S02,3.3
2026-07-19 12:14,S03,FROST-S03,3.5
2026-07-19 12:14,S04,FROST-S04,3.3
2026-07-19 12:14,S05,FROST-S05,3.7
2026-07-19 12:14,S06,FROST-S06,3.4
2026-07-19 12:14,S07,FROST-S07,3.4
2026-07-19 12:14,S08,FROST-S08,3.8
2026-07-19 12:14,S09,FROST-S09,3.3
2026-07-19 12:14,S10,FROST-S10,3.7
2026-07-19 12:14,S11,FROST-S11,3.2
2026-07-19 12:14,S12,FROST-S12,3.6
2026-07-19 12:44,S01,FROST-S01,3.4
2026-07-19 12:44,S02,FROST-S02,3.8
2026-07-19 12:44,S03,FROST-S03,3.4
2026-07-19 12:44,S04,FROST-S04,3.8
2026-07-19 12:44,S05,FROST-S05,3.3
2026-07-19 12:44,S06,FROST-S06,3.2
2026-07-19 12:44,S07,FROST-S07,3.5
2026-07-19 12:44,S08,FROST-S08,3.8
2026-07-19 12:44,S09,FROST-S09,3.4
2026-07-19 12:44,S10,FROST-S10,3.5
2026-07-19 12:44,S11,FROST-S11,3.4
2026-07-19 12:44,S12,FROST-S12,3.2
2026-07-19 13:14,S01,FROST-S01,3.4
2026-07-19 13:14,S02,FROST-S02,3.7
2026-07-19 13:14,S03,FROST-S03,3.8
2026-07-19 13:14,S04,FROST-S04,3.5
2026-07-19 13:14,S05,FROST-S05,3.8
2026-07-19 13:14,S06,FROST-S06,3.2
2026-07-19 13:14,S07,FROST-S07,3.3
2026-07-19 13:14,S08,FROST-S08,3.6
2026-07-19 13:14,S09,FROST-S09,3.4
2026-07-19 13:14,S10,FROST-S10,3.7
2026-07-19 13:14,S11,FROST-S11,3.4
2026-07-19 13:14,S12,FROST-S12,3.7
2026-07-19 13:44,S01,FROST-S01,3.4
2026-07-19 13:44,S02,FROST-S02,3.6
2026-07-19 13:44,S03,FROST-S03,3.3
2026-07-19 13:44,S04,FROST-S04,3.7
2026-07-19 13:44,S05,FROST-S05,3.3
2026-07-19 13:44,S06,FROST-S06,3.2
2026-07-19 13:44,S07,FROST-S07,3.6
2026-07-19 13:44,S08,FROST-S08,3.8
2026-07-19 13:44,S09,FROST-S09,3.3
2026-07-19 13:44,S10,FROST-S10,3.7
2026-07-19 13:44,S11,FROST-S11,3.3
2026-07-19 13:44,S12,FROST-S12,3.7
2026-07-19 14:14,S01,FROST-S01,3.2
2026-07-19 14:14,S02,FROST-S02,3.7
2026-07-19 14:14,S03,FROST-S03,3.5
2026-07-19 14:14,S04,FROST-S04,3.5
2026-07-19 14:14,S05,FROST-S05,3.4
2026-07-19 14:14,S06,FROST-S06,3.4
2026-07-19 14:14,S07,FROST-S07,3.6
2026-07-19 14:14,S08,FROST-S08,3.4
2026-07-19 14:14,S09,FROST-S09,3.6
2026-07-19 14:14,S10,FROST-S10,3.3
2026-07-19 14:14,S11,FROST-S11,3.3
2026-07-19 14:14,S12,FROST-S12,3.8
2026-07-19 14:44,S01,FROST-S01,3.3
2026-07-19 14:44,S02,FROST-S02,3.7
2026-07-19 14:44,S03,FROST-S03,3.8
2026-07-19 14:44,S04,FROST-S04,3.4
2026-07-19 14:44,S05,FROST-S05,3.4
2026-07-19 14:44,S06,FROST-S06,3.6
2026-07-19 14:44,S07,FROST-S07,3.8
2026-07-19 14:44,S08,FROST-S08,3.5
2026-07-19 14:44,S09,FROST-S09,3.5
2026-07-19 14:44,S10,FROST-S10,3.2
2026-07-19 14:44,S11,FROST-S11,3.5
2026-07-19 14:44,S12,FROST-S12,3.2
2026-07-19 15:14,S01,FROST-S01,3.5
2026-07-19 15:14,S02,FROST-S02,3.2
2026-07-19 15:14,S03,FROST-S03,3.8
2026-07-19 15:14,S04,FROST-S04,3.5
2026-07-19 15:14,S05,FROST-S05,3.8
2026-07-19 15:14,S06,FROST-S06,3.5
2026-07-19 15:14,S07,FROST-S07,3.3
2026-07-19 15:14,S08,FROST-S08,3.3
2026-07-19 15:14,S09,FROST-S09,3.7
2026-07-19 15:14,S10,FROST-S10,3.5
2026-07-19 15:14,S11,FROST-S11,3.5
2026-07-19 15:14,S12,FROST-S12,3.8
2026-07-19 15:44,S01,FROST-S01,3.6
2026-07-19 15:44,S02,FROST-S02,3.4
2026-07-19 15:44,S03,FROST-S03,3.4
2026-07-19 15:44,S04,FROST-S04,3.7
2026-07-19 15:44,S05,FROST-S05,3.3
2026-07-19 15:44,S06,FROST-S06,3.3
2026-07-19 15:44,S07,FROST-S07,3.3
2026-07-19 15:44,S08,FROST-S08,3.5
2026-07-19 15:44,S09,FROST-S09,3.8
2026-07-19 15:44,S10,FROST-S10,3.4
2026-07-19 15:44,S11,FROST-S11,3.4
2026-07-19 15:44,S12,FROST-S12,3.5
2026-07-19 16:14,S01,FROST-S01,3.4
2026-07-19 16:14,S02,FROST-S02,3.8
2026-07-19 16:14,S03,FROST-S03,3.6
2026-07-19 16:14,S04,FROST-S04,3.4
2026-07-19 16:14,S05,FROST-S05,3.5
2026-07-19 16:14,S06,FROST-S06,3.5
2026-07-19 16:14,S07,FROST-S07,3.7
2026-07-19 16:14,S08,FROST-S08,3.4
2026-07-19 16:14,S09,FROST-S09,3.3
2026-07-19 16:14,S10,FROST-S10,3.7
2026-07-19 16:14,S11,FROST-S11,3.4
2026-07-19 16:14,S12,FROST-S12,3.6
2026-07-19 16:44,S01,FROST-S01,3.5
2026-07-19 16:44,S02,FROST-S02,3.7
2026-07-19 16:44,S03,FROST-S03,3.6
2026-07-19 16:44,S04,FROST-S04,3.6
2026-07-19 16:44,S05,FROST-S05,3.6
2026-07-19 16:44,S06,FROST-S06,3.8
2026-07-19 16:44,S07,FROST-S07,3.4
2026-07-19 16:44,S08,FROST-S08,3.4
2026-07-19 16:44,S09,FROST-S09,3.3
2026-07-19 16:44,S10,FROST-S10,3.4
2026-07-19 16:44,S11,FROST-S11,3.4
2026-07-19 16:44,S12,FROST-S12,3.2
2026-07-19 17:14,S01,FROST-S01,3.4
2026-07-19 17:14,S02,FROST-S02,3.3
2026-07-19 17:14,S03,FROST-S03,3.6
2026-07-19 17:14,S04,FROST-S04,3.2
2026-07-19 17:14,S05,FROST-S05,3.3
2026-07-19 17:14,S06,FROST-S06,3.7
2026-07-19 17:14,S07,FROST-S07,3.8
2026-07-19 17:14,S08,FROST-S08,3.7
2026-07-19 17:14,S09,FROST-S09,3.5
2026-07-19 17:14,S10,FROST-S10,3.8
2026-07-19 17:14,S11,FROST-S11,3.2
2026-07-19 17:14,S12,FROST-S12,3.6
2026-07-19 17:44,S01,FROST-S01,3.5
2026-07-19 17:44,S02,FROST-S02,3.5
2026-07-19 17:44,S03,FROST-S03,3.6
2026-07-19 17:44,S04,FROST-S04,3.3
2026-07-19 17:44,S05,FROST-S05,3.7
2026-07-19 17:44,S06,FROST-S06,3.3
2026-07-19 17:44,S07,FROST-S07,3.7
2026-07-19 17:44,S08,FROST-S08,3.4
2026-07-19 17:44,S09,FROST-S09,3.7
2026-07-19 17:44,S10,FROST-S10,3.7
2026-07-19 17:44,S11,FROST-S11,3.4
2026-07-19 17:44,S12,FROST-S12,3.6
2026-07-19 18:14,S01,FROST-S01,3.6
2026-07-19 18:14,S02,FROST-S02,3.6
2026-07-19 18:14,S03,FROST-S03,3.5
2026-07-19 18:14,S04,FROST-S04,3.6
2026-07-19 18:14,S05,FROST-S05,3.3
2026-07-19 18:14,S06,FROST-S06,3.8
2026-07-19 18:14,S07,FROST-S07,3.5
2026-07-19 18:14,S08,FROST-S08,3.3
2026-07-19 18:14,S09,FROST-S09,3.4
2026-07-19 18:14,S10,FROST-S10,3.4
2026-07-19 18:14,S11,FROST-S11,3.4
2026-07-19 18:14,S12,FROST-S12,3.8
2026-07-19 18:44,S01,FROST-S01,3.7
2026-07-19 18:44,S02,FROST-S02,3.5
2026-07-19 18:44,S03,FROST-S03,3.4
2026-07-19 18:44,S04,FROST-S04,3.3
2026-07-19 18:44,S05,FROST-S05,3.3
2026-07-19 18:44,S06,FROST-S06,3.7
2026-07-19 18:44,S07,FROST-S07,3.7
2026-07-19 18:44,S08,FROST-S08,3.7
2026-07-19 18:44,S09,FROST-S09,3.7
2026-07-19 18:44,S10,FROST-S10,3.2
2026-07-19 18:44,S11,FROST-S11,3.6
2026-07-19 18:44,S12,FROST-S12,3.3
2026-07-19 19:14,S01,FROST-S01,3.8
2026-07-19 19:14,S02,FROST-S02,3.3
2026-07-19 19:14,S03,FROST-S03,3.5
2026-07-19 19:14,S04,FROST-S04,3.3
2026-07-19 19:14,S05,FROST-S05,3.5
2026-07-19 19:14,S06,FROST-S06,3.5
2026-07-19 19:14,S07,FROST-S07,3.6
2026-07-19 19:14,S08,FROST-S08,3.5
2026-07-19 19:14,S09,FROST-S09,3.2
2026-07-19 19:14,S10,FROST-S10,3.7
2026-07-19 19:14,S11,FROST-S11,3.6
2026-07-19 19:14,S12,FROST-S12,3.8
2026-07-19 19:44,S01,FROST-S01,3.4
2026-07-19 19:44,S02,FROST-S02,3.5
2026-07-19 19:44,S03,FROST-S03,3.7
2026-07-19 19:44,S04,FROST-S04,3.4
2026-07-19 19:44,S05,FROST-S05,3.6
2026-07-19 19:44,S06,FROST-S06,3.8
2026-07-19 19:44,S07,FROST-S07,3.6
2026-07-19 19:44,S08,FROST-S08,3.7
2026-07-19 19:44,S09,FROST-S09,3.7
2026-07-19 19:44,S10,FROST-S10,3.7
2026-07-19 19:44,S11,FROST-S11,3.7
2026-07-19 19:44,S12,FROST-S12,3.5
2026-07-19 20:14,S01,FROST-S01,3.5
2026-07-19 20:14,S02,FROST-S02,3.8
2026-07-19 20:14,S03,FROST-S03,3.3
2026-07-19 20:14,S04,FROST-S04,3.6
2026-07-19 20:14,S05,FROST-S05,3.5
2026-07-19 20:14,S06,FROST-S06,3.2
2026-07-19 20:14,S07,FROST-S07,3.5
2026-07-19 20:14,S08,FROST-S08,3.7
2026-07-19 20:14,S09,FROST-S09,3.6
2026-07-19 20:14,S10,FROST-S10,3.2
2026-07-19 20:14,S11,FROST-S11,3.7
2026-07-19 20:14,S12,FROST-S12,3.7
2026-07-19 20:44,S01,FROST-S01,3.5
2026-07-19 20:44,S02,FROST-S02,3.5
2026-07-19 20:44,S03,FROST-S03,3.4
2026-07-19 20:44,S04,FROST-S04,3.3
2026-07-19 20:44,S05,FROST-S05,3.4
2026-07-19 20:44,S06,FROST-S06,3.7
2026-07-19 20:44,S07,FROST-S07,3.4
2026-07-19 20:44,S08,FROST-S08,3.2
2026-07-19 20:44,S09,FROST-S09,3.7
2026-07-19 20:44,S10,FROST-S10,3.3
2026-07-19 20:44,S11,FROST-S11,3.6
2026-07-19 20:44,S12,FROST-S12,3.2
2026-07-19 21:14,S01,FROST-S01,3.4
2026-07-19 21:14,S02,FROST-S02,3.8
2026-07-19 21:14,S03,FROST-S03,3.3
2026-07-19 21:14,S04,FROST-S04,3.8
2026-07-19 21:14,S05,FROST-S05,3.5
2026-07-19 21:14,S06,FROST-S06,3.7
2026-07-19 21:14,S07,FROST-S07,3.5
2026-07-19 21:14,S08,FROST-S08,3.7
2026-07-19 21:14,S09,FROST-S09,3.6
2026-07-19 21:14,S10,FROST-S10,3.6
2026-07-19 21:14,S11,FROST-S11,3.8
2026-07-19 21:14,S12,FROST-S12,3.7
2026-07-19 21:44,S01,FROST-S01,3.8
2026-07-19 21:44,S02,FROST-S02,3.3
2026-07-19 21:44,S03,FROST-S03,3.6
2026-07-19 21:44,S04,FROST-S04,3.5
2026-07-19 21:44,S05,FROST-S05,3.5
2026-07-19 21:44,S06,FROST-S06,3.7
2026-07-19 21:44,S07,FROST-S07,3.8
2026-07-19 21:44,S08,FROST-S08,3.2
2026-07-19 21:44,S09,FROST-S09,3.7
2026-07-19 21:44,S10,FROST-S10,3.7
2026-07-19 21:44,S11,FROST-S11,3.7
2026-07-19 21:44,S12,FROST-S12,3.8
2026-07-19 22:14,S01,FROST-S01,3.7
2026-07-19 22:14,S02,FROST-S02,3.7
2026-07-19 22:14,S03,FROST-S03,3.3
2026-07-19 22:14,S04,FROST-S04,3.3
2026-07-19 22:14,S05,FROST-S05,3.6
2026-07-19 22:14,S06,FROST-S06,3.6
2026-07-19 22:14,S07,FROST-S07,3.4
2026-07-19 22:14,S08,FROST-S08,3.5
2026-07-19 22:14,S09,FROST-S09,3.3
2026-07-19 22:14,S10,FROST-S10,3.7
2026-07-19 22:14,S11,FROST-S11,3.2
2026-07-19 22:14,S12,FROST-S12,3.7
2026-07-19 22:44,S01,FROST-S01,3.4
2026-07-19 22:44,S02,FROST-S02,3.5
2026-07-19 22:44,S03,FROST-S03,3.5
2026-07-19 22:44,S04,FROST-S04,3.7
2026-07-19 22:44,S05,FROST-S05,3.6
2026-07-19 22:44,S06,FROST-S06,3.6
2026-07-19 22:44,S07,FROST-S07,3.4
2026-07-19 22:44,S08,FROST-S08,3.2
2026-07-19 22:44,S09,FROST-S09,3.3
2026-07-19 22:44,S10,FROST-S10,3.2
2026-07-19 22:44,S11,FROST-S11,3.5
2026-07-19 22:44,S12,FROST-S12,3.2
2026-07-19 23:14,S01,FROST-S01,3.3
2026-07-19 23:14,S02,FROST-S02,3.6
2026-07-19 23:14,S03,FROST-S03,3.4
2026-07-19 23:14,S04,FROST-S04,3.5
2026-07-19 23:14,S05,FROST-S05,3.5
2026-07-19 23:14,S06,FROST-S06,3.6
2026-07-19 23:14,S07,FROST-S07,3.5
2026-07-19 23:14,S08,FROST-S08,3.7
2026-07-19 23:14,S09,FROST-S09,3.3
2026-07-19 23:14,S10,FROST-S10,3.5
2026-07-19 23:14,S11,FROST-S11,3.4
2026-07-19 23:14,S12,FROST-S12,3.7
2026-07-19 23:44,S01,FROST-S01,3.8
2026-07-19 23:44,S02,FROST-S02,3.6
2026-07-19 23:44,S03,FROST-S03,3.3
2026-07-19 23:44,S04,FROST-S04,3.4
2026-07-19 23:44,S05,FROST-S05,3.5
2026-07-19 23:44,S06,FROST-S06,3.4
2026-07-19 23:44,S07,FROST-S07,3.2
2026-07-19 23:44,S08,FROST-S08,3.3
2026-07-19 23:44,S09,FROST-S09,3.5
2026-07-19 23:44,S10,FROST-S10,3.6
2026-07-19 23:44,S11,FROST-S11,3.4
2026-07-19 23:44,S12,FROST-S12,3.6
2026-07-20 00:14,S01,FROST-S01,3.4
2026-07-20 00:14,S02,FROST-S02,3.4
2026-07-20 00:14,S03,FROST-S03,3.5
2026-07-20 00:14,S04,FROST-S04,3.3
2026-07-20 00:14,S05,FROST-S05,3.6
2026-07-20 00:14,S06,FROST-S06,3.8
2026-07-20 00:14,S07,FROST-S07,3.7
2026-07-20 00:14,S08,FROST-S08,3.3
2026-07-20 00:14,S09,FROST-S09,3.7
2026-07-20 00:14,S10,FROST-S10,3.7
2026-07-20 00:14,S11,FROST-S11,3.7
2026-07-20 00:14,S12,FROST-S12,3.2
2026-07-20 00:44,S01,FROST-S01,3.8
2026-07-20 00:44,S02,FROST-S02,3.8
2026-07-20 00:44,S03,FROST-S03,3.7
2026-07-20 00:44,S04,FROST-S04,3.8
2026-07-20 00:44,S05,FROST-S05,3.5
2026-07-20 00:44,S06,FROST-S06,3.5
2026-07-20 00:44,S07,FROST-S07,3.4
2026-07-20 00:44,S08,FROST-S08,3.8
2026-07-20 00:44,S09,FROST-S09,3.4
2026-07-20 00:44,S10,FROST-S10,3.7
2026-07-20 00:44,S11,FROST-S11,3.6
2026-07-20 00:44,S12,FROST-S12,3.5
2026-07-20 01:14,S01,FROST-S01,3.7
2026-07-20 01:14,S02,FROST-S02,3.8
2026-07-20 01:14,S03,FROST-S03,3.4
2026-07-20 01:14,S04,FROST-S04,3.4
2026-07-20 01:14,S05,FROST-S05,3.5
2026-07-20 01:14,S06,FROST-S06,3.3
2026-07-20 01:14,S07,FROST-S07,3.6
2026-07-20 01:14,S08,FROST-S08,3.6
2026-07-20 01:14,S09,FROST-S09,3.7
2026-07-20 01:14,S10,FROST-S10,3.3
2026-07-20 01:14,S11,FROST-S11,3.3
2026-07-20 01:14,S12,FROST-S12,3.7
2026-07-20 01:44,S01,FROST-S01,3.2
2026-07-20 01:44,S02,FROST-S02,3.3
2026-07-20 01:44,S03,FROST-S03,3.4
2026-07-20 01:44,S04,FROST-S04,3.7
2026-07-20 01:44,S05,FROST-S05,3.4
2026-07-20 01:44,S06,FROST-S06,3.3
2026-07-20 01:44,S07,FROST-S07,3.6
2026-07-20 01:44,S08,FROST-S08,3.5
2026-07-20 01:44,S09,FROST-S09,3.4
2026-07-20 01:44,S10,FROST-S10,3.5
2026-07-20 01:44,S11,FROST-S11,3.5
2026-07-20 01:44,S12,FROST-S12,3.6
2026-07-20 02:14,S01,FROST-S01,3.2
2026-07-20 02:14,S02,FROST-S02,3.6
2026-07-20 02:14,S03,FROST-S03,3.4
2026-07-20 02:14,S04,FROST-S04,3.6
2026-07-20 02:14,S05,FROST-S05,3.3
2026-07-20 02:14,S06,FROST-S06,3.6
2026-07-20 02:14,S07,FROST-S07,3.6
2026-07-20 02:14,S08,FROST-S08,3.7
2026-07-20 02:14,S09,FROST-S09,3.8
2026-07-20 02:14,S10,FROST-S10,3.5
2026-07-20 02:14,S11,FROST-S11,3.3
2026-07-20 02:14,S12,FROST-S12,3.3
2026-07-20 02:44,S01,FROST-S01,3.5
2026-07-20 02:44,S02,FROST-S02,3.2
2026-07-20 02:44,S03,FROST-S03,3.3
2026-07-20 02:44,S04,FROST-S04,3.4
2026-07-20 02:44,S05,FROST-S05,3.7
2026-07-20 02:44,S06,FROST-S06,3.3
2026-07-20 02:44,S07,FROST-S07,3.3
2026-07-20 02:44,S08,FROST-S08,3.6
2026-07-20 02:44,S09,FROST-S09,3.6
2026-07-20 02:44,S10,FROST-S10,3.8
2026-07-20 02:44,S11,FROST-S11,3.8
2026-07-20 02:44,S12,FROST-S12,3.6
2026-07-20 03:14,S01,FROST-S01,3.5
2026-07-20 03:14,S02,FROST-S02,3.5
2026-07-20 03:14,S03,FROST-S03,3.6
2026-07-20 03:14,S04,FROST-S04,3.8
2026-07-20 03:14,S05,FROST-S05,3.3
2026-07-20 03:14,S06,FROST-S06,3.8
2026-07-20 03:14,S07,FROST-S07,3.8
2026-07-20 03:14,S08,FROST-S08,3.7
2026-07-20 03:14,S09,FROST-S09,3.3
2026-07-20 03:14,S10,FROST-S10,3.5
2026-07-20 03:14,S11,FROST-S11,3.3
2026-07-20 03:14,S12,FROST-S12,3.5
2026-07-20 03:44,S01,FROST-S01,3.2
2026-07-20 03:44,S02,FROST-S02,3.8
2026-07-20 03:44,S03,FROST-S03,3.5
2026-07-20 03:44,S04,FROST-S04,3.5
2026-07-20 03:44,S05,FROST-S05,3.4
2026-07-20 03:44,S06,FROST-S06,3.7
2026-07-20 03:44,S07,FROST-S07,3.3
2026-07-20 03:44,S08,FROST-S08,3.4
2026-07-20 03:44,S09,FROST-S09,3.7
2026-07-20 03:44,S10,FROST-S10,3.4
2026-07-20 03:44,S11,FROST-S11,3.5
2026-07-20 03:44,S12,FROST-S12,3.7
2026-07-20 04:14,S01,FROST-S01,3.6
2026-07-20 04:14,S02,FROST-S02,3.4
2026-07-20 04:14,S03,FROST-S03,3.8
2026-07-20 04:14,S04,FROST-S04,3.7
2026-07-20 04:14,S05,FROST-S05,3.4
2026-07-20 04:14,S06,FROST-S06,3.3
2026-07-20 04:14,S07,FROST-S07,3.2
2026-07-20 04:14,S08,FROST-S08,3.6
2026-07-20 04:14,S09,FROST-S09,3.3
2026-07-20 04:14,S10,FROST-S10,3.3
2026-07-20 04:14,S11,FROST-S11,3.6
2026-07-20 04:14,S12,FROST-S12,3.7
2026-07-20 04:44,S01,FROST-S01,3.5
2026-07-20 04:44,S02,FROST-S02,3.6
2026-07-20 04:44,S03,FROST-S03,3.5
2026-07-20 04:44,S04,FROST-S04,3.5
2026-07-20 04:44,S05,FROST-S05,3.5
2026-07-20 04:44,S06,FROST-S06,3.2
2026-07-20 04:44,S07,FROST-S07,3.5
2026-07-20 04:44,S08,FROST-S08,3.6
2026-07-20 04:44,S09,FROST-S09,3.8
2026-07-20 04:44,S10,FROST-S10,3.4
2026-07-20 04:44,S11,FROST-S11,3.5
2026-07-20 04:44,S12,FROST-S12,3.6
2026-07-20 05:14,S01,FROST-S01,3.7
2026-07-20 05:14,S02,FROST-S02,3.6
2026-07-20 05:14,S03,FROST-S03,3.3
2026-07-20 05:14,S04,FROST-S04,3.6
2026-07-20 05:14,S05,FROST-S05,3.2
2026-07-20 05:14,S06,FROST-S06,3.2
2026-07-20 05:14,S07,FROST-S07,3.3
2026-07-20 05:14,S08,FROST-S08,3.4
2026-07-20 05:14,S09,FROST-S09,3.6
2026-07-20 05:14,S10,FROST-S10,3.7
2026-07-20 05:14,S11,FROST-S11,3.3
2026-07-20 05:14,S12,FROST-S12,3.2
2026-07-20 05:44,S01,FROST-S01,3.3
2026-07-20 05:44,S02,FROST-S02,3.5
2026-07-20 05:44,S03,FROST-S03,3.5
2026-07-20 05:44,S04,FROST-S04,3.5
2026-07-20 05:44,S05,FROST-S05,3.6
2026-07-20 05:44,S06,FROST-S06,3.4
2026-07-20 05:44,S07,FROST-S07,3.3
2026-07-20 05:44,S08,FROST-S08,3.7
2026-07-20 05:44,S09,FROST-S09,3.6
2026-07-20 05:44,S10,FROST-S10,3.4
2026-07-20 05:44,S11,FROST-S11,3.3
2026-07-20 05:44,S12,FROST-S12,3.3
2026-07-20 06:14,S01,FROST-S01,3.3
2026-07-20 06:14,S02,FROST-S02,3.6
2026-07-20 06:14,S03,FROST-S03,3.3
2026-07-20 06:14,S04,FROST-S04,3.3
2026-07-20 06:14,S05,FROST-S05,3.7
2026-07-20 06:14,S06,FROST-S06,3.5
2026-07-20 06:14,S07,FROST-S07,3.5
2026-07-20 06:14,S08,FROST-S08,3.3
2026-07-20 06:14,S09,FROST-S09,3.5
2026-07-20 06:14,S10,FROST-S10,3.4
2026-07-20 06:14,S11,FROST-S11,3.6
2026-07-20 06:14,S12,FROST-S12,3.2
2026-07-20 06:44,S01,FROST-S01,3.8
2026-07-20 06:44,S02,FROST-S02,3.6
2026-07-20 06:44,S03,FROST-S03,3.5
2026-07-20 06:44,S04,FROST-S04,3.7
2026-07-20 06:44,S05,FROST-S05,3.3
2026-07-20 06:44,S06,FROST-S06,3.3
2026-07-20 06:44,S07,FROST-S07,3.8
2026-07-20 06:44,S08,FROST-S08,3.5
2026-07-20 06:44,S09,FROST-S09,3.5
2026-07-20 06:44,S10,FROST-S10,3.2
2026-07-20 06:44,S11,FROST-S11,3.6
2026-07-20 06:44,S12,FROST-S12,3.3
2026-07-20 07:14,S01,FROST-S01,3.3
2026-07-20 07:14,S02,FROST-S02,3.7
2026-07-20 07:14,S03,FROST-S03,3.6
2026-07-20 07:14,S04,FROST-S04,3.5
2026-07-20 07:14,S05,FROST-S05,3.5
2026-07-20 07:14,S06,FROST-S06,3.5
2026-07-20 07:14,S07,FROST-S07,3.4
2026-07-20 07:14,S08,FROST-S08,3.7
2026-07-20 07:14,S09,FROST-S09,3.2
2026-07-20 07:14,S10,FROST-S10,3.6
2026-07-20 07:14,S11,FROST-S11,3.6
2026-07-20 07:14,S12,FROST-S12,3.5
2026-07-20 07:44,S01,FROST-S01,3.7
2026-07-20 07:44,S02,FROST-S02,3.6
2026-07-20 07:44,S03,FROST-S03,3.7
2026-07-20 07:44,S04,FROST-S04,3.7
2026-07-20 07:44,S05,FROST-S05,3.3
2026-07-20 07:44,S06,FROST-S06,3.6
2026-07-20 07:44,S07,FROST-S07,3.7
2026-07-20 07:44,S08,FROST-S08,3.4
2026-07-20 07:44,S09,FROST-S09,3.7
2026-07-20 07:44,S10,FROST-S10,3.2
2026-07-20 07:44,S11,FROST-S11,3.4
2026-07-20 07:44,S12,FROST-S12,3.6
2026-07-20 08:14,S01,FROST-S01,3.6
2026-07-20 08:14,S02,FROST-S02,3.3
2026-07-20 08:14,S03,FROST-S03,3.6
2026-07-20 08:14,S04,FROST-S04,3.5
2026-07-20 08:14,S05,FROST-S05,3.3
2026-07-20 08:14,S06,FROST-S06,3.6
2026-07-20 08:14,S07,FROST-S07,3.2
2026-07-20 08:14,S08,FROST-S08,3.8
2026-07-20 08:14,S09,FROST-S09,3.8
2026-07-20 08:14,S10,FROST-S10,3.4
2026-07-20 08:14,S11,FROST-S11,3.2
2026-07-20 08:14,S12,FROST-S12,3.5
2026-07-20 08:44,S01,FROST-S01,3.6
2026-07-20 08:44,S02,FROST-S02,3.6
2026-07-20 08:44,S03,FROST-S03,3.6
2026-07-20 08:44,S04,FROST-S04,3.4
2026-07-20 08:44,S05,FROST-S05,3.6
2026-07-20 08:44,S06,FROST-S06,3.5
2026-07-20 08:44,S07,FROST-S07,3.5
2026-07-20 08:44,S08,FROST-S08,3.6
2026-07-20 08:44,S09,FROST-S09,3.2
2026-07-20 08:44,S10,FROST-S10,3.8
2026-07-20 08:44,S11,FROST-S11,3.5
2026-07-20 08:44,S12,FROST-S12,3.7
2026-07-20 09:14,S01,FROST-S01,3.3
2026-07-20 09:14,S02,FROST-S02,3.4
2026-07-20 09:14,S03,FROST-S03,3.8
2026-07-20 09:14,S04,FROST-S04,3.7
2026-07-20 09:14,S05,FROST-S05,3.7
2026-07-20 09:14,S06,FROST-S06,3.4
2026-07-20 09:14,S07,FROST-S07,3.6
2026-07-20 09:14,S08,FROST-S08,3.7
2026-07-20 09:14,S09,FROST-S09,3.4
2026-07-20 09:14,S10,FROST-S10,3.7
2026-07-20 09:14,S11,FROST-S11,3.3
2026-07-20 09:14,S12,FROST-S12,3.8
2026-07-20 09:44,S01,FROST-S01,3.3
2026-07-20 09:44,S02,FROST-S02,3.5
2026-07-20 09:44,S03,FROST-S03,3.6
2026-07-20 09:44,S04,FROST-S04,3.3
2026-07-20 09:44,S05,FROST-S05,3.8
2026-07-20 09:44,S06,FROST-S06,3.4
2026-07-20 09:44,S07,FROST-S07,3.6
2026-07-20 09:44,S08,FROST-S08,3.3
2026-07-20 09:44,S09,FROST-S09,3.4
2026-07-20 09:44,S10,FROST-S10,3.3
2026-07-20 09:44,S11,FROST-S11,3.5
2026-07-20 09:44,S12,FROST-S12,3.5
2026-07-20 10:14,S01,FROST-S01,3.4
2026-07-20 10:14,S02,FROST-S02,3.3
2026-07-20 10:14,S03,FROST-S03,3.7
2026-07-20 10:14,S04,FROST-S04,3.6
2026-07-20 10:14,S05,FROST-S05,3.7
2026-07-20 10:14,S06,FROST-S06,3.4
2026-07-20 10:14,S07,FROST-S07,3.7
2026-07-20 10:14,S08,FROST-S08,3.5
2026-07-20 10:14,S09,FROST-S09,3.6
2026-07-20 10:14,S10,FROST-S10,3.5
2026-07-20 10:14,S11,FROST-S11,3.5
2026-07-20 10:14,S12,FROST-S12,3.3
2026-07-20 10:44,S01,FROST-S01,3.5
2026-07-20 10:44,S02,FROST-S02,3.6
2026-07-20 10:44,S03,FROST-S03,3.3
2026-07-20 10:44,S04,FROST-S04,3.7
2026-07-20 10:44,S05,FROST-S05,3.3
2026-07-20 10:44,S06,FROST-S06,3.2
2026-07-20 10:44,S07,FROST-S07,3.6
2026-07-20 10:44,S08,FROST-S08,3.3
2026-07-20 10:44,S09,FROST-S09,3.7
2026-07-20 10:44,S10,FROST-S10,3.3
2026-07-20 10:44,S11,FROST-S11,3.4
2026-07-20 10:44,S12,FROST-S12,3.5
2026-07-20 11:14,S01,FROST-S01,3.4
2026-07-20 11:14,S02,FROST-S02,3.4
2026-07-20 11:14,S03,FROST-S03,3.2
2026-07-20 11:14,S04,FROST-S04,3.3
2026-07-20 11:14,S05,FROST-S05,3.3
2026-07-20 11:14,S06,FROST-S06,3.5
2026-07-20 11:14,S07,FROST-S07,3.6
2026-07-20 11:14,S08,FROST-S08,3.3
2026-07-20 11:14,S09,FROST-S09,3.7
2026-07-20 11:14,S10,FROST-S10,3.7
2026-07-20 11:14,S11,FROST-S11,3.7
2026-07-20 11:14,S12,FROST-S12,3.5
2026-07-20 11:44,S01,FROST-S01,3.4
2026-07-20 11:44,S02,FROST-S02,3.3
2026-07-20 11:44,S03,FROST-S03,3.6
2026-07-20 11:44,S04,FROST-S04,3.6
2026-07-20 11:44,S05,FROST-S05,3.7
2026-07-20 11:44,S06,FROST-S06,3.6
2026-07-20 11:44,S07,FROST-S07,3.2
2026-07-20 11:44,S08,FROST-S08,3.6
2026-07-20 11:44,S09,FROST-S09,3.6
2026-07-20 11:44,S10,FROST-S10,3.4
2026-07-20 11:44,S11,FROST-S11,3.6
2026-07-20 11:44,S12,FROST-S12,3.7
2026-07-20 12:14,S01,FROST-S01,3.4
2026-07-20 12:14,S02,FROST-S02,3.6
2026-07-20 12:14,S03,FROST-S03,3.5
2026-07-20 12:14,S04,FROST-S04,3.6
2026-07-20 12:14,S05,FROST-S05,3.6
2026-07-20 12:14,S06,FROST-S06,3.7
2026-07-20 12:14,S07,FROST-S07,3.6
2026-07-20 12:14,S08,FROST-S08,3.6
2026-07-20 12:14,S09,FROST-S09,3.4
2026-07-20 12:14,S10,FROST-S10,3.4
2026-07-20 12:14,S11,FROST-S11,3.6
2026-07-20 12:14,S12,FROST-S12,3.6
2026-07-20 12:44,S01,FROST-S01,3.7
2026-07-20 12:44,S02,FROST-S02,3.3
2026-07-20 12:44,S03,FROST-S03,3.2
2026-07-20 12:44,S04,FROST-S04,3.8
2026-07-20 12:44,S05,FROST-S05,3.3
2026-07-20 12:44,S06,FROST-S06,3.3
2026-07-20 12:44,S07,FROST-S07,3.5
2026-07-20 12:44,S08,FROST-S08,3.6
2026-07-20 12:44,S09,FROST-S09,3.2
2026-07-20 12:44,S10,FROST-S10,3.6
2026-07-20 12:44,S11,FROST-S11,3.7
2026-07-20 12:44,S12,FROST-S12,3.4
2026-07-20 13:14,S01,FROST-S01,3.7
2026-07-20 13:14,S02,FROST-S02,3.3
2026-07-20 13:14,S03,FROST-S03,3.3
2026-07-20 13:14,S04,FROST-S04,3.5
2026-07-20 13:14,S05,FROST-S05,3.4
2026-07-20 13:14,S06,FROST-S06,3.5
2026-07-20 13:14,S07,FROST-S07,3.5
2026-07-20 13:14,S08,FROST-S08,3.5
2026-07-20 13:14,S09,FROST-S09,3.4
2026-07-20 13:14,S10,FROST-S10,3.6
2026-07-20 13:14,S11,FROST-S11,3.7
2026-07-20 13:14,S12,FROST-S12,3.4
2026-07-20 13:44,S01,FROST-S01,3.7
2026-07-20 13:44,S02,FROST-S02,3.4
2026-07-20 13:44,S03,FROST-S03,3.7
2026-07-20 13:44,S04,FROST-S04,3.4
2026-07-20 13:44,S05,FROST-S05,3.3
2026-07-20 13:44,S06,FROST-S06,3.2
2026-07-20 13:44,S07,FROST-S07,3.4
2026-07-20 13:44,S08,FROST-S08,3.6
2026-07-20 13:44,S09,FROST-S09,3.5
2026-07-20 13:44,S10,FROST-S10,3.3
2026-07-20 13:44,S11,FROST-S11,3.2
2026-07-20 13:44,S12,FROST-S12,3.7
2026-07-20 14:14,S01,FROST-S01,3.2
2026-07-20 14:14,S02,FROST-S02,3.7
2026-07-20 14:14,S03,FROST-S03,3.6
2026-07-20 14:14,S04,FROST-S04,3.7
2026-07-20 14:14,S05,FROST-S05,3.2
2026-07-20 14:14,S06,FROST-S06,3.7
2026-07-20 14:14,S07,FROST-S07,3.3
2026-07-20 14:14,S08,FROST-S08,3.6
2026-07-20 14:14,S09,FROST-S09,3.5
2026-07-20 14:14,S10,FROST-S10,3.2
2026-07-20 14:14,S11,FROST-S11,3.7
2026-07-20 14:14,S12,FROST-S12,3.8
2026-07-20 14:44,S01,FROST-S01,3.4
2026-07-20 14:44,S02,FROST-S02,3.6
2026-07-20 14:44,S03,FROST-S03,3.4
2026-07-20 14:44,S04,FROST-S04,3.7
2026-07-20 14:44,S05,FROST-S05,3.7
2026-07-20 14:44,S06,FROST-S06,3.4
2026-07-20 14:44,S07,FROST-S07,3.3
2026-07-20 14:44,S08,FROST-S08,3.7
2026-07-20 14:44,S09,FROST-S09,3.7
2026-07-20 14:44,S10,FROST-S10,3.3
2026-07-20 14:44,S11,FROST-S11,3.3
2026-07-20 14:44,S12,FROST-S12,3.8
2026-07-20 15:14,S01,FROST-S01,3.4
2026-07-20 15:14,S02,FROST-S02,3.3
2026-07-20 15:14,S03,FROST-S03,3.4
2026-07-20 15:14,S04,FROST-S04,3.5
2026-07-20 15:14,S05,FROST-S05,3.7
2026-07-20 15:14,S06,FROST-S06,3.7
2026-07-20 15:14,S07,FROST-S07,3.6
2026-07-20 15:14,S08,FROST-S08,3.3
2026-07-20 15:14,S09,FROST-S09,3.4
2026-07-20 15:14,S10,FROST-S10,3.3
2026-07-20 15:14,S11,FROST-S11,3.8
2026-07-20 15:14,S12,FROST-S12,3.7
2026-07-20 15:44,S01,FROST-S01,3.5
2026-07-20 15:44,S02,FROST-S02,3.6
2026-07-20 15:44,S03,FROST-S03,3.7
2026-07-20 15:44,S04,FROST-S04,3.4
2026-07-20 15:44,S05,FROST-S05,3.5
2026-07-20 15:44,S06,FROST-S06,3.6
2026-07-20 15:44,S07,FROST-S07,3.4
2026-07-20 15:44,S08,FROST-S08,3.3
2026-07-20 15:44,S09,FROST-S09,3.6
2026-07-20 15:44,S10,FROST-S10,3.5
2026-07-20 15:44,S11,FROST-S11,3.5
2026-07-20 15:44,S12,FROST-S12,3.3
2026-07-20 16:14,S01,FROST-S01,3.2
2026-07-20 16:14,S02,FROST-S02,3.5
2026-07-20 16:14,S03,FROST-S03,3.5
2026-07-20 16:14,S04,FROST-S04,3.3
2026-07-20 16:14,S05,FROST-S05,3.6
2026-07-20 16:14,S06,FROST-S06,3.7
2026-07-20 16:14,S07,FROST-S07,3.7
2026-07-20 16:14,S08,FROST-S08,3.4
2026-07-20 16:14,S09,FROST-S09,3.6
2026-07-20 16:14,S10,FROST-S10,3.6
2026-07-20 16:14,S11,FROST-S11,3.8
2026-07-20 16:14,S12,FROST-S12,3.2
2026-07-20 16:44,S01,FROST-S01,3.6
2026-07-20 16:44,S02,FROST-S02,3.3
2026-07-20 16:44,S03,FROST-S03,3.6
2026-07-20 16:44,S04,FROST-S04,3.6
2026-07-20 16:44,S05,FROST-S05,3.6
2026-07-20 16:44,S06,FROST-S06,3.6
2026-07-20 16:44,S07,FROST-S07,3.6
2026-07-20 16:44,S08,FROST-S08,3.3
2026-07-20 16:44,S09,FROST-S09,3.7
2026-07-20 16:44,S10,FROST-S10,3.4
2026-07-20 16:44,S11,FROST-S11,3.7
2026-07-20 16:44,S12,FROST-S12,3.7
2026-07-20 17:14,S01,FROST-S01,3.4
2026-07-20 17:14,S02,FROST-S02,3.6
2026-07-20 17:14,S03,FROST-S03,3.4
2026-07-20 17:14,S04,FROST-S04,3.5
2026-07-20 17:14,S05,FROST-S05,3.7
2026-07-20 17:14,S06,FROST-S06,3.5
2026-07-20 17:14,S07,FROST-S07,3.2
2026-07-20 17:14,S08,FROST-S08,3.6
2026-07-20 17:14,S09,FROST-S09,3.4
2026-07-20 17:14,S10,FROST-S10,3.7
2026-07-20 17:14,S11,FROST-S11,3.4
2026-07-20 17:14,S12,FROST-S12,3.8
2026-07-20 17:44,S01,FROST-S01,3.2
2026-07-20 17:44,S02,FROST-S02,3.4
2026-07-20 17:44,S03,FROST-S03,3.4
2026-07-20 17:44,S04,FROST-S04,3.6
2026-07-20 17:44,S05,FROST-S05,3.3
2026-07-20 17:44,S06,FROST-S06,3.8
2026-07-20 17:44,S07,FROST-S07,3.4
2026-07-20 17:44,S08,FROST-S08,3.2
2026-07-20 17:44,S09,FROST-S09,3.4
2026-07-20 17:44,S10,FROST-S10,3.5
2026-07-20 17:44,S11,FROST-S11,3.5
2026-07-20 17:44,S12,FROST-S12,3.6
2026-07-20 18:14,S01,FROST-S01,3.8
2026-07-20 18:14,S02,FROST-S02,3.6
2026-07-20 18:14,S03,FROST-S03,3.6
2026-07-20 18:14,S04,FROST-S04,3.7
2026-07-20 18:14,S05,FROST-S05,3.7
2026-07-20 18:14,S06,FROST-S06,3.5
2026-07-20 18:14,S07,FROST-S07,3.3
2026-07-20 18:14,S08,FROST-S08,3.6
2026-07-20 18:14,S09,FROST-S09,3.4
2026-07-20 18:14,S10,FROST-S10,3.7
2026-07-20 18:14,S11,FROST-S11,3.7
2026-07-20 18:14,S12,FROST-S12,3.7
2026-07-20 18:44,S01,FROST-S01,3.6
2026-07-20 18:44,S02,FROST-S02,3.5
2026-07-20 18:44,S03,FROST-S03,3.6
2026-07-20 18:44,S04,FROST-S04,3.6
2026-07-20 18:44,S05,FROST-S05,3.3
2026-07-20 18:44,S06,FROST-S06,3.4
2026-07-20 18:44,S07,FROST-S07,3.8
2026-07-20 18:44,S08,FROST-S08,3.5
2026-07-20 18:44,S09,FROST-S09,3.6
2026-07-20 18:44,S10,FROST-S10,3.3
2026-07-20 18:44,S11,FROST-S11,3.7
2026-07-20 18:44,S12,FROST-S12,3.4
2026-07-20 19:14,S01,FROST-S01,3.6
2026-07-20 19:14,S02,FROST-S02,3.4
2026-07-20 19:14,S03,FROST-S03,3.5
2026-07-20 19:14,S04,FROST-S04,3.6
2026-07-20 19:14,S05,FROST-S05,3.4
2026-07-20 19:14,S06,FROST-S06,3.4
2026-07-20 19:14,S07,FROST-S07,3.6
2026-07-20 19:14,S08,FROST-S08,3.6
2026-07-20 19:14,S09,FROST-S09,3.2
2026-07-20 19:14,S10,FROST-S10,3.3
2026-07-20 19:14,S11,FROST-S11,3.3
2026-07-20 19:14,S12,FROST-S12,3.6
2026-07-20 19:44,S01,FROST-S01,3.6
2026-07-20 19:44,S02,FROST-S02,3.6
2026-07-20 19:44,S03,FROST-S03,3.6
2026-07-20 19:44,S04,FROST-S04,3.3
2026-07-20 19:44,S05,FROST-S05,3.4
2026-07-20 19:44,S06,FROST-S06,3.5
2026-07-20 19:44,S07,FROST-S07,3.8
2026-07-20 19:44,S08,FROST-S08,3.8
2026-07-20 19:44,S09,FROST-S09,3.2
2026-07-20 19:44,S10,FROST-S10,3.6
2026-07-20 19:44,S11,FROST-S11,3.5
2026-07-20 19:44,S12,FROST-S12,3.3
2026-07-20 20:14,S01,FROST-S01,3.6
2026-07-20 20:14,S02,FROST-S02,3.3
2026-07-20 20:14,S03,FROST-S03,3.8
2026-07-20 20:14,S04,FROST-S04,3.4
2026-07-20 20:14,S05,FROST-S05,3.5
2026-07-20 20:14,S06,FROST-S06,3.5
2026-07-20 20:14,S07,FROST-S07,3.4
2026-07-20 20:14,S08,FROST-S08,3.2
2026-07-20 20:14,S09,FROST-S09,3.2
2026-07-20 20:14,S10,FROST-S10,3.5
2026-07-20 20:14,S11,FROST-S11,3.5
2026-07-20 20:14,S12,FROST-S12,3.5
2026-07-20 20:44,S01,FROST-S01,3.2
2026-07-20 20:44,S02,FROST-S02,3.5
2026-07-20 20:44,S03,FROST-S03,3.3
2026-07-20 20:44,S04,FROST-S04,3.3
2026-07-20 20:44,S05,FROST-S05,3.6
2026-07-20 20:44,S06,FROST-S06,3.2
2026-07-20 20:44,S07,FROST-S07,3.4
2026-07-20 20:44,S08,FROST-S08,3.6
2026-07-20 20:44,S09,FROST-S09,3.6
2026-07-20 20:44,S10,FROST-S10,3.2
2026-07-20 20:44,S11,FROST-S11,3.6
2026-07-20 20:44,S12,FROST-S12,3.7
2026-07-20 21:14,S01,FROST-S01,3.7
2026-07-20 21:14,S02,FROST-S02,3.5
2026-07-20 21:14,S03,FROST-S03,3.6
2026-07-20 21:14,S04,FROST-S04,3.7
2026-07-20 21:14,S05,FROST-S05,3.4
2026-07-20 21:14,S06,FROST-S06,3.6
2026-07-20 21:14,S07,FROST-S07,3.3
2026-07-20 21:14,S08,FROST-S08,3.6
2026-07-20 21:14,S09,FROST-S09,3.4
2026-07-20 21:14,S10,FROST-S10,3.3
2026-07-20 21:14,S11,FROST-S11,3.5
2026-07-20 21:14,S12,FROST-S12,3.5
2026-07-20 21:44,S01,FROST-S01,3.6
2026-07-20 21:44,S02,FROST-S02,3.7
2026-07-20 21:44,S03,FROST-S03,3.7
2026-07-20 21:44,S04,FROST-S04,3.3
2026-07-20 21:44,S05,FROST-S05,3.7
2026-07-20 21:44,S06,FROST-S06,3.3
2026-07-20 21:44,S07,FROST-S07,3.3
2026-07-20 21:44,S08,FROST-S08,3.7
2026-07-20 21:44,S09,FROST-S09,3.6
2026-07-20 21:44,S10,FROST-S10,3.6
2026-07-20 21:44,S11,FROST-S11,3.3
2026-07-20 21:44,S12,FROST-S12,3.3
2026-07-20 22:14,S01,FROST-S01,3.8
2026-07-20 22:14,S02,FROST-S02,3.5
2026-07-20 22:14,S03,FROST-S03,3.5
2026-07-20 22:14,S04,FROST-S04,3.6
2026-07-20 22:14,S05,FROST-S05,3.3
2026-07-20 22:14,S06,FROST-S06,3.6
2026-07-20 22:14,S07,FROST-S07,3.3
2026-07-20 22:14,S08,FROST-S08,3.7
2026-07-20 22:14,S09,FROST-S09,3.6
2026-07-20 22:14,S10,FROST-S10,3.4
2026-07-20 22:14,S11,FROST-S11,3.5
2026-07-20 22:14,S12,FROST-S12,3.3
2026-07-20 22:44,S01,FROST-S01,3.5
2026-07-20 22:44,S02,FROST-S02,3.4
2026-07-20 22:44,S03,FROST-S03,3.6
2026-07-20 22:44,S04,FROST-S04,3.4
2026-07-20 22:44,S05,FROST-S05,3.4
2026-07-20 22:44,S06,FROST-S06,3.4
2026-07-20 22:44,S07,FROST-S07,3.2
2026-07-20 22:44,S08,FROST-S08,3.6
2026-07-20 22:44,S09,FROST-S09,3.7
2026-07-20 22:44,S10,FROST-S10,3.3
2026-07-20 22:44,S11,FROST-S11,3.7
2026-07-20 22:44,S12,FROST-S12,3.8
2026-07-20 23:14,S01,FROST-S01,3.3
2026-07-20 23:14,S02,FROST-S02,3.5
2026-07-20 23:14,S03,FROST-S03,3.4
2026-07-20 23:14,S04,FROST-S04,3.6
2026-07-20 23:14,S05,FROST-S05,3.5
2026-07-20 23:14,S06,FROST-S06,3.2
2026-07-20 23:14,S07,FROST-S07,3.5
2026-07-20 23:14,S08,FROST-S08,3.4
2026-07-20 23:14,S09,FROST-S09,3.6
2026-07-20 23:14,S10,FROST-S10,3.7
2026-07-20 23:14,S11,FROST-S11,3.8
2026-07-20 23:14,S12,FROST-S12,3.7
2026-07-20 23:44,S01,FROST-S01,3.6
2026-07-20 23:44,S02,FROST-S02,3.4
2026-07-20 23:44,S03,FROST-S03,3.3
2026-07-20 23:44,S04,FROST-S04,3.2
2026-07-20 23:44,S05,FROST-S05,3.5
2026-07-20 23:44,S06,FROST-S06,3.3
2026-07-20 23:44,S07,FROST-S07,3.5
2026-07-20 23:44,S08,FROST-S08,3.6
2026-07-20 23:44,S09,FROST-S09,3.7
2026-07-20 23:44,S10,FROST-S10,3.7
2026-07-20 23:44,S11,FROST-S11,3.5
2026-07-20 23:44,S12,FROST-S12,3.5
2026-07-21 00:14,S01,FROST-S01,3.8
2026-07-21 00:14,S02,FROST-S02,3.4
2026-07-21 00:14,S03,FROST-S03,3.5
2026-07-21 00:14,S04,FROST-S04,3.6
2026-07-21 00:14,S05,FROST-S05,3.5
2026-07-21 00:14,S06,FROST-S06,3.7
2026-07-21 00:14,S07,FROST-S07,3.6
2026-07-21 00:14,S08,FROST-S08,3.8
2026-07-21 00:14,S09,FROST-S09,3.4
2026-07-21 00:14,S10,FROST-S10,3.7
2026-07-21 00:14,S11,FROST-S11,3.7
2026-07-21 00:14,S12,FROST-S12,3.4
2026-07-21 00:44,S01,FROST-S01,3.7
2026-07-21 00:44,S02,FROST-S02,3.3
2026-07-21 00:44,S03,FROST-S03,3.3
2026-07-21 00:44,S04,FROST-S04,3.4
2026-07-21 00:44,S05,FROST-S05,3.5
2026-07-21 00:44,S06,FROST-S06,3.4
2026-07-21 00:44,S07,FROST-S07,3.5
2026-07-21 00:44,S08,FROST-S08,3.8
2026-07-21 00:44,S09,FROST-S09,3.3
2026-07-21 00:44,S10,FROST-S10,3.5
2026-07-21 00:44,S11,FROST-S11,3.7
2026-07-21 00:44,S12,FROST-S12,3.3
2026-07-21 01:14,S01,FROST-S01,3.7
2026-07-21 01:14,S02,FROST-S02,3.8
2026-07-21 01:14,S03,FROST-S03,3.5
2026-07-21 01:14,S04,FROST-S04,3.7
2026-07-21 01:14,S05,FROST-S05,3.5
2026-07-21 01:14,S06,FROST-S06,3.6
2026-07-21 01:14,S07,FROST-S07,3.2
2026-07-21 01:14,S08,FROST-S08,3.2
2026-07-21 01:14,S09,FROST-S09,3.3
2026-07-21 01:14,S10,FROST-S10,3.4
2026-07-21 01:14,S11,FROST-S11,3.5
2026-07-21 01:14,S12,FROST-S12,3.6
2026-07-21 01:44,S01,FROST-S01,3.3
2026-07-21 01:44,S02,FROST-S02,3.8
2026-07-21 01:44,S03,FROST-S03,3.2
2026-07-21 01:44,S04,FROST-S04,3.8
2026-07-21 01:44,S05,FROST-S05,3.3
2026-07-21 01:44,S06,FROST-S06,3.4
2026-07-21 01:44,S07,FROST-S07,3.4
2026-07-21 01:44,S08,FROST-S08,3.6
2026-07-21 01:44,S09,FROST-S09,3.4
2026-07-21 01:44,S10,FROST-S10,3.3
2026-07-21 01:44,S11,FROST-S11,3.5
2026-07-21 01:44,S12,FROST-S12,3.6
2026-07-21 02:14,S01,FROST-S01,3.7
2026-07-21 02:14,S02,FROST-S02,3.6
2026-07-21 02:14,S03,FROST-S03,3.5
2026-07-21 02:14,S04,FROST-S04,3.6
2026-07-21 02:14,S05,FROST-S05,3.4
2026-07-21 02:14,S06,FROST-S06,3.8
2026-07-21 02:14,S07,FROST-S07,3.5
2026-07-21 02:14,S08,FROST-S08,3.3
2026-07-21 02:14,S09,FROST-S09,3.8
2026-07-21 02:14,S10,FROST-S10,3.4
2026-07-21 02:14,S11,FROST-S11,3.5
2026-07-21 02:14,S12,FROST-S12,3.7
2026-07-21 02:44,S01,FROST-S01,3.8
2026-07-21 02:44,S02,FROST-S02,3.5
2026-07-21 02:44,S03,FROST-S03,3.6
2026-07-21 02:44,S04,FROST-S04,3.3
2026-07-21 02:44,S05,FROST-S05,3.7
2026-07-21 02:44,S06,FROST-S06,3.5
2026-07-21 02:44,S07,FROST-S07,3.6
2026-07-21 02:44,S08,FROST-S08,3.4
2026-07-21 02:44,S09,FROST-S09,3.4
2026-07-21 02:44,S10,FROST-S10,3.6
2026-07-21 02:44,S11,FROST-S11,3.6
2026-07-21 02:44,S12,FROST-S12,3.5
2026-07-21 03:14,S01,FROST-S01,3.5
2026-07-21 03:14,S02,FROST-S02,3.7
2026-07-21 03:14,S03,FROST-S03,3.5
2026-07-21 03:14,S04,FROST-S04,3.6
2026-07-21 03:14,S05,FROST-S05,3.6
2026-07-21 03:14,S06,FROST-S06,3.7
2026-07-21 03:14,S07,FROST-S07,3.7
2026-07-21 03:14,S08,FROST-S08,3.5
2026-07-21 03:14,S09,FROST-S09,3.3
2026-07-21 03:14,S10,FROST-S10,3.7
2026-07-21 03:14,S11,FROST-S11,3.6
2026-07-21 03:14,S12,FROST-S12,3.4
2026-07-21 03:44,S01,FROST-S01,3.4
2026-07-21 03:44,S02,FROST-S02,3.8
2026-07-21 03:44,S03,FROST-S03,3.6
2026-07-21 03:44,S04,FROST-S04,3.8
2026-07-21 03:44,S05,FROST-S05,3.2
2026-07-21 03:44,S06,FROST-S06,3.5
2026-07-21 03:44,S07,FROST-S07,3.7
2026-07-21 03:44,S08,FROST-S08,3.4
2026-07-21 03:44,S09,FROST-S09,3.4
2026-07-21 03:44,S10,FROST-S10,3.4
2026-07-21 03:44,S11,FROST-S11,3.5
2026-07-21 03:44,S12,FROST-S12,3.4
2026-07-21 04:14,S01,FROST-S01,3.5
2026-07-21 04:14,S02,FROST-S02,3.3
2026-07-21 04:14,S03,FROST-S03,3.3
2026-07-21 04:14,S04,FROST-S04,3.5
2026-07-21 04:14,S05,FROST-S05,3.5
2026-07-21 04:14,S06,FROST-S06,3.5
2026-07-21 04:14,S07,FROST-S07,3.4
2026-07-21 04:14,S08,FROST-S08,3.7
2026-07-21 04:14,S09,FROST-S09,3.7
2026-07-21 04:14,S10,FROST-S10,3.8
2026-07-21 04:14,S11,FROST-S11,3.2
2026-07-21 04:14,S12,FROST-S12,3.5
2026-07-21 04:44,S01,FROST-S01,3.5
2026-07-21 04:44,S02,FROST-S02,3.5
2026-07-21 04:44,S03,FROST-S03,3.4
2026-07-21 04:44,S04,FROST-S04,3.5
2026-07-21 04:44,S05,FROST-S05,3.7
2026-07-21 04:44,S06,FROST-S06,3.5
2026-07-21 04:44,S07,FROST-S07,3.8
2026-07-21 04:44,S08,FROST-S08,3.3
2026-07-21 04:44,S09,FROST-S09,3.3
2026-07-21 04:44,S10,FROST-S10,3.6
2026-07-21 04:44,S11,FROST-S11,3.6
2026-07-21 04:44,S12,FROST-S12,3.2
2026-07-21 05:14,S01,FROST-S01,3.2
2026-07-21 05:14,S02,FROST-S02,3.6
2026-07-21 05:14,S03,FROST-S03,3.4
2026-07-21 05:14,S04,FROST-S04,3.4
2026-07-21 05:14,S05,FROST-S05,3.3
2026-07-21 05:14,S06,FROST-S06,3.3
2026-07-21 05:14,S07,FROST-S07,3.4
2026-07-21 05:14,S08,FROST-S08,3.4
2026-07-21 05:14,S09,FROST-S09,3.2
2026-07-21 05:14,S10,FROST-S10,3.6
2026-07-21 05:14,S11,FROST-S11,3.2
2026-07-21 05:14,S12,FROST-S12,3.3
2026-07-21 05:44,S01,FROST-S01,3.4
2026-07-21 05:44,S02,FROST-S02,3.3
2026-07-21 05:44,S03,FROST-S03,3.4
2026-07-21 05:44,S04,FROST-S04,3.7
2026-07-21 05:44,S05,FROST-S05,3.6
2026-07-21 05:44,S06,FROST-S06,3.5
2026-07-21 05:44,S07,FROST-S07,3.8
2026-07-21 05:44,S08,FROST-S08,3.3
2026-07-21 05:44,S09,FROST-S09,3.3
2026-07-21 05:44,S10,FROST-S10,3.8
2026-07-21 05:44,S11,FROST-S11,3.7
2026-07-21 05:44,S12,FROST-S12,3.7
2026-07-21 06:14,S01,FROST-S01,3.7
2026-07-21 06:14,S02,FROST-S02,3.4
2026-07-21 06:14,S03,FROST-S03,3.3
2026-07-21 06:14,S04,FROST-S04,3.7
2026-07-21 06:14,S05,FROST-S05,3.3
2026-07-21 06:14,S06,FROST-S06,3.6
2026-07-21 06:14,S07,FROST-S07,3.6
2026-07-21 06:14,S08,FROST-S08,3.5
2026-07-21 06:14,S09,FROST-S09,3.8
2026-07-21 06:14,S10,FROST-S10,3.7
2026-07-21 06:14,S11,FROST-S11,3.6
2026-07-21 06:14,S12,FROST-S12,3.2
2026-07-21 06:44,S01,FROST-S01,3.4
2026-07-21 06:44,S02,FROST-S02,3.7
2026-07-21 06:44,S03,FROST-S03,3.5
2026-07-21 06:44,S04,FROST-S04,3.6
2026-07-21 06:44,S05,FROST-S05,3.3
2026-07-21 06:44,S06,FROST-S06,3.4
2026-07-21 06:44,S07,FROST-S07,3.2
2026-07-21 06:44,S08,FROST-S08,3.5
2026-07-21 06:44,S09,FROST-S09,3.5
2026-07-21 06:44,S10,FROST-S10,3.6
2026-07-21 06:44,S11,FROST-S11,3.6
2026-07-21 06:44,S12,FROST-S12,3.5
2026-07-21 07:14,S01,FROST-S01,3.7
2026-07-21 07:14,S02,FROST-S02,3.3
2026-07-21 07:14,S03,FROST-S03,3.6
2026-07-21 07:14,S04,FROST-S04,3.5
2026-07-21 07:14,S05,FROST-S05,3.3
2026-07-21 07:14,S06,FROST-S06,3.7
2026-07-21 07:14,S07,FROST-S07,3.5
2026-07-21 07:14,S08,FROST-S08,3.2
2026-07-21 07:14,S09,FROST-S09,3.8
2026-07-21 07:14,S10,FROST-S10,3.5
2026-07-21 07:14,S11,FROST-S11,3.5
2026-07-21 07:14,S12,FROST-S12,3.7
2026-07-21 07:44,S01,FROST-S01,3.6
2026-07-21 07:44,S02,FROST-S02,3.7
2026-07-21 07:44,S03,FROST-S03,3.7
2026-07-21 07:44,S04,FROST-S04,3.4
2026-07-21 07:44,S05,FROST-S05,3.5
2026-07-21 07:44,S06,FROST-S06,3.6
2026-07-21 07:44,S07,FROST-S07,3.8
2026-07-21 07:44,S08,FROST-S08,3.5
2026-07-21 07:44,S09,FROST-S09,3.4
2026-07-21 07:44,S10,FROST-S10,3.4
2026-07-21 07:44,S11,FROST-S11,3.2
2026-07-21 07:44,S12,FROST-S12,3.7
2026-07-21 08:14,S01,FROST-S01,3.2
2026-07-21 08:14,S02,FROST-S02,3.6
2026-07-21 08:14,S03,FROST-S03,3.4
2026-07-21 08:14,S04,FROST-S04,3.4
2026-07-21 08:14,S05,FROST-S05,3.2
2026-07-21 08:14,S06,FROST-S06,3.6
2026-07-21 08:14,S07,FROST-S07,3.6
2026-07-21 08:14,S08,FROST-S08,3.3
2026-07-21 08:14,S09,FROST-S09,3.6
2026-07-21 08:14,S10,FROST-S10,3.8
2026-07-21 08:14,S11,FROST-S11,3.8
2026-07-21 08:14,S12,FROST-S12,3.7
2026-07-21 08:44,S01,FROST-S01,3.2
2026-07-21 08:44,S02,FROST-S02,3.2
2026-07-21 08:44,S03,FROST-S03,3.8
2026-07-21 08:44,S04,FROST-S04,3.6
2026-07-21 08:44,S05,FROST-S05,3.6
2026-07-21 08:44,S06,FROST-S06,3.6
2026-07-21 08:44,S07,FROST-S07,3.3
2026-07-21 08:44,S08,FROST-S08,3.4
2026-07-21 08:44,S09,FROST-S09,3.5
2026-07-21 08:44,S10,FROST-S10,3.3
2026-07-21 08:44,S11,FROST-S11,3.4
2026-07-21 08:44,S12,FROST-S12,3.3
2026-07-21 09:14,S01,FROST-S01,3.4
2026-07-21 09:14,S02,FROST-S02,3.4
2026-07-21 09:14,S03,FROST-S03,3.2
2026-07-21 09:14,S04,FROST-S04,3.4
2026-07-21 09:14,S05,FROST-S05,3.5
2026-07-21 09:14,S06,FROST-S06,3.2
2026-07-21 09:14,S07,FROST-S07,3.5
2026-07-21 09:14,S08,FROST-S08,3.3
2026-07-21 09:14,S09,FROST-S09,3.5
2026-07-21 09:14,S10,FROST-S10,3.7
2026-07-21 09:14,S11,FROST-S11,3.6
2026-07-21 09:14,S12,FROST-S12,3.7
2026-07-21 09:44,S01,FROST-S01,3.3
2026-07-21 09:44,S02,FROST-S02,3.7
2026-07-21 09:44,S03,FROST-S03,3.4
2026-07-21 09:44,S04,FROST-S04,3.3
2026-07-21 09:44,S05,FROST-S05,3.7
2026-07-21 09:44,S06,FROST-S06,3.7
2026-07-21 09:44,S07,FROST-S07,3.7
2026-07-21 09:44,S08,FROST-S08,3.5
2026-07-21 09:44,S09,FROST-S09,3.2
2026-07-21 09:44,S10,FROST-S10,3.5
2026-07-21 09:44,S11,FROST-S11,3.5
2026-07-21 09:44,S12,FROST-S12,3.2
2026-07-21 10:14,S01,FROST-S01,3.4
2026-07-21 10:14,S02,FROST-S02,3.4
2026-07-21 10:14,S03,FROST-S03,3.3
2026-07-21 10:14,S04,FROST-S04,3.5
2026-07-21 10:14,S05,FROST-S05,3.2
2026-07-21 10:14,S06,FROST-S06,3.3
2026-07-21 10:14,S07,FROST-S07,3.4
2026-07-21 10:14,S08,FROST-S08,3.6
2026-07-21 10:14,S09,FROST-S09,3.5
2026-07-21 10:14,S10,FROST-S10,3.5
2026-07-21 10:14,S11,FROST-S11,3.3
2026-07-21 10:14,S12,FROST-S12,3.6
2026-07-21 10:44,S01,FROST-S01,3.4
2026-07-21 10:44,S02,FROST-S02,3.7
2026-07-21 10:44,S03,FROST-S03,3.6
2026-07-21 10:44,S04,FROST-S04,3.8
2026-07-21 10:44,S05,FROST-S05,3.4
2026-07-21 10:44,S06,FROST-S06,3.7
2026-07-21 10:44,S07,FROST-S07,3.7
2026-07-21 10:44,S08,FROST-S08,3.4
2026-07-21 10:44,S09,FROST-S09,3.4
2026-07-21 10:44,S10,FROST-S10,3.3
2026-07-21 10:44,S11,FROST-S11,3.7
2026-07-21 10:44,S12,FROST-S12,3.5
2026-07-21 11:14,S01,FROST-S01,3.4
2026-07-21 11:14,S02,FROST-S02,3.5
2026-07-21 11:14,S03,FROST-S03,3.5
2026-07-21 11:14,S04,FROST-S04,3.7
2026-07-21 11:14,S05,FROST-S05,3.7
2026-07-21 11:14,S06,FROST-S06,3.3
2026-07-21 11:14,S07,FROST-S07,3.7
2026-07-21 11:14,S08,FROST-S08,3.5
2026-07-21 11:14,S09,FROST-S09,3.4
2026-07-21 11:14,S10,FROST-S10,3.5
2026-07-21 11:14,S11,FROST-S11,3.7
2026-07-21 11:14,S12,FROST-S12,3.5
2026-07-21 11:44,S01,FROST-S01,3.3
2026-07-21 11:44,S02,FROST-S02,3.4
2026-07-21 11:44,S03,FROST-S03,3.8
2026-07-21 11:44,S04,FROST-S04,3.5
2026-07-21 11:44,S05,FROST-S05,3.4
2026-07-21 11:44,S06,FROST-S06,3.3
2026-07-21 11:44,S07,FROST-S07,3.3
2026-07-21 11:44,S08,FROST-S08,3.3
2026-07-21 11:44,S09,FROST-S09,3.7
2026-07-21 11:44,S10,FROST-S10,3.5
2026-07-21 11:44,S11,FROST-S11,3.3
2026-07-21 11:44,S12,FROST-S12,3.2
2026-07-21 12:14,S01,FROST-S01,3.8
2026-07-21 12:14,S02,FROST-S02,3.4
2026-07-21 12:14,S03,FROST-S03,3.3
2026-07-21 12:14,S04,FROST-S04,3.4
2026-07-21 12:14,S05,FROST-S05,3.4
2026-07-21 12:14,S06,FROST-S06,3.8
2026-07-21 12:14,S07,FROST-S07,3.3
2026-07-21 12:14,S08,FROST-S08,3.7
2026-07-21 12:14,S09,FROST-S09,3.7
2026-07-21 12:14,S10,FROST-S10,3.7
2026-07-21 12:14,S11,FROST-S11,3.8
2026-07-21 12:14,S12,FROST-S12,3.5
2026-07-21 12:44,S01,FROST-S01,3.3
2026-07-21 12:44,S02,FROST-S02,3.5
2026-07-21 12:44,S03,FROST-S03,3.5
2026-07-21 12:44,S04,FROST-S04,3.6
2026-07-21 12:44,S05,FROST-S05,3.2
2026-07-21 12:44,S06,FROST-S06,3.4
2026-07-21 12:44,S07,FROST-S07,3.5
2026-07-21 12:44,S08,FROST-S08,3.8
2026-07-21 12:44,S09,FROST-S09,3.4
2026-07-21 12:44,S10,FROST-S10,3.4
2026-07-21 12:44,S11,FROST-S11,3.7
2026-07-21 12:44,S12,FROST-S12,3.6
2026-07-21 13:14,S01,FROST-S01,3.7
2026-07-21 13:14,S02,FROST-S02,3.4
2026-07-21 13:14,S03,FROST-S03,3.3
2026-07-21 13:14,S04,FROST-S04,3.2
2026-07-21 13:14,S05,FROST-S05,3.8
2026-07-21 13:14,S06,FROST-S06,3.7
2026-07-21 13:14,S07,FROST-S07,3.6
2026-07-21 13:14,S08,FROST-S08,3.5
2026-07-21 13:14,S09,FROST-S09,3.7
2026-07-21 13:14,S10,FROST-S10,3.3
2026-07-21 13:14,S11,FROST-S11,3.8
2026-07-21 13:14,S12,FROST-S12,3.4
2026-07-21 13:44,S01,FROST-S01,3.3
2026-07-21 13:44,S02,FROST-S02,3.6
2026-07-21 13:44,S03,FROST-S03,3.7
2026-07-21 13:44,S04,FROST-S04,3.5
2026-07-21 13:44,S05,FROST-S05,3.6
2026-07-21 13:44,S06,FROST-S06,3.5
2026-07-21 13:44,S07,FROST-S07,3.2
2026-07-21 13:44,S08,FROST-S08,3.6
2026-07-21 13:44,S09,FROST-S09,3.7
2026-07-21 13:44,S10,FROST-S10,3.7
2026-07-21 13:44,S11,FROST-S11,3.5
2026-07-21 13:44,S12,FROST-S12,3.3
2026-07-21 14:14,S01,FROST-S01,3.4
2026-07-21 14:14,S02,FROST-S02,3.5
2026-07-21 14:14,S03,FROST-S03,3.7
2026-07-21 14:14,S04,FROST-S04,3.7
2026-07-21 14:14,S05,FROST-S05,3.6
2026-07-21 14:14,S06,FROST-S06,3.2
2026-07-21 14:14,S07,FROST-S07,3.2
2026-07-21 14:14,S08,FROST-S08,3.4
2026-07-21 14:14,S09,FROST-S09,3.3
2026-07-21 14:14,S10,FROST-S10,3.7
2026-07-21 14:14,S11,FROST-S11,3.3
2026-07-21 14:14,S12,FROST-S12,3.2
2026-07-21 14:44,S01,FROST-S01,3.5
2026-07-21 14:44,S02,FROST-S02,3.8
2026-07-21 14:44,S03,FROST-S03,3.7
2026-07-21 14:44,S04,FROST-S04,3.5
2026-07-21 14:44,S05,FROST-S05,3.3
2026-07-21 14:44,S06,FROST-S06,3.4
2026-07-21 14:44,S07,FROST-S07,3.5
2026-07-21 14:44,S08,FROST-S08,3.3
2026-07-21 14:44,S09,FROST-S09,3.7
2026-07-21 14:44,S10,FROST-S10,3.7
2026-07-21 14:44,S11,FROST-S11,3.3
2026-07-21 14:44,S12,FROST-S12,3.6
2026-07-21 15:14,S01,FROST-S01,3.6
2026-07-21 15:14,S02,FROST-S02,3.8
2026-07-21 15:14,S03,FROST-S03,3.3
2026-07-21 15:14,S04,FROST-S04,3.6
2026-07-21 15:14,S05,FROST-S05,3.2
2026-07-21 15:14,S06,FROST-S06,3.4
2026-07-21 15:14,S07,FROST-S07,3.6
2026-07-21 15:14,S08,FROST-S08,3.4
2026-07-21 15:14,S09,FROST-S09,3.2
2026-07-21 15:14,S10,FROST-S10,3.7
2026-07-21 15:14,S11,FROST-S11,3.4
2026-07-21 15:14,S12,FROST-S12,3.5
2026-07-21 15:44,S01,FROST-S01,3.2
2026-07-21 15:44,S02,FROST-S02,3.6
2026-07-21 15:44,S03,FROST-S03,3.6
2026-07-21 15:44,S04,FROST-S04,3.3
2026-07-21 15:44,S05,FROST-S05,3.5
2026-07-21 15:44,S06,FROST-S06,3.4
2026-07-21 15:44,S07,FROST-S07,3.7
2026-07-21 15:44,S08,FROST-S08,3.6
2026-07-21 15:44,S09,FROST-S09,3.2
2026-07-21 15:44,S10,FROST-S10,3.6
2026-07-21 15:44,S11,FROST-S11,3.4
2026-07-21 15:44,S12,FROST-S12,3.7
2026-07-21 16:14,S01,FROST-S01,3.6
2026-07-21 16:14,S02,FROST-S02,3.4
2026-07-21 16:14,S03,FROST-S03,3.6
2026-07-21 16:14,S04,FROST-S04,3.6
2026-07-21 16:14,S05,FROST-S05,3.7
2026-07-21 16:14,S06,FROST-S06,3.6
2026-07-21 16:14,S07,FROST-S07,3.5
2026-07-21 16:14,S08,FROST-S08,3.2
2026-07-21 16:14,S09,FROST-S09,3.6
2026-07-21 16:14,S10,FROST-S10,3.7
2026-07-21 16:14,S11,FROST-S11,3.4
2026-07-21 16:14,S12,FROST-S12,3.5
2026-07-21 16:44,S01,FROST-S01,3.4
2026-07-21 16:44,S02,FROST-S02,3.5
2026-07-21 16:44,S03,FROST-S03,3.7
2026-07-21 16:44,S04,FROST-S04,3.4
2026-07-21 16:44,S05,FROST-S05,3.4
2026-07-21 16:44,S06,FROST-S06,3.5
2026-07-21 16:44,S07,FROST-S07,3.6
2026-07-21 16:44,S08,FROST-S08,3.5
2026-07-21 16:44,S09,FROST-S09,3.5
2026-07-21 16:44,S10,FROST-S10,3.3
2026-07-21 16:44,S11,FROST-S11,3.4
2026-07-21 16:44,S12,FROST-S12,3.7
2026-07-21 17:14,S01,FROST-S01,3.7
2026-07-21 17:14,S02,FROST-S02,3.7
2026-07-21 17:14,S03,FROST-S03,3.6
2026-07-21 17:14,S04,FROST-S04,3.4
2026-07-21 17:14,S05,FROST-S05,3.6
2026-07-21 17:14,S06,FROST-S06,3.7
2026-07-21 17:14,S07,FROST-S07,3.6
2026-07-21 17:14,S08,FROST-S08,3.7
2026-07-21 17:14,S09,FROST-S09,3.4
2026-07-21 17:14,S10,FROST-S10,3.6
2026-07-21 17:14,S11,FROST-S11,3.6
2026-07-21 17:14,S12,FROST-S12,3.2
2026-07-21 17:44,S01,FROST-S01,3.2
2026-07-21 17:44,S02,FROST-S02,3.2
2026-07-21 17:44,S03,FROST-S03,3.4
2026-07-21 17:44,S04,FROST-S04,3.6
2026-07-21 17:44,S05,FROST-S05,3.8
2026-07-21 17:44,S06,FROST-S06,3.5
2026-07-21 17:44,S07,FROST-S07,3.4
2026-07-21 17:44,S08,FROST-S08,3.8
2026-07-21 17:44,S09,FROST-S09,3.7
2026-07-21 17:44,S10,FROST-S10,3.5
2026-07-21 17:44,S11,FROST-S11,3.7
2026-07-21 17:44,S12,FROST-S12,3.7
2026-07-21 18:14,S01,FROST-S01,3.5
2026-07-21 18:14,S02,FROST-S02,3.6
2026-07-21 18:14,S03,FROST-S03,3.7
2026-07-21 18:14,S04,FROST-S04,3.3
2026-07-21 18:14,S05,FROST-S05,3.2
2026-07-21 18:14,S06,FROST-S06,3.5
2026-07-21 18:14,S07,FROST-S07,3.3
2026-07-21 18:14,S08,FROST-S08,3.5
2026-07-21 18:14,S09,FROST-S09,3.5
2026-07-21 18:14,S10,FROST-S10,3.5
2026-07-21 18:14,S11,FROST-S11,3.5
2026-07-21 18:14,S12,FROST-S12,3.2
2026-07-21 18:44,S01,FROST-S01,3.7
2026-07-21 18:44,S02,FROST-S02,3.8
2026-07-21 18:44,S03,FROST-S03,3.5
2026-07-21 18:44,S04,FROST-S04,3.3
2026-07-21 18:44,S05,FROST-S05,3.4
2026-07-21 18:44,S06,FROST-S06,3.4
2026-07-21 18:44,S07,FROST-S07,3.5
2026-07-21 18:44,S08,FROST-S08,3.5
2026-07-21 18:44,S09,FROST-S09,3.3
2026-07-21 18:44,S10,FROST-S10,3.2
2026-07-21 18:44,S11,FROST-S11,3.7
2026-07-21 18:44,S12,FROST-S12,3.5
2026-07-21 19:14,S01,FROST-S01,3.4
2026-07-21 19:14,S02,FROST-S02,3.3
2026-07-21 19:14,S03,FROST-S03,3.3
2026-07-21 19:14,S04,FROST-S04,3.3
2026-07-21 19:14,S05,FROST-S05,3.2
2026-07-21 19:14,S06,FROST-S06,3.4
2026-07-21 19:14,S07,FROST-S07,3.4
2026-07-21 19:14,S08,FROST-S08,3.8
2026-07-21 19:14,S09,FROST-S09,3.4
2026-07-21 19:14,S10,FROST-S10,3.3
2026-07-21 19:14,S11,FROST-S11,3.5
2026-07-21 19:14,S12,FROST-S12,3.3
2026-07-21 19:44,S01,FROST-S01,3.7
2026-07-21 19:44,S02,FROST-S02,3.3
2026-07-21 19:44,S03,FROST-S03,3.3
2026-07-21 19:44,S04,FROST-S04,3.5
2026-07-21 19:44,S05,FROST-S05,3.6
2026-07-21 19:44,S06,FROST-S06,3.5
2026-07-21 19:44,S07,FROST-S07,3.3
2026-07-21 19:44,S08,FROST-S08,3.7
2026-07-21 19:44,S09,FROST-S09,3.7
2026-07-21 19:44,S10,FROST-S10,3.8
2026-07-21 19:44,S11,FROST-S11,3.6
2026-07-21 19:44,S12,FROST-S12,3.8
2026-07-21 20:14,S01,FROST-S01,3.7
2026-07-21 20:14,S02,FROST-S02,3.6
2026-07-21 20:14,S03,FROST-S03,3.8
2026-07-21 20:14,S04,FROST-S04,3.5
2026-07-21 20:14,S05,FROST-S05,3.4
2026-07-21 20:14,S06,FROST-S06,3.5
2026-07-21 20:14,S07,FROST-S07,3.6
2026-07-21 20:14,S08,FROST-S08,3.6
2026-07-21 20:14,S09,FROST-S09,3.6
2026-07-21 20:14,S10,FROST-S10,3.5
2026-07-21 20:14,S11,FROST-S11,3.5
2026-07-21 20:14,S12,FROST-S12,3.3
2026-07-21 20:44,S01,FROST-S01,3.3
2026-07-21 20:44,S02,FROST-S02,3.7
2026-07-21 20:44,S03,FROST-S03,3.7
2026-07-21 20:44,S04,FROST-S04,3.3
2026-07-21 20:44,S05,FROST-S05,3.5
2026-07-21 20:44,S06,FROST-S06,3.7
2026-07-21 20:44,S07,FROST-S07,3.3
2026-07-21 20:44,S08,FROST-S08,3.8
2026-07-21 20:44,S09,FROST-S09,3.7
2026-07-21 20:44,S10,FROST-S10,3.4
2026-07-21 20:44,S11,FROST-S11,3.7
2026-07-21 20:44,S12,FROST-S12,3.4
2026-07-21 21:14,S01,FROST-S01,3.3
2026-07-21 21:14,S02,FROST-S02,3.5
2026-07-21 21:14,S03,FROST-S03,3.2
2026-07-21 21:14,S04,FROST-S04,3.4
2026-07-21 21:14,S05,FROST-S05,3.7
2026-07-21 21:14,S06,FROST-S06,3.4
2026-07-21 21:14,S07,FROST-S07,3.5
2026-07-21 21:14,S08,FROST-S08,3.4
2026-07-21 21:14,S09,FROST-S09,3.4
2026-07-21 21:14,S10,FROST-S10,3.6
2026-07-21 21:14,S11,FROST-S11,3.6
2026-07-21 21:14,S12,FROST-S12,3.3
2026-07-21 21:44,S01,FROST-S01,3.7
2026-07-21 21:44,S02,FROST-S02,3.4
2026-07-21 21:44,S03,FROST-S03,3.6
2026-07-21 21:44,S04,FROST-S04,3.6
2026-07-21 21:44,S05,FROST-S05,3.4
2026-07-21 21:44,S06,FROST-S06,3.3
2026-07-21 21:44,S07,FROST-S07,3.6
2026-07-21 21:44,S08,FROST-S08,3.5
2026-07-21 21:44,S09,FROST-S09,3.7
2026-07-21 21:44,S10,FROST-S10,3.7
2026-07-21 21:44,S11,FROST-S11,3.8
2026-07-21 21:44,S12,FROST-S12,3.7
2026-07-21 22:14,S01,FROST-S01,3.5
2026-07-21 22:14,S02,FROST-S02,3.4
2026-07-21 22:14,S03,FROST-S03,3.5
2026-07-21 22:14,S04,FROST-S04,3.7
2026-07-21 22:14,S05,FROST-S05,3.3
2026-07-21 22:14,S06,FROST-S06,3.6
2026-07-21 22:14,S07,FROST-S07,3.7
2026-07-21 22:14,S08,FROST-S08,3.7
2026-07-21 22:14,S09,FROST-S09,3.5
2026-07-21 22:14,S10,FROST-S10,3.6
2026-07-21 22:14,S11,FROST-S11,3.8
2026-07-21 22:14,S12,FROST-S12,3.6
2026-07-21 22:44,S01,FROST-S01,3.4
2026-07-21 22:44,S02,FROST-S02,3.3
2026-07-21 22:44,S03,FROST-S03,3.5
2026-07-21 22:44,S04,FROST-S04,3.5
2026-07-21 22:44,S05,FROST-S05,3.6
2026-07-21 22:44,S06,FROST-S06,3.5
2026-07-21 22:44,S07,FROST-S07,3.6
2026-07-21 22:44,S08,FROST-S08,3.3
2026-07-21 22:44,S09,FROST-S09,3.5
2026-07-21 22:44,S10,FROST-S10,3.7
2026-07-21 22:44,S11,FROST-S11,3.7
2026-07-21 22:44,S12,FROST-S12,3.2
2026-07-21 23:14,S01,FROST-S01,3.3
2026-07-21 23:14,S02,FROST-S02,3.6
2026-07-21 23:14,S03,FROST-S03,3.3
2026-07-21 23:14,S04,FROST-S04,3.3
2026-07-21 23:14,S05,FROST-S05,3.3
2026-07-21 23:14,S06,FROST-S06,3.4
2026-07-21 23:14,S07,FROST-S07,3.4
2026-07-21 23:14,S08,FROST-S08,3.5
2026-07-21 23:14,S09,FROST-S09,3.3
2026-07-21 23:14,S10,FROST-S10,3.8
2026-07-21 23:14,S11,FROST-S11,3.6
2026-07-21 23:14,S12,FROST-S12,3.7
2026-07-21 23:44,S01,FROST-S01,3.3
2026-07-21 23:44,S02,FROST-S02,3.4
2026-07-21 23:44,S03,FROST-S03,3.3
2026-07-21 23:44,S04,FROST-S04,3.6
2026-07-21 23:44,S05,FROST-S05,3.4
2026-07-21 23:44,S06,FROST-S06,3.7
2026-07-21 23:44,S07,FROST-S07,3.5
2026-07-21 23:44,S08,FROST-S08,3.4
2026-07-21 23:44,S09,FROST-S09,3.8
2026-07-21 23:44,S10,FROST-S10,3.7
2026-07-21 23:44,S11,FROST-S11,3.6
2026-07-21 23:44,S12,FROST-S12,3.7
2026-07-22 00:14,S01,FROST-S01,3.7
2026-07-22 00:14,S02,FROST-S02,3.4
2026-07-22 00:14,S03,FROST-S03,3.4
2026-07-22 00:14,S04,FROST-S04,3.7
2026-07-22 00:14,S05,FROST-S05,3.5
2026-07-22 00:14,S06,FROST-S06,3.2
2026-07-22 00:14,S07,FROST-S07,3.7
2026-07-22 00:14,S08,FROST-S08,3.6
2026-07-22 00:14,S09,FROST-S09,3.5
2026-07-22 00:14,S10,FROST-S10,3.3
2026-07-22 00:14,S11,FROST-S11,3.2
2026-07-22 00:14,S12,FROST-S12,3.3
2026-07-22 00:44,S01,FROST-S01,3.2
2026-07-22 00:44,S02,FROST-S02,3.4
2026-07-22 00:44,S03,FROST-S03,3.3
2026-07-22 00:44,S04,FROST-S04,3.2
2026-07-22 00:44,S05,FROST-S05,3.6
2026-07-22 00:44,S06,FROST-S06,3.6
2026-07-22 00:44,S07,FROST-S07,3.3
2026-07-22 00:44,S08,FROST-S08,3.5
2026-07-22 00:44,S09,FROST-S09,3.3
2026-07-22 00:44,S10,FROST-S10,3.7
2026-07-22 00:44,S11,FROST-S11,3.3
2026-07-22 00:44,S12,FROST-S12,3.5
2026-07-22 01:14,S01,FROST-S01,3.5
2026-07-22 01:14,S02,FROST-S02,3.3
2026-07-22 01:14,S03,FROST-S03,3.7
2026-07-22 01:14,S04,FROST-S04,3.3
2026-07-22 01:14,S05,FROST-S05,3.5
2026-07-22 01:14,S06,FROST-S06,3.6
2026-07-22 01:14,S07,FROST-S07,3.5
2026-07-22 01:14,S08,FROST-S08,3.5
2026-07-22 01:14,S09,FROST-S09,3.6
2026-07-22 01:14,S10,FROST-S10,3.7
2026-07-22 01:14,S11,FROST-S11,3.7
2026-07-22 01:14,S12,FROST-S12,3.7
2026-07-22 01:44,S01,FROST-S01,3.5
2026-07-22 01:44,S02,FROST-S02,3.7
2026-07-22 01:44,S03,FROST-S03,3.7
2026-07-22 01:44,S04,FROST-S04,3.5
2026-07-22 01:44,S05,FROST-S05,3.5
2026-07-22 01:44,S06,FROST-S06,3.6
2026-07-22 01:44,S07,FROST-S07,3.7
2026-07-22 01:44,S08,FROST-S08,3.6
2026-07-22 01:44,S09,FROST-S09,3.3
2026-07-22 01:44,S10,FROST-S10,3.5
2026-07-22 01:44,S11,FROST-S11,3.4
2026-07-22 01:44,S12,FROST-S12,3.6
2026-07-22 02:14,S01,FROST-S01,3.7
2026-07-22 02:14,S02,FROST-S02,3.3
2026-07-22 02:14,S03,FROST-S03,3.5
2026-07-22 02:14,S04,FROST-S04,3.6
2026-07-22 02:14,S05,FROST-S05,3.5
2026-07-22 02:14,S06,FROST-S06,3.8
2026-07-22 02:14,S07,FROST-S07,3.7
2026-07-22 02:14,S08,FROST-S08,3.7
2026-07-22 02:14,S09,FROST-S09,3.4
2026-07-22 02:14,S10,FROST-S10,3.5
2026-07-22 02:14,S11,FROST-S11,3.6
2026-07-22 02:14,S12,FROST-S12,3.6
2026-07-22 02:44,S01,FROST-S01,3.7
2026-07-22 02:44,S02,FROST-S02,3.7
2026-07-22 02:44,S03,FROST-S03,3.4
2026-07-22 02:44,S04,FROST-S04,3.4
2026-07-22 02:44,S05,FROST-S05,3.5
2026-07-22 02:44,S06,FROST-S06,3.5
2026-07-22 02:44,S07,FROST-S07,3.5
2026-07-22 02:44,S08,FROST-S08,3.7
2026-07-22 02:44,S09,FROST-S09,3.2
2026-07-22 02:44,S10,FROST-S10,3.2
2026-07-22 02:44,S11,FROST-S11,3.3
2026-07-22 02:44,S12,FROST-S12,3.6
2026-07-22 03:14,S01,FROST-S01,3.7
2026-07-22 03:14,S02,FROST-S02,3.7
2026-07-22 03:14,S03,FROST-S03,3.5
2026-07-22 03:14,S04,FROST-S04,3.6
2026-07-22 03:14,S05,FROST-S05,3.4
2026-07-22 03:14,S06,FROST-S06,3.4
2026-07-22 03:14,S07,FROST-S07,3.7
2026-07-22 03:14,S08,FROST-S08,3.5
2026-07-22 03:14,S09,FROST-S09,3.5
2026-07-22 03:14,S10,FROST-S10,3.3
2026-07-22 03:14,S11,FROST-S11,3.3
2026-07-22 03:14,S12,FROST-S12,3.4
2026-07-22 03:44,S01,FROST-S01,3.8
2026-07-22 03:44,S02,FROST-S02,3.8
2026-07-22 03:44,S03,FROST-S03,3.6
2026-07-22 03:44,S04,FROST-S04,3.5
2026-07-22 03:44,S05,FROST-S05,3.3
2026-07-22 03:44,S06,FROST-S06,3.4
2026-07-22 03:44,S07,FROST-S07,3.5
2026-07-22 03:44,S08,FROST-S08,3.2
2026-07-22 03:44,S09,FROST-S09,3.3
2026-07-22 03:44,S10,FROST-S10,3.3
2026-07-22 03:44,S11,FROST-S11,3.2
2026-07-22 03:44,S12,FROST-S12,3.3
2026-07-22 04:14,S01,FROST-S01,3.6
2026-07-22 04:14,S02,FROST-S02,3.5
2026-07-22 04:14,S03,FROST-S03,3.7
2026-07-22 04:14,S04,FROST-S04,3.6
2026-07-22 04:14,S05,FROST-S05,3.6
2026-07-22 04:14,S06,FROST-S06,3.7
2026-07-22 04:14,S07,FROST-S07,3.8
2026-07-22 04:14,S08,FROST-S08,3.2
2026-07-22 04:14,S09,FROST-S09,3.4
2026-07-22 04:14,S10,FROST-S10,3.7
2026-07-22 04:14,S11,FROST-S11,3.6
2026-07-22 04:14,S12,FROST-S12,3.3
2026-07-22 04:44,S01,FROST-S01,3.5
2026-07-22 04:44,S02,FROST-S02,3.7
2026-07-22 04:44,S03,FROST-S03,3.4
2026-07-22 04:44,S04,FROST-S04,3.3
2026-07-22 04:44,S05,FROST-S05,3.7
2026-07-22 04:44,S06,FROST-S06,3.7
2026-07-22 04:44,S07,FROST-S07,3.5
2026-07-22 04:44,S08,FROST-S08,3.3
2026-07-22 04:44,S09,FROST-S09,3.6
2026-07-22 04:44,S10,FROST-S10,3.7
2026-07-22 04:44,S11,FROST-S11,3.2
2026-07-22 04:44,S12,FROST-S12,3.5
2026-07-22 05:14,S01,FROST-S01,3.3
2026-07-22 05:14,S02,FROST-S02,3.6
2026-07-22 05:14,S03,FROST-S03,3.4
2026-07-22 05:14,S04,FROST-S04,3.4
2026-07-22 05:14,S05,FROST-S05,3.2
2026-07-22 05:14,S06,FROST-S06,3.3
2026-07-22 05:14,S07,FROST-S07,3.7
2026-07-22 05:14,S08,FROST-S08,3.6
2026-07-22 05:14,S09,FROST-S09,3.7
2026-07-22 05:14,S10,FROST-S10,3.4
2026-07-22 05:14,S11,FROST-S11,3.8
2026-07-22 05:14,S12,FROST-S12,3.5
2026-07-22 05:44,S01,FROST-S01,3.6
2026-07-22 05:44,S02,FROST-S02,3.3
2026-07-22 05:44,S03,FROST-S03,3.8
2026-07-22 05:44,S04,FROST-S04,3.4
2026-07-22 05:44,S05,FROST-S05,3.6
2026-07-22 05:44,S06,FROST-S06,3.5
2026-07-22 05:44,S07,FROST-S07,3.6
2026-07-22 05:44,S08,FROST-S08,3.7
2026-07-22 05:44,S09,FROST-S09,3.7
2026-07-22 05:44,S10,FROST-S10,3.8
2026-07-22 05:44,S11,FROST-S11,3.3
2026-07-22 05:44,S12,FROST-S12,3.7
2026-07-22 06:14,S01,FROST-S01,3.3
2026-07-22 06:14,S02,FROST-S02,3.2
2026-07-22 06:14,S03,FROST-S03,3.4
2026-07-22 06:14,S04,FROST-S04,3.2
2026-07-22 06:14,S05,FROST-S05,3.5
2026-07-22 06:14,S06,FROST-S06,3.2
2026-07-22 06:14,S07,FROST-S07,3.4
2026-07-22 06:14,S08,FROST-S08,3.5
2026-07-22 06:14,S09,FROST-S09,3.6
2026-07-22 06:14,S10,FROST-S10,3.5
2026-07-22 06:14,S11,FROST-S11,3.8
2026-07-22 06:14,S12,FROST-S12,3.2
2026-07-22 06:44,S01,FROST-S01,3.3
2026-07-22 06:44,S02,FROST-S02,3.6
2026-07-22 06:44,S03,FROST-S03,3.5
2026-07-22 06:44,S04,FROST-S04,3.2
2026-07-22 06:44,S05,FROST-S05,3.8
2026-07-22 06:44,S06,FROST-S06,3.5
2026-07-22 06:44,S07,FROST-S07,3.4
2026-07-22 06:44,S08,FROST-S08,3.7
2026-07-22 06:44,S09,FROST-S09,3.5
2026-07-22 06:44,S10,FROST-S10,3.4
2026-07-22 06:44,S11,FROST-S11,3.8
2026-07-22 06:44,S12,FROST-S12,3.2
2026-07-22 07:14,S01,FROST-S01,3.5
2026-07-22 07:14,S02,FROST-S02,3.5
2026-07-22 07:14,S03,FROST-S03,3.3
2026-07-22 07:14,S04,FROST-S04,3.4
2026-07-22 07:14,S05,FROST-S05,3.8
2026-07-22 07:14,S06,FROST-S06,3.6
2026-07-22 07:14,S07,FROST-S07,3.3
2026-07-22 07:14,S08,FROST-S08,3.4
2026-07-22 07:14,S09,FROST-S09,3.5
2026-07-22 07:14,S10,FROST-S10,3.3
2026-07-22 07:14,S11,FROST-S11,3.8
2026-07-22 07:14,S12,FROST-S12,3.2
2026-07-22 07:44,S01,FROST-S01,3.6
2026-07-22 07:44,S02,FROST-S02,3.5
2026-07-22 07:44,S03,FROST-S03,3.8
2026-07-22 07:44,S04,FROST-S04,3.7
2026-07-22 07:44,S05,FROST-S05,3.5
2026-07-22 07:44,S06,FROST-S06,3.3
2026-07-22 07:44,S07,FROST-S07,3.2
2026-07-22 07:44,S08,FROST-S08,3.7
2026-07-22 07:44,S09,FROST-S09,3.3
2026-07-22 07:44,S10,FROST-S10,3.7
2026-07-22 07:44,S11,FROST-S11,3.4
2026-07-22 07:44,S12,FROST-S12,3.7
2026-07-22 08:14,S01,FROST-S01,3.6
2026-07-22 08:14,S02,FROST-S02,3.3
2026-07-22 08:14,S03,FROST-S03,3.7
2026-07-22 08:14,S04,FROST-S04,3.5
2026-07-22 08:14,S05,FROST-S05,3.6
2026-07-22 08:14,S06,FROST-S06,3.8
2026-07-22 08:14,S07,FROST-S07,3.8
2026-07-22 08:14,S08,FROST-S08,3.5
2026-07-22 08:14,S09,FROST-S09,3.5
2026-07-22 08:14,S10,FROST-S10,3.4
2026-07-22 08:14,S11,FROST-S11,3.6
2026-07-22 08:14,S12,FROST-S12,3.6
2026-07-22 08:44,S01,FROST-S01,3.6
2026-07-22 08:44,S02,FROST-S02,3.7
2026-07-22 08:44,S03,FROST-S03,3.6
2026-07-22 08:44,S04,FROST-S04,3.2
2026-07-22 08:44,S05,FROST-S05,3.3
2026-07-22 08:44,S06,FROST-S06,3.3
2026-07-22 08:44,S07,FROST-S07,3.3
2026-07-22 08:44,S08,FROST-S08,3.4
2026-07-22 08:44,S09,FROST-S09,3.3
2026-07-22 08:44,S10,FROST-S10,3.6
2026-07-22 08:44,S11,FROST-S11,3.7
2026-07-22 08:44,S12,FROST-S12,3.3
2026-07-22 09:14,S01,FROST-S01,3.5
2026-07-22 09:14,S02,FROST-S02,3.6
2026-07-22 09:14,S03,FROST-S03,3.3
2026-07-22 09:14,S04,FROST-S04,3.7
2026-07-22 09:14,S05,FROST-S05,3.4
2026-07-22 09:14,S06,FROST-S06,3.3
2026-07-22 09:14,S07,FROST-S07,3.6
2026-07-22 09:14,S08,FROST-S08,3.7
2026-07-22 09:14,S09,FROST-S09,3.3
2026-07-22 09:14,S10,FROST-S10,3.6
2026-07-22 09:14,S11,FROST-S11,3.7
2026-07-22 09:14,S12,FROST-S12,3.4
2026-07-22 09:44,S01,FROST-S01,3.7
2026-07-22 09:44,S02,FROST-S02,3.4
2026-07-22 09:44,S03,FROST-S03,3.3
2026-07-22 09:44,S04,FROST-S04,3.3
2026-07-22 09:44,S05,FROST-S05,3.5
2026-07-22 09:44,S06,FROST-S06,3.7
2026-07-22 09:44,S07,FROST-S07,3.4
2026-07-22 09:44,S08,FROST-S08,3.4
2026-07-22 09:44,S09,FROST-S09,3.5
2026-07-22 09:44,S10,FROST-S10,3.2
2026-07-22 09:44,S11,FROST-S11,3.7
2026-07-22 09:44,S12,FROST-S12,3.7
2026-07-22 10:14,S01,FROST-S01,3.5
2026-07-22 10:14,S02,FROST-S02,3.6
2026-07-22 10:14,S03,FROST-S03,3.4
2026-07-22 10:14,S04,FROST-S04,3.5
2026-07-22 10:14,S05,FROST-S05,3.4
2026-07-22 10:14,S06,FROST-S06,3.8
2026-07-22 10:14,S07,FROST-S07,3.7
2026-07-22 10:14,S08,FROST-S08,3.3
2026-07-22 10:14,S09,FROST-S09,3.7
2026-07-22 10:14,S10,FROST-S10,3.4
2026-07-22 10:14,S11,FROST-S11,3.6
2026-07-22 10:14,S12,FROST-S12,3.4
2026-07-22 10:44,S01,FROST-S01,3.2
2026-07-22 10:44,S02,FROST-S02,3.7
2026-07-22 10:44,S03,FROST-S03,3.4
2026-07-22 10:44,S04,FROST-S04,3.3
2026-07-22 10:44,S05,FROST-S05,3.5
2026-07-22 10:44,S06,FROST-S06,3.2
2026-07-22 10:44,S07,FROST-S07,3.7
2026-07-22 10:44,S08,FROST-S08,3.5
2026-07-22 10:44,S09,FROST-S09,3.5
2026-07-22 10:44,S10,FROST-S10,3.2
2026-07-22 10:44,S11,FROST-S11,3.5
2026-07-22 10:44,S12,FROST-S12,3.6
2026-07-22 11:14,S01,FROST-S01,3.3
2026-07-22 11:14,S02,FROST-S02,3.7
2026-07-22 11:14,S03,FROST-S03,3.3
2026-07-22 11:14,S04,FROST-S04,3.7
2026-07-22 11:14,S05,FROST-S05,3.7
2026-07-22 11:14,S06,FROST-S06,3.7
2026-07-22 11:14,S07,FROST-S07,3.8
2026-07-22 11:14,S08,FROST-S08,3.6
2026-07-22 11:14,S09,FROST-S09,3.2
2026-07-22 11:14,S10,FROST-S10,3.3
2026-07-22 11:14,S11,FROST-S11,3.3
2026-07-22 11:14,S12,FROST-S12,3.7
2026-07-22 11:44,S01,FROST-S01,3.4
2026-07-22 11:44,S02,FROST-S02,3.5
2026-07-22 11:44,S03,FROST-S03,3.5
2026-07-22 11:44,S04,FROST-S04,3.2
2026-07-22 11:44,S05,FROST-S05,3.2
2026-07-22 11:44,S06,FROST-S06,3.4
2026-07-22 11:44,S07,FROST-S07,3.2
2026-07-22 11:44,S08,FROST-S08,3.7
2026-07-22 11:44,S09,FROST-S09,3.6
2026-07-22 11:44,S10,FROST-S10,3.8
2026-07-22 11:44,S11,FROST-S11,3.8
2026-07-22 11:44,S12,FROST-S12,3.4
2026-07-22 12:14,S01,FROST-S01,3.2
2026-07-22 12:14,S02,FROST-S02,3.8
2026-07-22 12:14,S03,FROST-S03,3.3
2026-07-22 12:14,S04,FROST-S04,3.3
2026-07-22 12:14,S05,FROST-S05,3.8
2026-07-22 12:14,S06,FROST-S06,3.2
2026-07-22 12:14,S07,FROST-S07,3.5
2026-07-22 12:14,S08,FROST-S08,3.2
2026-07-22 12:14,S09,FROST-S09,3.4
2026-07-22 12:14,S10,FROST-S10,3.4
2026-07-22 12:14,S11,FROST-S11,3.7
2026-07-22 12:14,S12,FROST-S12,3.4
2026-07-22 12:44,S01,FROST-S01,3.8
2026-07-22 12:44,S02,FROST-S02,3.3
2026-07-22 12:44,S03,FROST-S03,3.4
2026-07-22 12:44,S04,FROST-S04,3.4
2026-07-22 12:44,S05,FROST-S05,3.7
2026-07-22 12:44,S06,FROST-S06,3.8
2026-07-22 12:44,S07,FROST-S07,3.3
2026-07-22 12:44,S08,FROST-S08,3.2
2026-07-22 12:44,S09,FROST-S09,3.5
2026-07-22 12:44,S10,FROST-S10,3.6
2026-07-22 12:44,S11,FROST-S11,3.3
2026-07-22 12:44,S12,FROST-S12,3.7
2026-07-22 13:14,S01,FROST-S01,3.4
2026-07-22 13:14,S02,FROST-S02,3.5
2026-07-22 13:14,S03,FROST-S03,3.6
2026-07-22 13:14,S04,FROST-S04,3.2
2026-07-22 13:14,S05,FROST-S05,3.7
2026-07-22 13:14,S06,FROST-S06,3.6
2026-07-22 13:14,S07,FROST-S07,3.6
2026-07-22 13:14,S08,FROST-S08,3.4
2026-07-22 13:14,S09,FROST-S09,3.5
2026-07-22 13:14,S10,FROST-S10,3.6
2026-07-22 13:14,S11,FROST-S11,3.6
2026-07-22 13:14,S12,FROST-S12,3.2
2026-07-22 13:44,S01,FROST-S01,3.7
2026-07-22 13:44,S02,FROST-S02,3.7
2026-07-22 13:44,S03,FROST-S03,3.4
2026-07-22 13:44,S04,FROST-S04,3.5
2026-07-22 13:44,S05,FROST-S05,3.7
2026-07-22 13:44,S06,FROST-S06,3.6
2026-07-22 13:44,S07,FROST-S07,3.3
2026-07-22 13:44,S08,FROST-S08,3.5
2026-07-22 13:44,S09,FROST-S09,3.3
2026-07-22 13:44,S10,FROST-S10,3.6
2026-07-22 13:44,S11,FROST-S11,3.3
2026-07-22 13:44,S12,FROST-S12,3.7
2026-07-22 14:14,S01,FROST-S01,3.3
2026-07-22 14:14,S02,FROST-S02,3.3
2026-07-22 14:14,S03,FROST-S03,3.3
2026-07-22 14:14,S04,FROST-S04,3.6
2026-07-22 14:14,S05,FROST-S05,3.2
2026-07-22 14:14,S06,FROST-S06,3.6
2026-07-22 14:14,S07,FROST-S07,3.7
2026-07-22 14:14,S08,FROST-S08,3.8
2026-07-22 14:14,S09,FROST-S09,3.7
2026-07-22 14:14,S10,FROST-S10,3.4
2026-07-22 14:14,S11,FROST-S11,3.8
2026-07-22 14:14,S12,FROST-S12,3.2
2026-07-22 14:44,S01,FROST-S01,3.4
2026-07-22 14:44,S02,FROST-S02,3.6
2026-07-22 14:44,S03,FROST-S03,3.2
2026-07-22 14:44,S04,FROST-S04,3.4
2026-07-22 14:44,S05,FROST-S05,3.3
2026-07-22 14:44,S06,FROST-S06,3.3
2026-07-22 14:44,S07,FROST-S07,3.7
2026-07-22 14:44,S08,FROST-S08,3.5
2026-07-22 14:44,S09,FROST-S09,3.4
2026-07-22 14:44,S10,FROST-S10,3.6
2026-07-22 14:44,S11,FROST-S11,3.5
2026-07-22 14:44,S12,FROST-S12,3.4
2026-07-22 15:14,S01,FROST-S01,3.3
2026-07-22 15:14,S02,FROST-S02,3.4
2026-07-22 15:14,S03,FROST-S03,3.3
2026-07-22 15:14,S04,FROST-S04,3.6
2026-07-22 15:14,S05,FROST-S05,3.7
2026-07-22 15:14,S06,FROST-S06,3.6
2026-07-22 15:14,S07,FROST-S07,3.6
2026-07-22 15:14,S08,FROST-S08,3.7
2026-07-22 15:14,S09,FROST-S09,3.6
2026-07-22 15:14,S10,FROST-S10,3.6
2026-07-22 15:14,S11,FROST-S11,3.4
2026-07-22 15:14,S12,FROST-S12,3.4
2026-07-22 15:44,S01,FROST-S01,3.3
2026-07-22 15:44,S02,FROST-S02,3.5
2026-07-22 15:44,S03,FROST-S03,3.8
2026-07-22 15:44,S04,FROST-S04,3.5
2026-07-22 15:44,S05,FROST-S05,3.6
2026-07-22 15:44,S06,FROST-S06,3.7
2026-07-22 15:44,S07,FROST-S07,3.5
2026-07-22 15:44,S08,FROST-S08,3.7
2026-07-22 15:44,S09,FROST-S09,3.3
2026-07-22 15:44,S10,FROST-S10,3.7
2026-07-22 15:44,S11,FROST-S11,3.5
2026-07-22 15:44,S12,FROST-S12,3.3
2026-07-22 16:14,S01,FROST-S01,3.5
2026-07-22 16:14,S02,FROST-S02,3.3
2026-07-22 16:14,S03,FROST-S03,3.7
2026-07-22 16:14,S04,FROST-S04,3.3
2026-07-22 16:14,S05,FROST-S05,3.2
2026-07-22 16:14,S06,FROST-S06,3.3
2026-07-22 16:14,S07,FROST-S07,3.4
2026-07-22 16:14,S08,FROST-S08,3.3
2026-07-22 16:14,S09,FROST-S09,3.6
2026-07-22 16:14,S10,FROST-S10,3.5
2026-07-22 16:14,S11,FROST-S11,3.8
2026-07-22 16:14,S12,FROST-S12,3.7
2026-07-22 16:44,S01,FROST-S01,3.8
2026-07-22 16:44,S02,FROST-S02,3.5
2026-07-22 16:44,S03,FROST-S03,3.2
2026-07-22 16:44,S04,FROST-S04,3.6
2026-07-22 16:44,S05,FROST-S05,3.3
2026-07-22 16:44,S06,FROST-S06,3.2
2026-07-22 16:44,S07,FROST-S07,3.6
2026-07-22 16:44,S08,FROST-S08,3.7
2026-07-22 16:44,S09,FROST-S09,3.7
2026-07-22 16:44,S10,FROST-S10,3.4
2026-07-22 16:44,S11,FROST-S11,3.5
2026-07-22 16:44,S12,FROST-S12,3.8
2026-07-22 17:14,S01,FROST-S01,3.6
2026-07-22 17:14,S02,FROST-S02,3.4
2026-07-22 17:14,S03,FROST-S03,3.4
2026-07-22 17:14,S04,FROST-S04,3.7
2026-07-22 17:14,S05,FROST-S05,3.4
2026-07-22 17:14,S06,FROST-S06,3.2
2026-07-22 17:14,S07,FROST-S07,3.4
2026-07-22 17:14,S08,FROST-S08,3.6
2026-07-22 17:14,S09,FROST-S09,3.2
2026-07-22 17:14,S10,FROST-S10,3.4
2026-07-22 17:14,S11,FROST-S11,3.7
2026-07-22 17:14,S12,FROST-S12,3.6
2026-07-22 17:44,S01,FROST-S01,3.7
2026-07-22 17:44,S02,FROST-S02,3.8
2026-07-22 17:44,S03,FROST-S03,3.4
2026-07-22 17:44,S04,FROST-S04,3.7
2026-07-22 17:44,S05,FROST-S05,3.5
2026-07-22 17:44,S06,FROST-S06,3.4
2026-07-22 17:44,S07,FROST-S07,3.3
2026-07-22 17:44,S08,FROST-S08,3.7
2026-07-22 17:44,S09,FROST-S09,3.3
2026-07-22 17:44,S10,FROST-S10,3.6
2026-07-22 17:44,S11,FROST-S11,3.5
2026-07-22 17:44,S12,FROST-S12,3.5
2026-07-22 18:14,S01,FROST-S01,3.7
2026-07-22 18:14,S02,FROST-S02,3.6
2026-07-22 18:14,S03,FROST-S03,3.5
2026-07-22 18:14,S04,FROST-S04,3.7
2026-07-22 18:14,S05,FROST-S05,3.3
2026-07-22 18:14,S06,FROST-S06,3.3
2026-07-22 18:14,S07,FROST-S07,3.8
2026-07-22 18:14,S08,FROST-S08,3.8
2026-07-22 18:14,S09,FROST-S09,3.5
2026-07-22 18:14,S10,FROST-S10,3.4
2026-07-22 18:14,S11,FROST-S11,3.8
2026-07-22 18:14,S12,FROST-S12,3.5
2026-07-22 18:44,S01,FROST-S01,3.2
2026-07-22 18:44,S02,FROST-S02,3.2
2026-07-22 18:44,S03,FROST-S03,3.2
2026-07-22 18:44,S04,FROST-S04,3.7
2026-07-22 18:44,S05,FROST-S05,3.6
2026-07-22 18:44,S06,FROST-S06,3.6
2026-07-22 18:44,S07,FROST-S07,3.4
2026-07-22 18:44,S08,FROST-S08,3.7
2026-07-22 18:44,S09,FROST-S09,3.7
2026-07-22 18:44,S10,FROST-S10,3.6
2026-07-22 18:44,S11,FROST-S11,3.6
2026-07-22 18:44,S12,FROST-S12,3.7
2026-07-22 19:14,S01,FROST-S01,3.5
2026-07-22 19:14,S02,FROST-S02,3.8
2026-07-22 19:14,S03,FROST-S03,3.7
2026-07-22 19:14,S04,FROST-S04,3.2
2026-07-22 19:14,S05,FROST-S05,3.5
2026-07-22 19:14,S06,FROST-S06,3.4
2026-07-22 19:14,S07,FROST-S07,3.4
2026-07-22 19:14,S08,FROST-S08,3.6
2026-07-22 19:14,S09,FROST-S09,3.4
2026-07-22 19:14,S10,FROST-S10,3.6
2026-07-22 19:14,S11,FROST-S11,3.8
2026-07-22 19:14,S12,FROST-S12,3.2
2026-07-22 19:44,S01,FROST-S01,3.3
2026-07-22 19:44,S02,FROST-S02,3.7
2026-07-22 19:44,S03,FROST-S03,3.5
2026-07-22 19:44,S04,FROST-S04,3.7
2026-07-22 19:44,S05,FROST-S05,3.6
2026-07-22 19:44,S06,FROST-S06,3.8
2026-07-22 19:44,S07,FROST-S07,3.3
2026-07-22 19:44,S08,FROST-S08,3.7
2026-07-22 19:44,S09,FROST-S09,3.5
2026-07-22 19:44,S10,FROST-S10,3.3
2026-07-22 19:44,S11,FROST-S11,3.8
2026-07-22 19:44,S12,FROST-S12,3.2
2026-07-22 20:14,S01,FROST-S01,3.5
2026-07-22 20:14,S02,FROST-S02,3.8
2026-07-22 20:14,S03,FROST-S03,3.4
2026-07-22 20:14,S04,FROST-S04,3.6
2026-07-22 20:14,S05,FROST-S05,3.7
2026-07-22 20:14,S06,FROST-S06,3.5
2026-07-22 20:14,S07,FROST-S07,3.5
2026-07-22 20:14,S08,FROST-S08,3.4
2026-07-22 20:14,S09,FROST-S09,3.3
2026-07-22 20:14,S10,FROST-S10,3.7
2026-07-22 20:14,S11,FROST-S11,3.8
2026-07-22 20:14,S12,FROST-S12,3.7
2026-07-22 20:44,S01,FROST-S01,3.3
2026-07-22 20:44,S02,FROST-S02,3.6
2026-07-22 20:44,S03,FROST-S03,3.6
2026-07-22 20:44,S04,FROST-S04,3.3
2026-07-22 20:44,S05,FROST-S05,3.8
2026-07-22 20:44,S06,FROST-S06,3.5
2026-07-22 20:44,S07,FROST-S07,3.4
2026-07-22 20:44,S08,FROST-S08,3.2
2026-07-22 20:44,S09,FROST-S09,3.7
2026-07-22 20:44,S10,FROST-S10,3.4
2026-07-22 20:44,S11,FROST-S11,3.4
2026-07-22 20:44,S12,FROST-S12,3.3
2026-07-22 21:14,S01,FROST-S01,3.8
2026-07-22 21:14,S02,FROST-S02,3.3
2026-07-22 21:14,S03,FROST-S03,3.5
2026-07-22 21:14,S04,FROST-S04,3.7
2026-07-22 21:14,S05,FROST-S05,3.5
2026-07-22 21:14,S06,FROST-S06,3.4
2026-07-22 21:14,S07,FROST-S07,3.5
2026-07-22 21:14,S08,FROST-S08,3.7
2026-07-22 21:14,S09,FROST-S09,3.6
2026-07-22 21:14,S10,FROST-S10,3.4
2026-07-22 21:14,S11,FROST-S11,3.3
2026-07-22 21:14,S12,FROST-S12,3.7
2026-07-22 21:44,S01,FROST-S01,3.5
2026-07-22 21:44,S02,FROST-S02,3.8
2026-07-22 21:44,S03,FROST-S03,3.6
2026-07-22 21:44,S04,FROST-S04,3.8
2026-07-22 21:44,S05,FROST-S05,3.6
2026-07-22 21:44,S06,FROST-S06,3.4
2026-07-22 21:44,S07,FROST-S07,3.5
2026-07-22 21:44,S08,FROST-S08,3.7
2026-07-22 21:44,S09,FROST-S09,3.3
2026-07-22 21:44,S10,FROST-S10,3.3
2026-07-22 21:44,S11,FROST-S11,3.6
2026-07-22 21:44,S12,FROST-S12,3.8
2026-07-22 22:14,S01,FROST-S01,3.5
2026-07-22 22:14,S02,FROST-S02,3.7
2026-07-22 22:14,S03,FROST-S03,3.2
2026-07-22 22:14,S04,FROST-S04,3.5
2026-07-22 22:14,S05,FROST-S05,3.5
2026-07-22 22:14,S06,FROST-S06,3.7
2026-07-22 22:14,S07,FROST-S07,3.6
2026-07-22 22:14,S08,FROST-S08,3.5
2026-07-22 22:14,S09,FROST-S09,3.4
2026-07-22 22:14,S10,FROST-S10,3.3
2026-07-22 22:14,S11,FROST-S11,3.7
2026-07-22 22:14,S12,FROST-S12,3.5
2026-07-22 22:44,S01,FROST-S01,3.8
2026-07-22 22:44,S02,FROST-S02,3.4
2026-07-22 22:44,S03,FROST-S03,3.6
2026-07-22 22:44,S04,FROST-S04,3.4
2026-07-22 22:44,S05,FROST-S05,3.7
2026-07-22 22:44,S06,FROST-S06,3.4
2026-07-22 22:44,S07,FROST-S07,3.4
2026-07-22 22:44,S08,FROST-S08,3.4
2026-07-22 22:44,S09,FROST-S09,3.5
2026-07-22 22:44,S10,FROST-S10,3.3
2026-07-22 22:44,S11,FROST-S11,3.6
2026-07-22 22:44,S12,FROST-S12,3.4
2026-07-22 23:14,S01,FROST-S01,3.6
2026-07-22 23:14,S02,FROST-S02,3.6
2026-07-22 23:14,S03,FROST-S03,3.6
2026-07-22 23:14,S04,FROST-S04,3.3
2026-07-22 23:14,S05,FROST-S05,3.7
2026-07-22 23:14,S06,FROST-S06,3.5
2026-07-22 23:14,S07,FROST-S07,3.3
2026-07-22 23:14,S08,FROST-S08,3.5
2026-07-22 23:14,S09,FROST-S09,3.7
2026-07-22 23:14,S10,FROST-S10,3.3
2026-07-22 23:14,S11,FROST-S11,3.8
2026-07-22 23:14,S12,FROST-S12,3.7
2026-07-22 23:44,S01,FROST-S01,3.2
2026-07-22 23:44,S02,FROST-S02,3.7
2026-07-22 23:44,S03,FROST-S03,3.6
2026-07-22 23:44,S04,FROST-S04,3.7
2026-07-22 23:44,S05,FROST-S05,3.4
2026-07-22 23:44,S06,FROST-S06,3.4
2026-07-22 23:44,S07,FROST-S07,3.2
2026-07-22 23:44,S08,FROST-S08,3.5
2026-07-22 23:44,S09,FROST-S09,3.5
2026-07-22 23:44,S10,FROST-S10,3.2
2026-07-22 23:44,S11,FROST-S11,3.6
2026-07-22 23:44,S12,FROST-S12,3.5
2026-07-23 00:14,S01,FROST-S01,3.6
2026-07-23 00:14,S02,FROST-S02,3.5
2026-07-23 00:14,S03,FROST-S03,3.6
2026-07-23 00:14,S04,FROST-S04,3.4
2026-07-23 00:14,S05,FROST-S05,3.2
2026-07-23 00:14,S06,FROST-S06,3.6
2026-07-23 00:14,S07,FROST-S07,3.3
2026-07-23 00:14,S08,FROST-S08,3.2
2026-07-23 00:14,S09,FROST-S09,3.6
2026-07-23 00:14,S10,FROST-S10,3.6
2026-07-23 00:14,S11,FROST-S11,3.4
2026-07-23 00:14,S12,FROST-S12,3.6
2026-07-23 00:44,S01,FROST-S01,3.5
2026-07-23 00:44,S02,FROST-S02,3.5
2026-07-23 00:44,S03,FROST-S03,3.5
2026-07-23 00:44,S04,FROST-S04,3.5
2026-07-23 00:44,S05,FROST-S05,3.5
2026-07-23 00:44,S06,FROST-S06,3.3
2026-07-23 00:44,S07,FROST-S07,3.4
2026-07-23 00:44,S08,FROST-S08,3.2
2026-07-23 00:44,S09,FROST-S09,3.8
2026-07-23 00:44,S10,FROST-S10,3.6
2026-07-23 00:44,S11,FROST-S11,3.6
2026-07-23 00:44,S12,FROST-S12,3.6
2026-07-23 01:14,S01,FROST-S01,3.3
2026-07-23 01:14,S02,FROST-S02,3.2
2026-07-23 01:14,S03,FROST-S03,3.8
2026-07-23 01:14,S04,FROST-S04,3.3
2026-07-23 01:14,S05,FROST-S05,3.6
2026-07-23 01:14,S06,FROST-S06,3.7
2026-07-23 01:14,S07,FROST-S07,3.2
2026-07-23 01:14,S08,FROST-S08,3.6
2026-07-23 01:14,S09,FROST-S09,3.6
2026-07-23 01:14,S10,FROST-S10,3.7
2026-07-23 01:14,S11,FROST-S11,3.7
2026-07-23 01:14,S12,FROST-S12,3.7
2026-07-23 01:44,S01,FROST-S01,3.3
2026-07-23 01:44,S02,FROST-S02,3.5
2026-07-23 01:44,S03,FROST-S03,3.6
2026-07-23 01:44,S04,FROST-S04,3.7
2026-07-23 01:44,S05,FROST-S05,3.2
2026-07-23 01:44,S06,FROST-S06,3.8
2026-07-23 01:44,S07,FROST-S07,3.8
2026-07-23 01:44,S08,FROST-S08,3.6
2026-07-23 01:44,S09,FROST-S09,3.2
2026-07-23 01:44,S10,FROST-S10,3.5
2026-07-23 01:44,S11,FROST-S11,3.3
2026-07-23 01:44,S12,FROST-S12,3.7
2026-07-23 02:14,S01,FROST-S01,3.3
2026-07-23 02:14,S02,FROST-S02,3.6
2026-07-23 02:14,S03,FROST-S03,3.3
2026-07-23 02:14,S04,FROST-S04,3.8
2026-07-23 02:14,S05,FROST-S05,3.4
2026-07-23 02:14,S06,FROST-S06,3.3
2026-07-23 02:14,S07,FROST-S07,3.5
2026-07-23 02:14,S08,FROST-S08,3.7
2026-07-23 02:14,S09,FROST-S09,3.7
2026-07-23 02:14,S10,FROST-S10,3.3
2026-07-23 02:14,S11,FROST-S11,3.8
2026-07-23 02:14,S12,FROST-S12,3.3
2026-07-23 02:44,S01,FROST-S01,3.4
2026-07-23 02:44,S02,FROST-S02,3.5
2026-07-23 02:44,S03,FROST-S03,3.4
2026-07-23 02:44,S04,FROST-S04,3.7
2026-07-23 02:44,S05,FROST-S05,3.6
2026-07-23 02:44,S06,FROST-S06,3.3
2026-07-23 02:44,S07,FROST-S07,3.7
2026-07-23 02:44,S08,FROST-S08,3.8
2026-07-23 02:44,S09,FROST-S09,3.7
2026-07-23 02:44,S10,FROST-S10,3.3
2026-07-23 02:44,S11,FROST-S11,3.3
2026-07-23 02:44,S12,FROST-S12,3.5
2026-07-23 03:14,S01,FROST-S01,3.3
2026-07-23 03:14,S02,FROST-S02,3.8
2026-07-23 03:14,S03,FROST-S03,3.3
2026-07-23 03:14,S04,FROST-S04,3.4
2026-07-23 03:14,S05,FROST-S05,3.3
2026-07-23 03:14,S06,FROST-S06,3.6
2026-07-23 03:14,S07,FROST-S07,3.5
2026-07-23 03:14,S08,FROST-S08,3.3
2026-07-23 03:14,S09,FROST-S09,3.4
2026-07-23 03:14,S10,FROST-S10,3.5
2026-07-23 03:14,S11,FROST-S11,3.6
2026-07-23 03:14,S12,FROST-S12,3.7
2026-07-23 03:44,S01,FROST-S01,3.3
2026-07-23 03:44,S02,FROST-S02,3.7
2026-07-23 03:44,S03,FROST-S03,3.6
2026-07-23 03:44,S04,FROST-S04,3.4
2026-07-23 03:44,S05,FROST-S05,3.3
2026-07-23 03:44,S06,FROST-S06,3.6
2026-07-23 03:44,S07,FROST-S07,3.3
2026-07-23 03:44,S08,FROST-S08,3.5
2026-07-23 03:44,S09,FROST-S09,3.3
2026-07-23 03:44,S10,FROST-S10,3.5
2026-07-23 03:44,S11,FROST-S11,3.3
2026-07-23 03:44,S12,FROST-S12,3.6
2026-07-23 04:14,S01,FROST-S01,3.5
2026-07-23 04:14,S02,FROST-S02,3.6
2026-07-23 04:14,S03,FROST-S03,3.6
2026-07-23 04:14,S04,FROST-S04,3.3
2026-07-23 04:14,S05,FROST-S05,3.2
2026-07-23 04:14,S06,FROST-S06,3.7
2026-07-23 04:14,S07,FROST-S07,3.4
2026-07-23 04:14,S08,FROST-S08,3.5
2026-07-23 04:14,S09,FROST-S09,3.6
2026-07-23 04:14,S10,FROST-S10,3.7
2026-07-23 04:14,S11,FROST-S11,3.4
2026-07-23 04:14,S12,FROST-S12,3.8
2026-07-23 04:44,S01,FROST-S01,3.7
2026-07-23 04:44,S02,FROST-S02,3.7
2026-07-23 04:44,S03,FROST-S03,3.2
2026-07-23 04:44,S04,FROST-S04,3.7
2026-07-23 04:44,S05,FROST-S05,3.4
2026-07-23 04:44,S06,FROST-S06,3.6
2026-07-23 04:44,S07,FROST-S07,3.6
2026-07-23 04:44,S08,FROST-S08,3.5
2026-07-23 04:44,S09,FROST-S09,3.5
2026-07-23 04:44,S10,FROST-S10,3.7
2026-07-23 04:44,S11,FROST-S11,3.6
2026-07-23 04:44,S12,FROST-S12,3.3
2026-07-23 05:14,S01,FROST-S01,3.4
2026-07-23 05:14,S02,FROST-S02,3.7
2026-07-23 05:14,S03,FROST-S03,3.5
2026-07-23 05:14,S04,FROST-S04,3.5
2026-07-23 05:14,S05,FROST-S05,3.4
2026-07-23 05:14,S06,FROST-S06,3.3
2026-07-23 05:14,S07,FROST-S07,3.5
2026-07-23 05:14,S08,FROST-S08,3.6
2026-07-23 05:14,S09,FROST-S09,3.5
2026-07-23 05:14,S10,FROST-S10,3.6
2026-07-23 05:14,S11,FROST-S11,3.7
2026-07-23 05:14,S12,FROST-S12,3.3
2026-07-23 05:44,S01,FROST-S01,3.3
2026-07-23 05:44,S02,FROST-S02,3.3
2026-07-23 05:44,S03,FROST-S03,3.3
2026-07-23 05:44,S04,FROST-S04,3.6
2026-07-23 05:44,S05,FROST-S05,3.6
2026-07-23 05:44,S06,FROST-S06,3.3
2026-07-23 05:44,S07,FROST-S07,3.3
2026-07-23 05:44,S08,FROST-S08,3.3
2026-07-23 05:44,S09,FROST-S09,3.5
2026-07-23 05:44,S10,FROST-S10,3.3
2026-07-23 05:44,S11,FROST-S11,3.8
2026-07-23 05:44,S12,FROST-S12,3.6
2026-07-23 06:14,S01,FROST-S01,3.3
2026-07-23 06:14,S02,FROST-S02,3.4
2026-07-23 06:14,S03,FROST-S03,3.8
2026-07-23 06:14,S04,FROST-S04,3.4
2026-07-23 06:14,S05,FROST-S05,3.5
2026-07-23 06:14,S06,FROST-S06,3.7
2026-07-23 06:14,S07,FROST-S07,3.4
2026-07-23 06:14,S08,FROST-S08,3.6
2026-07-23 06:14,S09,FROST-S09,3.3
2026-07-23 06:14,S10,FROST-S10,3.3
2026-07-23 06:14,S11,FROST-S11,3.7
2026-07-23 06:14,S12,FROST-S12,3.3
2026-07-23 06:44,S01,FROST-S01,3.3
2026-07-23 06:44,S02,FROST-S02,3.3
2026-07-23 06:44,S03,FROST-S03,3.2
2026-07-23 06:44,S04,FROST-S04,3.5
2026-07-23 06:44,S05,FROST-S05,3.3
2026-07-23 06:44,S06,FROST-S06,3.7
2026-07-23 06:44,S07,FROST-S07,3.7
2026-07-23 06:44,S08,FROST-S08,3.7
2026-07-23 06:44,S09,FROST-S09,3.5
2026-07-23 06:44,S10,FROST-S10,3.8
2026-07-23 06:44,S11,FROST-S11,3.7
2026-07-23 06:44,S12,FROST-S12,3.6
2026-07-23 07:14,S01,FROST-S01,3.4
2026-07-23 07:14,S02,FROST-S02,3.6
2026-07-23 07:14,S03,FROST-S03,3.7
2026-07-23 07:14,S04,FROST-S04,3.3
2026-07-23 07:14,S05,FROST-S05,3.2
2026-07-23 07:14,S06,FROST-S06,3.5
2026-07-23 07:14,S07,FROST-S07,3.4
2026-07-23 07:14,S08,FROST-S08,3.7
2026-07-23 07:14,S09,FROST-S09,3.8
2026-07-23 07:14,S10,FROST-S10,3.3
2026-07-23 07:14,S11,FROST-S11,3.6
2026-07-23 07:14,S12,FROST-S12,3.3
2026-07-23 07:44,S01,FROST-S01,3.8
2026-07-23 07:44,S02,FROST-S02,3.3
2026-07-23 07:44,S03,FROST-S03,3.7
2026-07-23 07:44,S04,FROST-S04,3.6
2026-07-23 07:44,S05,FROST-S05,3.3
2026-07-23 07:44,S06,FROST-S06,3.4
2026-07-23 07:44,S07,FROST-S07,3.2
2026-07-23 07:44,S08,FROST-S08,3.2
2026-07-23 07:44,S09,FROST-S09,3.8
2026-07-23 07:44,S10,FROST-S10,3.6
2026-07-23 07:44,S11,FROST-S11,3.5
2026-07-23 07:44,S12,FROST-S12,3.4
2026-07-23 08:14,S01,FROST-S01,3.6
2026-07-23 08:14,S02,FROST-S02,3.2
2026-07-23 08:14,S03,FROST-S03,3.5
2026-07-23 08:14,S04,FROST-S04,3.5
2026-07-23 08:14,S05,FROST-S05,3.4
2026-07-23 08:14,S06,FROST-S06,3.6
2026-07-23 08:14,S07,FROST-S07,3.5
2026-07-23 08:14,S08,FROST-S08,3.7
2026-07-23 08:14,S09,FROST-S09,3.3
2026-07-23 08:14,S10,FROST-S10,3.2
2026-07-23 08:14,S11,FROST-S11,3.5
2026-07-23 08:14,S12,FROST-S12,3.4
2026-07-23 08:44,S01,FROST-S01,3.6
2026-07-23 08:44,S02,FROST-S02,3.7
2026-07-23 08:44,S03,FROST-S03,3.7
2026-07-23 08:44,S04,FROST-S04,3.5
2026-07-23 08:44,S05,FROST-S05,3.3
2026-07-23 08:44,S06,FROST-S06,3.7
2026-07-23 08:44,S07,FROST-S07,3.5
2026-07-23 08:44,S08,FROST-S08,3.6
2026-07-23 08:44,S09,FROST-S09,3.5
2026-07-23 08:44,S10,FROST-S10,3.4
2026-07-23 08:44,S11,FROST-S11,3.4
2026-07-23 08:44,S12,FROST-S12,3.4
2026-07-23 09:14,S01,FROST-S01,3.4
2026-07-23 09:14,S02,FROST-S02,3.5
2026-07-23 09:14,S03,FROST-S03,3.5
2026-07-23 09:14,S04,FROST-S04,3.8
2026-07-23 09:14,S05,FROST-S05,3.2
2026-07-23 09:14,S06,FROST-S06,3.7
2026-07-23 09:14,S07,FROST-S07,3.8
2026-07-23 09:14,S08,FROST-S08,3.4
2026-07-23 09:14,S09,FROST-S09,3.8
2026-07-23 09:14,S10,FROST-S10,3.5
2026-07-23 09:14,S11,FROST-S11,3.7
2026-07-23 09:14,S12,FROST-S12,3.8
2026-07-23 09:44,S01,FROST-S01,3.5
2026-07-23 09:44,S02,FROST-S02,3.3
2026-07-23 09:44,S03,FROST-S03,3.3
2026-07-23 09:44,S04,FROST-S04,3.5
2026-07-23 09:44,S05,FROST-S05,3.6
2026-07-23 09:44,S06,FROST-S06,3.7
2026-07-23 09:44,S07,FROST-S07,3.5
2026-07-23 09:44,S08,FROST-S08,3.6
2026-07-23 09:44,S09,FROST-S09,3.5
2026-07-23 09:44,S10,FROST-S10,3.4
2026-07-23 09:44,S11,FROST-S11,3.7
2026-07-23 09:44,S12,FROST-S12,3.3
2026-07-23 10:14,S01,FROST-S01,3.7
2026-07-23 10:14,S02,FROST-S02,3.4
2026-07-23 10:14,S03,FROST-S03,3.5
2026-07-23 10:14,S04,FROST-S04,3.8
2026-07-23 10:14,S05,FROST-S05,3.7
2026-07-23 10:14,S06,FROST-S06,3.8
2026-07-23 10:14,S07,FROST-S07,3.5
2026-07-23 10:14,S08,FROST-S08,3.6
2026-07-23 10:14,S09,FROST-S09,3.3
2026-07-23 10:14,S10,FROST-S10,3.2
2026-07-23 10:14,S11,FROST-S11,3.4
2026-07-23 10:14,S12,FROST-S12,3.7
2026-07-23 10:44,S01,FROST-S01,3.3
2026-07-23 10:44,S02,FROST-S02,3.7
2026-07-23 10:44,S03,FROST-S03,3.7
2026-07-23 10:44,S04,FROST-S04,3.3
2026-07-23 10:44,S05,FROST-S05,3.6
2026-07-23 10:44,S06,FROST-S06,3.5
2026-07-23 10:44,S07,FROST-S07,3.2
2026-07-23 10:44,S08,FROST-S08,3.4
2026-07-23 10:44,S09,FROST-S09,3.6
2026-07-23 10:44,S10,FROST-S10,3.5
2026-07-23 10:44,S11,FROST-S11,3.6
2026-07-23 10:44,S12,FROST-S12,3.6
2026-07-23 11:14,S01,FROST-S01,3.4
2026-07-23 11:14,S02,FROST-S02,3.7
2026-07-23 11:14,S03,FROST-S03,3.3
2026-07-23 11:14,S04,FROST-S04,3.3
2026-07-23 11:14,S05,FROST-S05,3.7
2026-07-23 11:14,S06,FROST-S06,3.2
2026-07-23 11:14,S07,FROST-S07,3.5
2026-07-23 11:14,S08,FROST-S08,3.3
2026-07-23 11:14,S09,FROST-S09,3.3
2026-07-23 11:14,S10,FROST-S10,3.8
2026-07-23 11:14,S11,FROST-S11,3.4
2026-07-23 11:14,S12,FROST-S12,3.6
2026-07-23 11:44,S01,FROST-S01,3.2
2026-07-23 11:44,S02,FROST-S02,3.3
2026-07-23 11:44,S03,FROST-S03,3.3
2026-07-23 11:44,S04,FROST-S04,3.3
2026-07-23 11:44,S05,FROST-S05,3.3
2026-07-23 11:44,S06,FROST-S06,3.6
2026-07-23 11:44,S07,FROST-S07,3.3
2026-07-23 11:44,S08,FROST-S08,3.5
2026-07-23 11:44,S09,FROST-S09,3.2
2026-07-23 11:44,S10,FROST-S10,3.5
2026-07-23 11:44,S11,FROST-S11,3.7
2026-07-23 11:44,S12,FROST-S12,3.3
2026-07-23 12:14,S01,FROST-S01,3.5
2026-07-23 12:14,S02,FROST-S02,3.6
2026-07-23 12:14,S03,FROST-S03,3.2
2026-07-23 12:14,S04,FROST-S04,3.3
2026-07-23 12:14,S05,FROST-S05,3.5
2026-07-23 12:14,S06,FROST-S06,3.3
2026-07-23 12:14,S07,FROST-S07,3.2
2026-07-23 12:14,S08,FROST-S08,3.2
2026-07-23 12:14,S09,FROST-S09,3.8
2026-07-23 12:14,S10,FROST-S10,3.4
2026-07-23 12:14,S11,FROST-S11,3.3
2026-07-23 12:14,S12,FROST-S12,3.5
2026-07-23 12:44,S01,FROST-S01,3.7
2026-07-23 12:44,S02,FROST-S02,3.4
2026-07-23 12:44,S03,FROST-S03,3.7
2026-07-23 12:44,S04,FROST-S04,3.5
2026-07-23 12:44,S05,FROST-S05,3.6
2026-07-23 12:44,S06,FROST-S06,3.3
2026-07-23 12:44,S07,FROST-S07,3.5
2026-07-23 12:44,S08,FROST-S08,3.4
2026-07-23 12:44,S09,FROST-S09,3.5
2026-07-23 12:44,S10,FROST-S10,3.3
2026-07-23 12:44,S11,FROST-S11,3.7
2026-07-23 12:44,S12,FROST-S12,3.8
2026-07-23 13:14,S01,FROST-S01,3.2
2026-07-23 13:14,S02,FROST-S02,3.5
2026-07-23 13:14,S03,FROST-S03,3.4
2026-07-23 13:14,S04,FROST-S04,3.3
2026-07-23 13:14,S05,FROST-S05,3.6
2026-07-23 13:14,S06,FROST-S06,3.2
2026-07-23 13:14,S07,FROST-S07,3.6
2026-07-23 13:14,S08,FROST-S08,3.3
2026-07-23 13:14,S09,FROST-S09,3.7
2026-07-23 13:14,S10,FROST-S10,3.8
2026-07-23 13:14,S11,FROST-S11,3.6
2026-07-23 13:14,S12,FROST-S12,3.3
2026-07-23 13:44,S01,FROST-S01,3.2
2026-07-23 13:44,S02,FROST-S02,3.5
2026-07-23 13:44,S03,FROST-S03,3.3
2026-07-23 13:44,S04,FROST-S04,3.7
2026-07-23 13:44,S05,FROST-S05,3.6
2026-07-23 13:44,S06,FROST-S06,3.6
2026-07-23 13:44,S07,FROST-S07,3.5
2026-07-23 13:44,S08,FROST-S08,3.7
2026-07-23 13:44,S09,FROST-S09,3.8
2026-07-23 13:44,S10,FROST-S10,3.2
2026-07-23 13:44,S11,FROST-S11,3.3
2026-07-23 13:44,S12,FROST-S12,3.6
2026-07-23 14:14,S01,FROST-S01,3.6
2026-07-23 14:14,S02,FROST-S02,3.2
2026-07-23 14:14,S03,FROST-S03,3.8
2026-07-23 14:14,S04,FROST-S04,3.3
2026-07-23 14:14,S05,FROST-S05,3.6
2026-07-23 14:14,S06,FROST-S06,3.7
2026-07-23 14:14,S07,FROST-S07,3.8
2026-07-23 14:14,S08,FROST-S08,3.4
2026-07-23 14:14,S09,FROST-S09,3.7
2026-07-23 14:14,S10,FROST-S10,3.8
2026-07-23 14:14,S11,FROST-S11,3.6
2026-07-23 14:14,S12,FROST-S12,3.4
2026-07-23 14:44,S01,FROST-S01,3.5
2026-07-23 14:44,S02,FROST-S02,3.8
2026-07-23 14:44,S03,FROST-S03,3.5
2026-07-23 14:44,S04,FROST-S04,3.8
2026-07-23 14:44,S05,FROST-S05,3.6
2026-07-23 14:44,S06,FROST-S06,3.5
2026-07-23 14:44,S07,FROST-S07,3.2
2026-07-23 14:44,S08,FROST-S08,3.6
2026-07-23 14:44,S09,FROST-S09,3.4
2026-07-23 14:44,S10,FROST-S10,3.8
2026-07-23 14:44,S11,FROST-S11,3.2
2026-07-23 14:44,S12,FROST-S12,3.4
2026-07-23 15:14,S01,FROST-S01,3.2
2026-07-23 15:14,S02,FROST-S02,3.8
2026-07-23 15:14,S03,FROST-S03,3.4
2026-07-23 15:14,S04,FROST-S04,3.3
2026-07-23 15:14,S05,FROST-S05,3.7
2026-07-23 15:14,S06,FROST-S06,3.4
2026-07-23 15:14,S07,FROST-S07,3.6
2026-07-23 15:14,S08,FROST-S08,3.4
2026-07-23 15:14,S09,FROST-S09,3.5
2026-07-23 15:14,S10,FROST-S10,3.8
2026-07-23 15:14,S11,FROST-S11,3.2
2026-07-23 15:14,S12,FROST-S12,3.7
2026-07-23 15:44,S01,FROST-S01,3.2
2026-07-23 15:44,S02,FROST-S02,3.6
2026-07-23 15:44,S03,FROST-S03,3.6
2026-07-23 15:44,S04,FROST-S04,3.7
2026-07-23 15:44,S05,FROST-S05,3.6
2026-07-23 15:44,S06,FROST-S06,3.6
2026-07-23 15:44,S07,FROST-S07,3.3
2026-07-23 15:44,S08,FROST-S08,3.8
2026-07-23 15:44,S09,FROST-S09,3.2
2026-07-23 15:44,S10,FROST-S10,3.3
2026-07-23 15:44,S11,FROST-S11,3.4
2026-07-23 15:44,S12,FROST-S12,3.6
2026-07-23 16:14,S01,FROST-S01,3.4
2026-07-23 16:14,S02,FROST-S02,3.2
2026-07-23 16:14,S03,FROST-S03,3.6
2026-07-23 16:14,S04,FROST-S04,3.5
2026-07-23 16:14,S05,FROST-S05,3.4
2026-07-23 16:14,S06,FROST-S06,3.5
2026-07-23 16:14,S07,FROST-S07,3.5
2026-07-23 16:14,S08,FROST-S08,3.7
2026-07-23 16:14,S09,FROST-S09,3.7
2026-07-23 16:14,S10,FROST-S10,3.4
2026-07-23 16:14,S11,FROST-S11,3.5
2026-07-23 16:14,S12,FROST-S12,3.4
2026-07-23 16:44,S01,FROST-S01,3.4
2026-07-23 16:44,S02,FROST-S02,3.8
2026-07-23 16:44,S03,FROST-S03,3.2
2026-07-23 16:44,S04,FROST-S04,3.7
2026-07-23 16:44,S05,FROST-S05,3.2
2026-07-23 16:44,S06,FROST-S06,3.4
2026-07-23 16:44,S07,FROST-S07,3.4
2026-07-23 16:44,S08,FROST-S08,3.7
2026-07-23 16:44,S09,FROST-S09,3.4
2026-07-23 16:44,S10,FROST-S10,3.5
2026-07-23 16:44,S11,FROST-S11,3.5
2026-07-23 16:44,S12,FROST-S12,3.3
2026-07-23 17:14,S01,FROST-S01,3.6
2026-07-23 17:14,S02,FROST-S02,3.5
2026-07-23 17:14,S03,FROST-S03,3.5
2026-07-23 17:14,S04,FROST-S04,3.3
2026-07-23 17:14,S05,FROST-S05,3.4
2026-07-23 17:14,S06,FROST-S06,3.4
2026-07-23 17:14,S07,FROST-S07,3.7
2026-07-23 17:14,S08,FROST-S08,3.5
2026-07-23 17:14,S09,FROST-S09,3.3
2026-07-23 17:14,S10,FROST-S10,3.4
2026-07-23 17:14,S11,FROST-S11,3.5
2026-07-23 17:14,S12,FROST-S12,3.4
2026-07-23 17:44,S01,FROST-S01,3.5
2026-07-23 17:44,S02,FROST-S02,3.2
2026-07-23 17:44,S03,FROST-S03,3.3
2026-07-23 17:44,S04,FROST-S04,3.2
2026-07-23 17:44,S05,FROST-S05,3.5
2026-07-23 17:44,S06,FROST-S06,3.4
2026-07-23 17:44,S07,FROST-S07,3.2
2026-07-23 17:44,S08,FROST-S08,3.8
2026-07-23 17:44,S09,FROST-S09,3.3
2026-07-23 17:44,S10,FROST-S10,3.6
2026-07-23 17:44,S11,FROST-S11,3.3
2026-07-23 17:44,S12,FROST-S12,3.7
2026-07-23 18:14,S01,FROST-S01,3.4
2026-07-23 18:14,S02,FROST-S02,3.6
2026-07-23 18:14,S03,FROST-S03,3.4
2026-07-23 18:14,S04,FROST-S04,3.5
2026-07-23 18:14,S05,FROST-S05,3.3
2026-07-23 18:14,S06,FROST-S06,3.5
2026-07-23 18:14,S07,FROST-S07,3.6
2026-07-23 18:14,S08,FROST-S08,3.4
2026-07-23 18:14,S09,FROST-S09,3.3
2026-07-23 18:14,S10,FROST-S10,3.8
2026-07-23 18:14,S11,FROST-S11,3.5
2026-07-23 18:14,S12,FROST-S12,3.7
2026-07-23 18:44,S01,FROST-S01,3.7
2026-07-23 18:44,S02,FROST-S02,3.7
2026-07-23 18:44,S03,FROST-S03,3.4
2026-07-23 18:44,S04,FROST-S04,3.6
2026-07-23 18:44,S05,FROST-S05,3.6
2026-07-23 18:44,S06,FROST-S06,3.5
2026-07-23 18:44,S07,FROST-S07,3.7
2026-07-23 18:44,S08,FROST-S08,3.7
2026-07-23 18:44,S09,FROST-S09,3.8
2026-07-23 18:44,S10,FROST-S10,3.6
2026-07-23 18:44,S11,FROST-S11,3.7
2026-07-23 18:44,S12,FROST-S12,3.7
2026-07-23 19:14,S01,FROST-S01,3.7
2026-07-23 19:14,S02,FROST-S02,3.3
2026-07-23 19:14,S03,FROST-S03,3.2
2026-07-23 19:14,S04,FROST-S04,3.8
2026-07-23 19:14,S05,FROST-S05,3.3
2026-07-23 19:14,S06,FROST-S06,3.7
2026-07-23 19:14,S07,FROST-S07,3.6
2026-07-23 19:14,S08,FROST-S08,3.3
2026-07-23 19:14,S09,FROST-S09,3.5
2026-07-23 19:14,S10,FROST-S10,3.5
2026-07-23 19:14,S11,FROST-S11,3.3
2026-07-23 19:14,S12,FROST-S12,3.4
2026-07-23 19:44,S01,FROST-S01,3.4
2026-07-23 19:44,S02,FROST-S02,3.4
2026-07-23 19:44,S03,FROST-S03,3.4
2026-07-23 19:44,S04,FROST-S04,3.4
2026-07-23 19:44,S05,FROST-S05,3.4
2026-07-23 19:44,S06,FROST-S06,3.5
2026-07-23 19:44,S07,FROST-S07,3.4
2026-07-23 19:44,S08,FROST-S08,3.8
2026-07-23 19:44,S09,FROST-S09,3.5
2026-07-23 19:44,S10,FROST-S10,3.7
2026-07-23 19:44,S11,FROST-S11,3.3
2026-07-23 19:44,S12,FROST-S12,3.6
2026-07-23 20:14,S01,FROST-S01,3.3
2026-07-23 20:14,S02,FROST-S02,3.6
2026-07-23 20:14,S03,FROST-S03,3.3
2026-07-23 20:14,S04,FROST-S04,3.5
2026-07-23 20:14,S05,FROST-S05,3.7
2026-07-23 20:14,S06,FROST-S06,3.7
2026-07-23 20:14,S07,FROST-S07,3.7
2026-07-23 20:14,S08,FROST-S08,3.7
2026-07-23 20:14,S09,FROST-S09,3.7
2026-07-23 20:14,S10,FROST-S10,3.6
2026-07-23 20:14,S11,FROST-S11,3.4
2026-07-23 20:14,S12,FROST-S12,3.6
2026-07-23 20:44,S01,FROST-S01,3.6
2026-07-23 20:44,S02,FROST-S02,3.7
2026-07-23 20:44,S03,FROST-S03,3.8
2026-07-23 20:44,S04,FROST-S04,3.6
2026-07-23 20:44,S05,FROST-S05,3.6
2026-07-23 20:44,S06,FROST-S06,3.7
2026-07-23 20:44,S07,FROST-S07,3.5
2026-07-23 20:44,S08,FROST-S08,3.6
2026-07-23 20:44,S09,FROST-S09,3.8
2026-07-23 20:44,S10,FROST-S10,3.3
2026-07-23 20:44,S11,FROST-S11,3.7
2026-07-23 20:44,S12,FROST-S12,3.7
2026-07-23 21:14,S01,FROST-S01,3.4
2026-07-23 21:14,S02,FROST-S02,3.5
2026-07-23 21:14,S03,FROST-S03,3.8
2026-07-23 21:14,S04,FROST-S04,3.8
2026-07-23 21:14,S05,FROST-S05,3.2
2026-07-23 21:14,S06,FROST-S06,3.2
2026-07-23 21:14,S07,FROST-S07,3.6
2026-07-23 21:14,S08,FROST-S08,3.4
2026-07-23 21:14,S09,FROST-S09,3.7
2026-07-23 21:14,S10,FROST-S10,3.7
2026-07-23 21:14,S11,FROST-S11,3.4
2026-07-23 21:14,S12,FROST-S12,3.4
2026-07-23 21:44,S01,FROST-S01,3.7
2026-07-23 21:44,S02,FROST-S02,3.7
2026-07-23 21:44,S03,FROST-S03,3.3
2026-07-23 21:44,S04,FROST-S04,3.6
2026-07-23 21:44,S05,FROST-S05,3.5
2026-07-23 21:44,S06,FROST-S06,3.7
2026-07-23 21:44,S07,FROST-S07,3.5
2026-07-23 21:44,S08,FROST-S08,3.5
2026-07-23 21:44,S09,FROST-S09,3.6
2026-07-23 21:44,S10,FROST-S10,3.5
2026-07-23 21:44,S11,FROST-S11,3.3
2026-07-23 21:44,S12,FROST-S12,3.4
2026-07-23 22:14,S01,FROST-S01,3.6
2026-07-23 22:14,S02,FROST-S02,3.7
2026-07-23 22:14,S03,FROST-S03,3.5
2026-07-23 22:14,S04,FROST-S04,3.4
2026-07-23 22:14,S05,FROST-S05,3.5
2026-07-23 22:14,S06,FROST-S06,3.8
2026-07-23 22:14,S07,FROST-S07,3.5
2026-07-23 22:14,S08,FROST-S08,3.2
2026-07-23 22:14,S09,FROST-S09,3.3
2026-07-23 22:14,S10,FROST-S10,3.7
2026-07-23 22:14,S11,FROST-S11,3.4
2026-07-23 22:14,S12,FROST-S12,3.5
2026-07-23 22:44,S01,FROST-S01,3.7
2026-07-23 22:44,S02,FROST-S02,3.5
2026-07-23 22:44,S03,FROST-S03,3.5
2026-07-23 22:44,S04,FROST-S04,3.7
2026-07-23 22:44,S05,FROST-S05,3.5
2026-07-23 22:44,S06,FROST-S06,3.4
2026-07-23 22:44,S07,FROST-S07,3.5
2026-07-23 22:44,S08,FROST-S08,3.5
2026-07-23 22:44,S09,FROST-S09,3.5
2026-07-23 22:44,S10,FROST-S10,3.8
2026-07-23 22:44,S11,FROST-S11,3.7
2026-07-23 22:44,S12,FROST-S12,3.6
2026-07-23 23:14,S01,FROST-S01,3.2
2026-07-23 23:14,S02,FROST-S02,3.3
2026-07-23 23:14,S03,FROST-S03,3.3
2026-07-23 23:14,S04,FROST-S04,3.4
2026-07-23 23:14,S05,FROST-S05,3.4
2026-07-23 23:14,S06,FROST-S06,3.4
2026-07-23 23:14,S07,FROST-S07,3.4
2026-07-23 23:14,S08,FROST-S08,3.6
2026-07-23 23:14,S09,FROST-S09,3.6
2026-07-23 23:14,S10,FROST-S10,3.3
2026-07-23 23:14,S11,FROST-S11,3.5
2026-07-23 23:14,S12,FROST-S12,3.5
2026-07-23 23:44,S01,FROST-S01,3.7
2026-07-23 23:44,S02,FROST-S02,3.7
2026-07-23 23:44,S03,FROST-S03,3.5
2026-07-23 23:44,S04,FROST-S04,3.4
2026-07-23 23:44,S05,FROST-S05,3.7
2026-07-23 23:44,S06,FROST-S06,3.5
2026-07-23 23:44,S07,FROST-S07,3.5
2026-07-23 23:44,S08,FROST-S08,3.2
2026-07-23 23:44,S09,FROST-S09,3.4
2026-07-23 23:44,S10,FROST-S10,3.6
2026-07-23 23:44,S11,FROST-S11,3.6
2026-07-23 23:44,S12,FROST-S12,3.3
2026-07-24 00:14,S01,FROST-S01,3.7
2026-07-24 00:14,S02,FROST-S02,3.6
2026-07-24 00:14,S03,FROST-S03,3.6
2026-07-24 00:14,S04,FROST-S04,3.8
2026-07-24 00:14,S05,FROST-S05,3.5
2026-07-24 00:14,S06,FROST-S06,3.6
2026-07-24 00:14,S07,FROST-S07,3.7
2026-07-24 00:14,S08,FROST-S08,3.7
2026-07-24 00:14,S09,FROST-S09,3.5
2026-07-24 00:14,S10,FROST-S10,3.5
2026-07-24 00:14,S11,FROST-S11,3.7
2026-07-24 00:14,S12,FROST-S12,3.3
2026-07-24 00:44,S01,FROST-S01,3.2
2026-07-24 00:44,S02,FROST-S02,3.7
2026-07-24 00:44,S03,FROST-S03,3.7
2026-07-24 00:44,S04,FROST-S04,3.5
2026-07-24 00:44,S05,FROST-S05,3.8
2026-07-24 00:44,S06,FROST-S06,3.3
2026-07-24 00:44,S07,FROST-S07,3.4
2026-07-24 00:44,S08,FROST-S08,3.8
2026-07-24 00:44,S09,FROST-S09,3.2
2026-07-24 00:44,S10,FROST-S10,3.3
2026-07-24 00:44,S11,FROST-S11,3.4
2026-07-24 00:44,S12,FROST-S12,3.4
2026-07-24 01:14,S01,FROST-S01,3.6
2026-07-24 01:14,S02,FROST-S02,3.2
2026-07-24 01:14,S03,FROST-S03,3.7
2026-07-24 01:14,S04,FROST-S04,3.6
2026-07-24 01:14,S05,FROST-S05,3.6
2026-07-24 01:14,S06,FROST-S06,3.5
2026-07-24 01:14,S07,FROST-S07,3.5
2026-07-24 01:14,S08,FROST-S08,3.4
2026-07-24 01:14,S09,FROST-S09,3.4
2026-07-24 01:14,S10,FROST-S10,3.8
2026-07-24 01:14,S11,FROST-S11,3.3
2026-07-24 01:14,S12,FROST-S12,3.4
2026-07-24 01:44,S01,FROST-S01,3.7
2026-07-24 01:44,S02,FROST-S02,3.8
2026-07-24 01:44,S03,FROST-S03,3.5
2026-07-24 01:44,S04,FROST-S04,3.4
2026-07-24 01:44,S05,FROST-S05,3.6
2026-07-24 01:44,S06,FROST-S06,3.6
2026-07-24 01:44,S07,FROST-S07,3.6
2026-07-24 01:44,S08,FROST-S08,3.4
2026-07-24 01:44,S09,FROST-S09,3.7
2026-07-24 01:44,S10,FROST-S10,3.7
2026-07-24 01:44,S11,FROST-S11,3.4
2026-07-24 01:44,S12,FROST-S12,3.3
2026-07-24 02:14,S01,FROST-S01,3.4
2026-07-24 02:14,S02,FROST-S02,3.4
2026-07-24 02:14,S03,FROST-S03,3.3
2026-07-24 02:14,S04,FROST-S04,3.6
2026-07-24 02:14,S05,FROST-S05,3.8
2026-07-24 02:14,S06,FROST-S06,3.2
2026-07-24 02:14,S07,FROST-S07,3.5
2026-07-24 02:14,S08,FROST-S08,3.4
2026-07-24 02:14,S09,FROST-S09,3.3
2026-07-24 02:14,S10,FROST-S10,3.2
2026-07-24 02:14,S11,FROST-S11,3.5
2026-07-24 02:14,S12,FROST-S12,3.5
2026-07-24 02:44,S01,FROST-S01,3.6
2026-07-24 02:44,S02,FROST-S02,3.3
2026-07-24 02:44,S03,FROST-S03,3.6
2026-07-24 02:44,S04,FROST-S04,3.6
2026-07-24 02:44,S05,FROST-S05,3.3
2026-07-24 02:44,S06,FROST-S06,3.4
2026-07-24 02:44,S07,FROST-S07,3.4
2026-07-24 02:44,S08,FROST-S08,3.5
2026-07-24 02:44,S09,FROST-S09,3.5
2026-07-24 02:44,S10,FROST-S10,3.2
2026-07-24 02:44,S11,FROST-S11,3.6
2026-07-24 02:44,S12,FROST-S12,3.5
2026-07-24 03:14,S01,FROST-S01,3.4
2026-07-24 03:14,S02,FROST-S02,3.8
2026-07-24 03:14,S03,FROST-S03,3.3
2026-07-24 03:14,S04,FROST-S04,3.7
2026-07-24 03:14,S05,FROST-S05,3.8
2026-07-24 03:14,S06,FROST-S06,3.7
2026-07-24 03:14,S07,FROST-S07,3.2
2026-07-24 03:14,S08,FROST-S08,3.4
2026-07-24 03:14,S09,FROST-S09,3.5
2026-07-24 03:14,S10,FROST-S10,3.6
2026-07-24 03:14,S11,FROST-S11,3.2
2026-07-24 03:14,S12,FROST-S12,3.6
2026-07-24 03:44,S01,FROST-S01,3.7
2026-07-24 03:44,S02,FROST-S02,3.5
2026-07-24 03:44,S03,FROST-S03,3.7
2026-07-24 03:44,S04,FROST-S04,3.4
2026-07-24 03:44,S05,FROST-S05,3.3
2026-07-24 03:44,S06,FROST-S06,3.7
2026-07-24 03:44,S07,FROST-S07,3.6
2026-07-24 03:44,S08,FROST-S08,3.7
2026-07-24 03:44,S09,FROST-S09,3.8
2026-07-24 03:44,S10,FROST-S10,3.3
2026-07-24 03:44,S11,FROST-S11,3.4
2026-07-24 03:44,S12,FROST-S12,3.2
2026-07-24 04:14,S01,FROST-S01,3.5
2026-07-24 04:14,S02,FROST-S02,3.7
2026-07-24 04:14,S03,FROST-S03,3.7
2026-07-24 04:14,S04,FROST-S04,3.5
2026-07-24 04:14,S05,FROST-S05,3.3
2026-07-24 04:14,S06,FROST-S06,3.5
2026-07-24 04:14,S07,FROST-S07,3.7
2026-07-24 04:14,S08,FROST-S08,3.6
2026-07-24 04:14,S09,FROST-S09,3.4
2026-07-24 04:14,S10,FROST-S10,3.4
2026-07-24 04:14,S11,FROST-S11,3.3
2026-07-24 04:14,S12,FROST-S12,3.8
2026-07-24 04:44,S01,FROST-S01,3.5
2026-07-24 04:44,S02,FROST-S02,3.2
2026-07-24 04:44,S03,FROST-S03,3.3
2026-07-24 04:44,S04,FROST-S04,3.3
2026-07-24 04:44,S05,FROST-S05,3.6
2026-07-24 04:44,S06,FROST-S06,3.5
2026-07-24 04:44,S07,FROST-S07,3.2
2026-07-24 04:44,S08,FROST-S08,3.7
2026-07-24 04:44,S09,FROST-S09,3.5
2026-07-24 04:44,S10,FROST-S10,3.3
2026-07-24 04:44,S11,FROST-S11,3.6
2026-07-24 04:44,S12,FROST-S12,3.4
2026-07-24 05:14,S01,FROST-S01,3.3
2026-07-24 05:14,S02,FROST-S02,3.6
2026-07-24 05:14,S03,FROST-S03,3.4
2026-07-24 05:14,S04,FROST-S04,3.6
2026-07-24 05:14,S05,FROST-S05,3.5
2026-07-24 05:14,S06,FROST-S06,3.5
2026-07-24 05:14,S07,FROST-S07,3.5
2026-07-24 05:14,S08,FROST-S08,3.3
2026-07-24 05:14,S09,FROST-S09,3.5
2026-07-24 05:14,S10,FROST-S10,3.2
2026-07-24 05:14,S11,FROST-S11,3.5
2026-07-24 05:14,S12,FROST-S12,3.3
2026-07-24 05:44,S01,FROST-S01,3.7
2026-07-24 05:44,S02,FROST-S02,3.6
2026-07-24 05:44,S03,FROST-S03,3.7
2026-07-24 05:44,S04,FROST-S04,3.5
2026-07-24 05:44,S05,FROST-S05,3.3
2026-07-24 05:44,S06,FROST-S06,3.8
2026-07-24 05:44,S07,FROST-S07,3.5
2026-07-24 05:44,S08,FROST-S08,3.3
2026-07-24 05:44,S09,FROST-S09,3.7
2026-07-24 05:44,S10,FROST-S10,3.5
2026-07-24 05:44,S11,FROST-S11,3.7
2026-07-24 05:44,S12,FROST-S12,3.3
2026-07-24 06:14,S01,FROST-S01,3.7
2026-07-24 06:14,S02,FROST-S02,3.6
2026-07-24 06:14,S03,FROST-S03,3.3
2026-07-24 06:14,S04,FROST-S04,3.2
2026-07-24 06:14,S05,FROST-S05,3.6
2026-07-24 06:14,S06,FROST-S06,3.6
2026-07-24 06:14,S07,FROST-S07,3.6
2026-07-24 06:14,S08,FROST-S08,3.7
2026-07-24 06:14,S09,FROST-S09,3.6
2026-07-24 06:14,S10,FROST-S10,3.3
2026-07-24 06:14,S11,FROST-S11,3.6
2026-07-24 06:14,S12,FROST-S12,3.5
2026-07-24 06:44,S01,FROST-S01,3.4
2026-07-24 06:44,S02,FROST-S02,3.7
2026-07-24 06:44,S03,FROST-S03,3.2
2026-07-24 06:44,S04,FROST-S04,3.2
2026-07-24 06:44,S05,FROST-S05,3.3
2026-07-24 06:44,S06,FROST-S06,3.3
2026-07-24 06:44,S07,FROST-S07,3.5
2026-07-24 06:44,S08,FROST-S08,3.6
2026-07-24 06:44,S09,FROST-S09,3.3
2026-07-24 06:44,S10,FROST-S10,3.5
2026-07-24 06:44,S11,FROST-S11,3.4
2026-07-24 06:44,S12,FROST-S12,3.4
2026-07-24 07:14,S01,FROST-S01,3.8
2026-07-24 07:14,S02,FROST-S02,3.6
2026-07-24 07:14,S03,FROST-S03,3.2
2026-07-24 07:14,S04,FROST-S04,3.3
2026-07-24 07:14,S05,FROST-S05,3.3
2026-07-24 07:14,S06,FROST-S06,3.7
2026-07-24 07:14,S07,FROST-S07,3.6
2026-07-24 07:14,S08,FROST-S08,3.2
2026-07-24 07:14,S09,FROST-S09,3.4
2026-07-24 07:14,S10,FROST-S10,3.8
2026-07-24 07:14,S11,FROST-S11,3.8
2026-07-24 07:14,S12,FROST-S12,3.6
2026-07-24 07:44,S01,FROST-S01,3.6
2026-07-24 07:44,S02,FROST-S02,3.4
2026-07-24 07:44,S03,FROST-S03,3.3
2026-07-24 07:44,S04,FROST-S04,3.8
2026-07-24 07:44,S05,FROST-S05,3.4
2026-07-24 07:44,S06,FROST-S06,3.3
2026-07-24 07:44,S07,FROST-S07,3.6
2026-07-24 07:44,S08,FROST-S08,3.6
2026-07-24 07:44,S09,FROST-S09,3.4
2026-07-24 07:44,S10,FROST-S10,3.7
2026-07-24 07:44,S11,FROST-S11,3.6
2026-07-24 07:44,S12,FROST-S12,3.8
2026-07-24 08:14,S01,FROST-S01,3.7
2026-07-24 08:14,S02,FROST-S02,3.5
2026-07-24 08:14,S03,FROST-S03,3.4
2026-07-24 08:14,S04,FROST-S04,3.3
2026-07-24 08:14,S05,FROST-S05,3.6
2026-07-24 08:14,S06,FROST-S06,3.3
2026-07-24 08:14,S07,FROST-S07,3.6
2026-07-24 08:14,S08,FROST-S08,3.6
2026-07-24 08:14,S09,FROST-S09,3.4
2026-07-24 08:14,S10,FROST-S10,3.6
2026-07-24 08:14,S11,FROST-S11,3.2
2026-07-24 08:14,S12,FROST-S12,3.8
2026-07-24 08:44,S01,FROST-S01,3.3
2026-07-24 08:44,S02,FROST-S02,3.5
2026-07-24 08:44,S03,FROST-S03,3.7
2026-07-24 08:44,S04,FROST-S04,3.6
2026-07-24 08:44,S05,FROST-S05,3.2
2026-07-24 08:44,S06,FROST-S06,3.5
2026-07-24 08:44,S07,FROST-S07,3.3
2026-07-24 08:44,S08,FROST-S08,3.2
2026-07-24 08:44,S09,FROST-S09,3.3
2026-07-24 08:44,S10,FROST-S10,3.2
2026-07-24 08:44,S11,FROST-S11,3.7
2026-07-24 08:44,S12,FROST-S12,3.4
2026-07-24 09:14,S01,FROST-S01,3.3
2026-07-24 09:14,S02,FROST-S02,3.5
2026-07-24 09:14,S03,FROST-S03,3.6
2026-07-24 09:14,S04,FROST-S04,3.4
2026-07-24 09:14,S05,FROST-S05,3.7
2026-07-24 09:14,S06,FROST-S06,3.6
2026-07-24 09:14,S07,FROST-S07,3.6
2026-07-24 09:14,S08,FROST-S08,3.6
2026-07-24 09:14,S09,FROST-S09,3.3
2026-07-24 09:14,S10,FROST-S10,3.5
2026-07-24 09:14,S11,FROST-S11,3.4
2026-07-24 09:14,S12,FROST-S12,3.5
2026-07-24 09:44,S01,FROST-S01,3.5
2026-07-24 09:44,S02,FROST-S02,3.6
2026-07-24 09:44,S03,FROST-S03,3.6
2026-07-24 09:44,S04,FROST-S04,3.3
2026-07-24 09:44,S05,FROST-S05,3.5
2026-07-24 09:44,S06,FROST-S06,3.6
2026-07-24 09:44,S07,FROST-S07,3.5
2026-07-24 09:44,S08,FROST-S08,3.4
2026-07-24 09:44,S09,FROST-S09,3.6
2026-07-24 09:44,S10,FROST-S10,3.7
2026-07-24 09:44,S11,FROST-S11,3.7
2026-07-24 09:44,S12,FROST-S12,3.8
2026-07-24 10:14,S01,FROST-S01,3.5
2026-07-24 10:14,S02,FROST-S02,3.5
2026-07-24 10:14,S03,FROST-S03,3.5
2026-07-24 10:14,S04,FROST-S04,3.5
2026-07-24 10:14,S05,FROST-S05,3.5
2026-07-24 10:14,S06,FROST-S06,3.8
2026-07-24 10:14,S07,FROST-S07,3.3
2026-07-24 10:14,S08,FROST-S08,3.4
2026-07-24 10:14,S09,FROST-S09,3.5
2026-07-24 10:14,S10,FROST-S10,3.6
2026-07-24 10:14,S11,FROST-S11,3.7
2026-07-24 10:14,S12,FROST-S12,3.3
2026-07-24 10:44,S01,FROST-S01,3.4
2026-07-24 10:44,S02,FROST-S02,3.6
2026-07-24 10:44,S03,FROST-S03,3.7
2026-07-24 10:44,S04,FROST-S04,3.4
2026-07-24 10:44,S05,FROST-S05,3.7
2026-07-24 10:44,S06,FROST-S06,3.4
2026-07-24 10:44,S07,FROST-S07,3.6
2026-07-24 10:44,S08,FROST-S08,3.5
2026-07-24 10:44,S09,FROST-S09,3.2
2026-07-24 10:44,S10,FROST-S10,3.5
2026-07-24 10:44,S11,FROST-S11,3.3
2026-07-24 10:44,S12,FROST-S12,3.4
2026-07-24 11:14,S01,FROST-S01,3.4
2026-07-24 11:14,S02,FROST-S02,3.6
2026-07-24 11:14,S03,FROST-S03,3.2
2026-07-24 11:14,S04,FROST-S04,3.7
2026-07-24 11:14,S05,FROST-S05,3.5
2026-07-24 11:14,S06,FROST-S06,3.3
2026-07-24 11:14,S07,FROST-S07,3.7
2026-07-24 11:14,S08,FROST-S08,3.4
2026-07-24 11:14,S09,FROST-S09,3.7
2026-07-24 11:14,S10,FROST-S10,3.3
2026-07-24 11:14,S11,FROST-S11,3.2
2026-07-24 11:14,S12,FROST-S12,3.8
2026-07-24 11:44,S01,FROST-S01,3.5
2026-07-24 11:44,S02,FROST-S02,3.5
2026-07-24 11:44,S03,FROST-S03,3.8
2026-07-24 11:44,S04,FROST-S04,3.4
2026-07-24 11:44,S05,FROST-S05,3.4
2026-07-24 11:44,S06,FROST-S06,3.7
2026-07-24 11:44,S07,FROST-S07,3.4
2026-07-24 11:44,S08,FROST-S08,3.2
2026-07-24 11:44,S09,FROST-S09,3.3
2026-07-24 11:44,S10,FROST-S10,3.3
2026-07-24 11:44,S11,FROST-S11,3.2
2026-07-24 11:44,S12,FROST-S12,3.2
2026-07-24 12:14,S01,FROST-S01,3.7
2026-07-24 12:14,S02,FROST-S02,3.6
2026-07-24 12:14,S03,FROST-S03,3.5
2026-07-24 12:14,S04,FROST-S04,3.4
2026-07-24 12:14,S05,FROST-S05,3.5
2026-07-24 12:14,S06,FROST-S06,3.3
2026-07-24 12:14,S07,FROST-S07,3.7
2026-07-24 12:14,S08,FROST-S08,3.7
2026-07-24 12:14,S09,FROST-S09,3.5
2026-07-24 12:14,S10,FROST-S10,3.6
2026-07-24 12:14,S11,FROST-S11,3.6
2026-07-24 12:14,S12,FROST-S12,3.6
2026-07-24 12:44,S01,FROST-S01,3.8
2026-07-24 12:44,S02,FROST-S02,3.6
2026-07-24 12:44,S03,FROST-S03,3.4
2026-07-24 12:44,S04,FROST-S04,3.3
2026-07-24 12:44,S05,FROST-S05,3.7
2026-07-24 12:44,S06,FROST-S06,3.5
2026-07-24 12:44,S07,FROST-S07,3.4
2026-07-24 12:44,S08,FROST-S08,3.2
2026-07-24 12:44,S09,FROST-S09,3.5
2026-07-24 12:44,S10,FROST-S10,3.3
2026-07-24 12:44,S11,FROST-S11,3.3
2026-07-24 12:44,S12,FROST-S12,3.3
2026-07-24 13:14,S01,FROST-S01,3.8
2026-07-24 13:14,S02,FROST-S02,3.8
2026-07-24 13:14,S03,FROST-S03,3.7
2026-07-24 13:14,S04,FROST-S04,3.5
2026-07-24 13:14,S05,FROST-S05,3.5
2026-07-24 13:14,S06,FROST-S06,3.3
2026-07-24 13:14,S07,FROST-S07,3.6
2026-07-24 13:14,S08,FROST-S08,3.7
2026-07-24 13:14,S09,FROST-S09,3.6
2026-07-24 13:14,S10,FROST-S10,3.3
2026-07-24 13:14,S11,FROST-S11,3.7
2026-07-24 13:14,S12,FROST-S12,3.2
2026-07-24 13:44,S01,FROST-S01,3.6
2026-07-24 13:44,S02,FROST-S02,3.8
2026-07-24 13:44,S03,FROST-S03,3.5
2026-07-24 13:44,S04,FROST-S04,3.4
2026-07-24 13:44,S05,FROST-S05,3.2
2026-07-24 13:44,S06,FROST-S06,3.7
2026-07-24 13:44,S07,FROST-S07,3.5
2026-07-24 13:44,S08,FROST-S08,3.7
2026-07-24 13:44,S09,FROST-S09,3.8
2026-07-24 13:44,S10,FROST-S10,3.3
2026-07-24 13:44,S11,FROST-S11,3.6
2026-07-24 13:44,S12,FROST-S12,3.7
2026-07-24 14:14,S01,FROST-S01,3.2
2026-07-24 14:14,S02,FROST-S02,3.2
2026-07-24 14:14,S03,FROST-S03,3.2
2026-07-24 14:14,S04,FROST-S04,3.5
2026-07-24 14:14,S05,FROST-S05,3.4
2026-07-24 14:14,S06,FROST-S06,3.7
2026-07-24 14:14,S07,FROST-S07,3.6
2026-07-24 14:14,S08,FROST-S08,3.8
2026-07-24 14:14,S09,FROST-S09,3.2
2026-07-24 14:14,S10,FROST-S10,3.7
2026-07-24 14:14,S11,FROST-S11,3.4
2026-07-24 14:14,S12,FROST-S12,3.3
2026-07-24 14:44,S01,FROST-S01,3.8
2026-07-24 14:44,S02,FROST-S02,3.3
2026-07-24 14:44,S03,FROST-S03,3.5
2026-07-24 14:44,S04,FROST-S04,3.2
2026-07-24 14:44,S05,FROST-S05,3.4
2026-07-24 14:44,S06,FROST-S06,3.5
2026-07-24 14:44,S07,FROST-S07,3.2
2026-07-24 14:44,S08,FROST-S08,3.5
2026-07-24 14:44,S09,FROST-S09,3.7
2026-07-24 14:44,S10,FROST-S10,3.8
2026-07-24 14:44,S11,FROST-S11,3.2
2026-07-24 14:44,S12,FROST-S12,3.4
2026-07-24 15:14,S01,FROST-S01,3.2
2026-07-24 15:14,S02,FROST-S02,3.7
2026-07-24 15:14,S03,FROST-S03,3.6
2026-07-24 15:14,S04,FROST-S04,3.8
2026-07-24 15:14,S05,FROST-S05,3.6
2026-07-24 15:14,S06,FROST-S06,3.5
2026-07-24 15:14,S07,FROST-S07,3.4
2026-07-24 15:14,S08,FROST-S08,3.8
2026-07-24 15:14,S09,FROST-S09,3.7
2026-07-24 15:14,S10,FROST-S10,3.8
2026-07-24 15:14,S11,FROST-S11,3.6
2026-07-24 15:14,S12,FROST-S12,3.2
2026-07-24 15:44,S01,FROST-S01,3.8
2026-07-24 15:44,S02,FROST-S02,3.5
2026-07-24 15:44,S03,FROST-S03,3.6
2026-07-24 15:44,S04,FROST-S04,3.3
2026-07-24 15:44,S05,FROST-S05,3.7
2026-07-24 15:44,S06,FROST-S06,3.7
2026-07-24 15:44,S07,FROST-S07,3.7
2026-07-24 15:44,S08,FROST-S08,3.8
2026-07-24 15:44,S09,FROST-S09,3.5
2026-07-24 15:44,S10,FROST-S10,3.5
2026-07-24 15:44,S11,FROST-S11,3.5
2026-07-24 15:44,S12,FROST-S12,3.2
2026-07-24 16:14,S01,FROST-S01,3.4
2026-07-24 16:14,S02,FROST-S02,3.7
2026-07-24 16:14,S03,FROST-S03,3.7
2026-07-24 16:14,S04,FROST-S04,3.4
2026-07-24 16:14,S05,FROST-S05,3.3
2026-07-24 16:14,S06,FROST-S06,3.5
2026-07-24 16:14,S07,FROST-S07,3.2
2026-07-24 16:14,S08,FROST-S08,3.4
2026-07-24 16:14,S09,FROST-S09,3.3
2026-07-24 16:14,S10,FROST-S10,3.4
2026-07-24 16:14,S11,FROST-S11,3.4
2026-07-24 16:14,S12,FROST-S12,3.2
2026-07-24 16:44,S01,FROST-S01,3.6
2026-07-24 16:44,S02,FROST-S02,3.4
2026-07-24 16:44,S03,FROST-S03,3.6
2026-07-24 16:44,S04,FROST-S04,3.5
2026-07-24 16:44,S05,FROST-S05,3.7
2026-07-24 16:44,S06,FROST-S06,3.7
2026-07-24 16:44,S07,FROST-S07,3.7
2026-07-24 16:44,S08,FROST-S08,3.4
2026-07-24 16:44,S09,FROST-S09,3.4
2026-07-24 16:44,S10,FROST-S10,3.3
2026-07-24 16:44,S11,FROST-S11,3.5
2026-07-24 16:44,S12,FROST-S12,3.5
2026-07-24 17:14,S01,FROST-S01,3.5
2026-07-24 17:14,S02,FROST-S02,3.7
2026-07-24 17:14,S03,FROST-S03,3.4
2026-07-24 17:14,S04,FROST-S04,3.5
2026-07-24 17:14,S05,FROST-S05,3.7
2026-07-24 17:14,S06,FROST-S06,3.4
2026-07-24 17:14,S07,FROST-S07,3.4
2026-07-24 17:14,S08,FROST-S08,3.5
2026-07-24 17:14,S09,FROST-S09,3.8
2026-07-24 17:14,S10,FROST-S10,3.5
2026-07-24 17:14,S11,FROST-S11,3.6
2026-07-24 17:14,S12,FROST-S12,3.7
2026-07-24 17:44,S01,FROST-S01,3.4
2026-07-24 17:44,S02,FROST-S02,3.5
2026-07-24 17:44,S03,FROST-S03,3.5
2026-07-24 17:44,S04,FROST-S04,3.4
2026-07-24 17:44,S05,FROST-S05,3.6
2026-07-24 17:44,S06,FROST-S06,3.4
2026-07-24 17:44,S07,FROST-S07,3.8
2026-07-24 17:44,S08,FROST-S08,3.7
2026-07-24 17:44,S09,FROST-S09,3.4
2026-07-24 17:44,S10,FROST-S10,3.6
2026-07-24 17:44,S11,FROST-S11,3.3
2026-07-24 17:44,S12,FROST-S12,3.4
2026-07-24 18:14,S01,FROST-S01,3.8
2026-07-24 18:14,S02,FROST-S02,3.6
2026-07-24 18:14,S03,FROST-S03,3.6
2026-07-24 18:14,S04,FROST-S04,3.8
2026-07-24 18:14,S05,FROST-S05,3.7
2026-07-24 18:14,S06,FROST-S06,3.6
2026-07-24 18:14,S07,FROST-S07,3.5
2026-07-24 18:14,S08,FROST-S08,3.6
2026-07-24 18:14,S09,FROST-S09,3.5
2026-07-24 18:14,S10,FROST-S10,3.2
2026-07-24 18:14,S11,FROST-S11,3.4
2026-07-24 18:14,S12,FROST-S12,3.2
2026-07-24 18:44,S01,FROST-S01,3.4
2026-07-24 18:44,S02,FROST-S02,3.3
2026-07-24 18:44,S03,FROST-S03,3.5
2026-07-24 18:44,S04,FROST-S04,3.5
2026-07-24 18:44,S05,FROST-S05,3.4
2026-07-24 18:44,S06,FROST-S06,3.7
2026-07-24 18:44,S07,FROST-S07,3.3
2026-07-24 18:44,S08,FROST-S08,3.5
2026-07-24 18:44,S09,FROST-S09,3.7
2026-07-24 18:44,S10,FROST-S10,3.8
2026-07-24 18:44,S11,FROST-S11,3.5
2026-07-24 18:44,S12,FROST-S12,3.4
2026-07-24 19:14,S01,FROST-S01,3.4
2026-07-24 19:14,S02,FROST-S02,3.4
2026-07-24 19:14,S03,FROST-S03,3.5
2026-07-24 19:14,S04,FROST-S04,3.5
2026-07-24 19:14,S05,FROST-S05,3.4
2026-07-24 19:14,S06,FROST-S06,3.7
2026-07-24 19:14,S07,FROST-S07,3.8
2026-07-24 19:14,S08,FROST-S08,3.5
2026-07-24 19:14,S09,FROST-S09,3.4
2026-07-24 19:14,S10,FROST-S10,3.5
2026-07-24 19:14,S11,FROST-S11,3.5
2026-07-24 19:14,S12,FROST-S12,3.2
2026-07-24 19:44,S01,FROST-S01,3.5
2026-07-24 19:44,S02,FROST-S02,3.2
2026-07-24 19:44,S03,FROST-S03,3.4
2026-07-24 19:44,S04,FROST-S04,3.5
2026-07-24 19:44,S05,FROST-S05,3.5
2026-07-24 19:44,S06,FROST-S06,3.3
2026-07-24 19:44,S07,FROST-S07,3.8
2026-07-24 19:44,S08,FROST-S08,3.6
2026-07-24 19:44,S09,FROST-S09,3.6
2026-07-24 19:44,S10,FROST-S10,3.5
2026-07-24 19:44,S11,FROST-S11,3.4
2026-07-24 19:44,S12,FROST-S12,3.3
2026-07-24 20:14,S01,FROST-S01,3.2
2026-07-24 20:14,S02,FROST-S02,3.4
2026-07-24 20:14,S03,FROST-S03,3.7
2026-07-24 20:14,S04,FROST-S04,3.7
2026-07-24 20:14,S05,FROST-S05,3.4
2026-07-24 20:14,S06,FROST-S06,3.2
2026-07-24 20:14,S07,FROST-S07,3.5
2026-07-24 20:14,S08,FROST-S08,3.2
2026-07-24 20:14,S09,FROST-S09,3.6
2026-07-24 20:14,S10,FROST-S10,3.7
2026-07-24 20:14,S11,FROST-S11,3.4
2026-07-24 20:14,S12,FROST-S12,3.8
2026-07-24 20:44,S01,FROST-S01,3.6
2026-07-24 20:44,S02,FROST-S02,3.5
2026-07-24 20:44,S03,FROST-S03,3.2
2026-07-24 20:44,S04,FROST-S04,3.7
2026-07-24 20:44,S05,FROST-S05,3.7
2026-07-24 20:44,S06,FROST-S06,3.5
2026-07-24 20:44,S07,FROST-S07,3.3
2026-07-24 20:44,S08,FROST-S08,3.4
2026-07-24 20:44,S09,FROST-S09,3.4
2026-07-24 20:44,S10,FROST-S10,3.5
2026-07-24 20:44,S11,FROST-S11,3.3
2026-07-24 20:44,S12,FROST-S12,3.6
2026-07-24 21:14,S01,FROST-S01,3.8
2026-07-24 21:14,S02,FROST-S02,3.5
2026-07-24 21:14,S03,FROST-S03,3.2
2026-07-24 21:14,S04,FROST-S04,3.5
2026-07-24 21:14,S05,FROST-S05,3.3
2026-07-24 21:14,S06,FROST-S06,3.3
2026-07-24 21:14,S07,FROST-S07,3.6
2026-07-24 21:14,S08,FROST-S08,3.7
2026-07-24 21:14,S09,FROST-S09,3.3
2026-07-24 21:14,S10,FROST-S10,3.7
2026-07-24 21:14,S11,FROST-S11,3.4
2026-07-24 21:14,S12,FROST-S12,3.7
2026-07-24 21:44,S01,FROST-S01,3.4
2026-07-24 21:44,S02,FROST-S02,3.2
2026-07-24 21:44,S03,FROST-S03,3.6
2026-07-24 21:44,S04,FROST-S04,3.7
2026-07-24 21:44,S05,FROST-S05,3.3
2026-07-24 21:44,S06,FROST-S06,3.3
2026-07-24 21:44,S07,FROST-S07,3.8
2026-07-24 21:44,S08,FROST-S08,3.6
2026-07-24 21:44,S09,FROST-S09,3.6
2026-07-24 21:44,S10,FROST-S10,3.5
2026-07-24 21:44,S11,FROST-S11,3.3
2026-07-24 21:44,S12,FROST-S12,3.8
2026-07-24 22:14,S01,FROST-S01,3.5
2026-07-24 22:14,S02,FROST-S02,3.8
2026-07-24 22:14,S03,FROST-S03,3.7
2026-07-24 22:14,S04,FROST-S04,3.2
2026-07-24 22:14,S05,FROST-S05,3.5
2026-07-24 22:14,S06,FROST-S06,3.5
2026-07-24 22:14,S07,FROST-S07,3.3
2026-07-24 22:14,S08,FROST-S08,3.7
2026-07-24 22:14,S09,FROST-S09,3.4
2026-07-24 22:14,S10,FROST-S10,3.6
2026-07-24 22:14,S11,FROST-S11,3.4
2026-07-24 22:14,S12,FROST-S12,3.4
2026-07-24 22:44,S01,FROST-S01,3.5
2026-07-24 22:44,S02,FROST-S02,3.7
2026-07-24 22:44,S03,FROST-S03,3.4
2026-07-24 22:44,S04,FROST-S04,3.6
2026-07-24 22:44,S05,FROST-S05,3.5
2026-07-24 22:44,S06,FROST-S06,3.7
2026-07-24 22:44,S07,FROST-S07,3.2
2026-07-24 22:44,S08,FROST-S08,3.3
2026-07-24 22:44,S09,FROST-S09,3.7
2026-07-24 22:44,S10,FROST-S10,3.4
2026-07-24 22:44,S11,FROST-S11,3.4
2026-07-24 22:44,S12,FROST-S12,3.3
2026-07-24 23:14,S01,FROST-S01,3.5
2026-07-24 23:14,S02,FROST-S02,3.4
2026-07-24 23:14,S03,FROST-S03,3.6
2026-07-24 23:14,S04,FROST-S04,3.7
2026-07-24 23:14,S05,FROST-S05,3.5
2026-07-24 23:14,S06,FROST-S06,3.3
2026-07-24 23:14,S07,FROST-S07,3.5
2026-07-24 23:14,S08,FROST-S08,3.6
2026-07-24 23:14,S09,FROST-S09,3.7
2026-07-24 23:14,S10,FROST-S10,3.7
2026-07-24 23:14,S11,FROST-S11,3.7
2026-07-24 23:14,S12,FROST-S12,3.3
2026-07-24 23:44,S01,FROST-S01,3.2
2026-07-24 23:44,S02,FROST-S02,3.6
2026-07-24 23:44,S03,FROST-S03,3.6
2026-07-24 23:44,S04,FROST-S04,3.5
2026-07-24 23:44,S05,FROST-S05,3.3
2026-07-24 23:44,S06,FROST-S06,3.4
2026-07-24 23:44,S07,FROST-S07,3.4
2026-07-24 23:44,S08,FROST-S08,3.4
2026-07-24 23:44,S09,FROST-S09,3.7
2026-07-24 23:44,S10,FROST-S10,3.3
2026-07-24 23:44,S11,FROST-S11,3.3
2026-07-24 23:44,S12,FROST-S12,3.5
2026-07-25 00:14,S01,FROST-S01,3.4
2026-07-25 00:14,S02,FROST-S02,3.2
2026-07-25 00:14,S03,FROST-S03,3.6
2026-07-25 00:14,S04,FROST-S04,3.3
2026-07-25 00:14,S05,FROST-S05,3.5
2026-07-25 00:14,S06,FROST-S06,3.7
2026-07-25 00:14,S07,FROST-S07,3.8
2026-07-25 00:14,S08,FROST-S08,3.5
2026-07-25 00:14,S09,FROST-S09,3.4
2026-07-25 00:14,S10,FROST-S10,3.7
2026-07-25 00:14,S11,FROST-S11,3.3
2026-07-25 00:14,S12,FROST-S12,3.7
2026-07-25 00:44,S01,FROST-S01,3.2
2026-07-25 00:44,S02,FROST-S02,3.7
2026-07-25 00:44,S03,FROST-S03,3.3
2026-07-25 00:44,S04,FROST-S04,3.7
2026-07-25 00:44,S05,FROST-S05,3.5
2026-07-25 00:44,S06,FROST-S06,3.3
2026-07-25 00:44,S07,FROST-S07,3.3
2026-07-25 00:44,S08,FROST-S08,3.2
2026-07-25 00:44,S09,FROST-S09,3.3
2026-07-25 00:44,S10,FROST-S10,3.4
2026-07-25 00:44,S11,FROST-S11,3.4
2026-07-25 00:44,S12,FROST-S12,3.2
2026-07-25 01:14,S01,FROST-S01,3.5
2026-07-25 01:14,S02,FROST-S02,3.8
2026-07-25 01:14,S03,FROST-S03,3.2
2026-07-25 01:14,S04,FROST-S04,3.6
2026-07-25 01:14,S05,FROST-S05,3.2
2026-07-25 01:14,S06,FROST-S06,3.5
2026-07-25 01:14,S07,FROST-S07,3.7
2026-07-25 01:14,S08,FROST-S08,3.5
2026-07-25 01:14,S09,FROST-S09,3.3
2026-07-25 01:14,S10,FROST-S10,3.8
2026-07-25 01:14,S11,FROST-S11,3.6
2026-07-25 01:14,S12,FROST-S12,3.5
2026-07-25 01:44,S01,FROST-S01,3.7
2026-07-25 01:44,S02,FROST-S02,3.7
2026-07-25 01:44,S03,FROST-S03,3.5
2026-07-25 01:44,S04,FROST-S04,3.3
2026-07-25 01:44,S05,FROST-S05,3.7
2026-07-25 01:44,S06,FROST-S06,3.7
2026-07-25 01:44,S07,FROST-S07,3.7
2026-07-25 01:44,S08,FROST-S08,3.8
2026-07-25 01:44,S09,FROST-S09,3.6
2026-07-25 01:44,S10,FROST-S10,3.5
2026-07-25 01:44,S11,FROST-S11,3.4
2026-07-25 01:44,S12,FROST-S12,3.4
2026-07-25 02:14,S01,FROST-S01,3.4
2026-07-25 02:14,S02,FROST-S02,3.8
2026-07-25 02:14,S03,FROST-S03,3.8
2026-07-25 02:14,S04,FROST-S04,3.7
2026-07-25 02:14,S05,FROST-S05,3.7
2026-07-25 02:14,S06,FROST-S06,3.7
2026-07-25 02:14,S07,FROST-S07,3.3
2026-07-25 02:14,S08,FROST-S08,3.2
2026-07-25 02:14,S09,FROST-S09,3.2
2026-07-25 02:14,S10,FROST-S10,3.5
2026-07-25 02:14,S11,FROST-S11,3.3
2026-07-25 02:14,S12,FROST-S12,3.7
2026-07-25 02:44,S01,FROST-S01,3.7
2026-07-25 02:44,S02,FROST-S02,3.6
2026-07-25 02:44,S03,FROST-S03,3.2
2026-07-25 02:44,S04,FROST-S04,3.5
2026-07-25 02:44,S05,FROST-S05,3.6
2026-07-25 02:44,S06,FROST-S06,3.8
2026-07-25 02:44,S07,FROST-S07,3.5
2026-07-25 02:44,S08,FROST-S08,3.2
2026-07-25 02:44,S09,FROST-S09,3.4
2026-07-25 02:44,S10,FROST-S10,3.7
2026-07-25 02:44,S11,FROST-S11,3.6
2026-07-25 02:44,S12,FROST-S12,3.5
2026-07-25 03:14,S01,FROST-S01,3.6
2026-07-25 03:14,S02,FROST-S02,3.2
2026-07-25 03:14,S03,FROST-S03,3.4
2026-07-25 03:14,S04,FROST-S04,3.7
2026-07-25 03:14,S05,FROST-S05,3.8
2026-07-25 03:14,S06,FROST-S06,3.6
2026-07-25 03:14,S07,FROST-S07,3.8
2026-07-25 03:14,S08,FROST-S08,3.6
2026-07-25 03:14,S09,FROST-S09,3.7
2026-07-25 03:14,S10,FROST-S10,3.2
2026-07-25 03:14,S11,FROST-S11,3.5
2026-07-25 03:14,S12,FROST-S12,3.3
2026-07-25 03:44,S01,FROST-S01,3.6
2026-07-25 03:44,S02,FROST-S02,3.5
2026-07-25 03:44,S03,FROST-S03,3.3
2026-07-25 03:44,S04,FROST-S04,3.5
2026-07-25 03:44,S05,FROST-S05,3.4
2026-07-25 03:44,S06,FROST-S06,3.3
2026-07-25 03:44,S07,FROST-S07,3.3
2026-07-25 03:44,S08,FROST-S08,3.6
2026-07-25 03:44,S09,FROST-S09,3.7
2026-07-25 03:44,S10,FROST-S10,3.4
2026-07-25 03:44,S11,FROST-S11,3.6
2026-07-25 03:44,S12,FROST-S12,3.2
2026-07-25 04:14,S01,FROST-S01,3.7
2026-07-25 04:14,S02,FROST-S02,3.7
2026-07-25 04:14,S03,FROST-S03,3.5
2026-07-25 04:14,S04,FROST-S04,3.8
2026-07-25 04:14,S05,FROST-S05,3.7
2026-07-25 04:14,S06,FROST-S06,3.4
2026-07-25 04:14,S07,FROST-S07,3.5
2026-07-25 04:14,S08,FROST-S08,3.7
2026-07-25 04:14,S09,FROST-S09,3.5
2026-07-25 04:14,S10,FROST-S10,3.2
2026-07-25 04:14,S11,FROST-S11,3.4
2026-07-25 04:14,S12,FROST-S12,3.5
2026-07-25 04:44,S01,FROST-S01,3.2
2026-07-25 04:44,S02,FROST-S02,3.3
2026-07-25 04:44,S03,FROST-S03,3.3
2026-07-25 04:44,S04,FROST-S04,3.4
2026-07-25 04:44,S05,FROST-S05,3.2
2026-07-25 04:44,S06,FROST-S06,3.3
2026-07-25 04:44,S07,FROST-S07,3.4
2026-07-25 04:44,S08,FROST-S08,3.3
2026-07-25 04:44,S09,FROST-S09,3.4
2026-07-25 04:44,S10,FROST-S10,3.3
2026-07-25 04:44,S11,FROST-S11,3.5
2026-07-25 04:44,S12,FROST-S12,3.2
2026-07-25 05:14,S01,FROST-S01,3.7
2026-07-25 05:14,S02,FROST-S02,3.7
2026-07-25 05:14,S03,FROST-S03,3.3
2026-07-25 05:14,S04,FROST-S04,3.4
2026-07-25 05:14,S05,FROST-S05,3.4
2026-07-25 05:14,S06,FROST-S06,3.2
2026-07-25 05:14,S07,FROST-S07,3.7
2026-07-25 05:14,S08,FROST-S08,3.5
2026-07-25 05:14,S09,FROST-S09,3.5
2026-07-25 05:14,S10,FROST-S10,3.7
2026-07-25 05:14,S11,FROST-S11,3.7
2026-07-25 05:14,S12,FROST-S12,3.2
2026-07-25 05:44,S01,FROST-S01,3.4
2026-07-25 05:44,S02,FROST-S02,3.3
2026-07-25 05:44,S03,FROST-S03,3.7
2026-07-25 05:44,S04,FROST-S04,3.6
2026-07-25 05:44,S05,FROST-S05,3.3
2026-07-25 05:44,S06,FROST-S06,3.5
2026-07-25 05:44,S07,FROST-S07,3.4
2026-07-25 05:44,S08,FROST-S08,3.5
2026-07-25 05:44,S09,FROST-S09,3.4
2026-07-25 05:44,S10,FROST-S10,3.3
2026-07-25 05:44,S11,FROST-S11,3.4
2026-07-25 05:44,S12,FROST-S12,3.3
2026-07-25 06:14,S01,FROST-S01,3.8
2026-07-25 06:14,S02,FROST-S02,3.8
2026-07-25 06:14,S03,FROST-S03,3.2
2026-07-25 06:14,S04,FROST-S04,3.4
2026-07-25 06:14,S05,FROST-S05,3.8
2026-07-25 06:14,S06,FROST-S06,3.8
2026-07-25 06:14,S07,FROST-S07,3.6
2026-07-25 06:14,S08,FROST-S08,3.4
2026-07-25 06:14,S09,FROST-S09,3.4
2026-07-25 06:14,S10,FROST-S10,3.5
2026-07-25 06:14,S11,FROST-S11,3.7
2026-07-25 06:14,S12,FROST-S12,3.3
2026-07-25 06:44,S01,FROST-S01,3.7
2026-07-25 06:44,S02,FROST-S02,3.3
2026-07-25 06:44,S03,FROST-S03,3.4
2026-07-25 06:44,S04,FROST-S04,3.6
2026-07-25 06:44,S05,FROST-S05,3.7
2026-07-25 06:44,S06,FROST-S06,3.4
2026-07-25 06:44,S07,FROST-S07,3.5
2026-07-25 06:44,S08,FROST-S08,3.8
2026-07-25 06:44,S09,FROST-S09,3.4
2026-07-25 06:44,S10,FROST-S10,3.3
2026-07-25 06:44,S11,FROST-S11,3.5
2026-07-25 06:44,S12,FROST-S12,3.6
2026-07-25 07:14,S01,FROST-S01,3.2
2026-07-25 07:14,S02,FROST-S02,3.8
2026-07-25 07:14,S03,FROST-S03,3.6
2026-07-25 07:14,S04,FROST-S04,3.3
2026-07-25 07:14,S05,FROST-S05,3.3
2026-07-25 07:14,S06,FROST-S06,3.2
2026-07-25 07:14,S07,FROST-S07,3.8
2026-07-25 07:14,S08,FROST-S08,3.4
2026-07-25 07:14,S09,FROST-S09,3.3
2026-07-25 07:14,S10,FROST-S10,3.7
2026-07-25 07:14,S11,FROST-S11,3.5
2026-07-25 07:14,S12,FROST-S12,3.3
2026-07-25 07:44,S01,FROST-S01,3.7
2026-07-25 07:44,S02,FROST-S02,3.7
2026-07-25 07:44,S03,FROST-S03,3.3
2026-07-25 07:44,S04,FROST-S04,3.3
2026-07-25 07:44,S05,FROST-S05,3.7
2026-07-25 07:44,S06,FROST-S06,3.6
2026-07-25 07:44,S07,FROST-S07,3.3
2026-07-25 07:44,S08,FROST-S08,3.4
2026-07-25 07:44,S09,FROST-S09,3.8
2026-07-25 07:44,S10,FROST-S10,3.2
2026-07-25 07:44,S11,FROST-S11,3.3
2026-07-25 07:44,S12,FROST-S12,3.5
2026-07-25 08:14,S01,FROST-S01,3.5
2026-07-25 08:14,S02,FROST-S02,3.7
2026-07-25 08:14,S03,FROST-S03,3.5
2026-07-25 08:14,S04,FROST-S04,3.3
2026-07-25 08:14,S05,FROST-S05,3.5
2026-07-25 08:14,S06,FROST-S06,3.6
2026-07-25 08:14,S07,FROST-S07,3.3
2026-07-25 08:14,S08,FROST-S08,3.6
2026-07-25 08:14,S09,FROST-S09,3.7
2026-07-25 08:14,S10,FROST-S10,3.8
2026-07-25 08:14,S11,FROST-S11,3.6
2026-07-25 08:14,S12,FROST-S12,3.6
2026-07-25 08:44,S01,FROST-S01,3.7
2026-07-25 08:44,S02,FROST-S02,3.4
2026-07-25 08:44,S03,FROST-S03,3.5
2026-07-25 08:44,S04,FROST-S04,3.7
2026-07-25 08:44,S05,FROST-S05,3.4
2026-07-25 08:44,S06,FROST-S06,3.7
2026-07-25 08:44,S07,FROST-S07,3.6
2026-07-25 08:44,S08,FROST-S08,3.8
2026-07-25 08:44,S09,FROST-S09,3.7
2026-07-25 08:44,S10,FROST-S10,3.4
2026-07-25 08:44,S11,FROST-S11,3.3
2026-07-25 08:44,S12,FROST-S12,3.6
2026-07-25 09:14,S01,FROST-S01,3.8
2026-07-25 09:14,S02,FROST-S02,3.5
2026-07-25 09:14,S03,FROST-S03,3.6
2026-07-25 09:14,S04,FROST-S04,3.5
2026-07-25 09:14,S05,FROST-S05,3.7
2026-07-25 09:14,S06,FROST-S06,3.7
2026-07-25 09:14,S07,FROST-S07,3.3
2026-07-25 09:14,S08,FROST-S08,3.6
2026-07-25 09:14,S09,FROST-S09,3.2
2026-07-25 09:14,S10,FROST-S10,3.3
2026-07-25 09:14,S11,FROST-S11,3.4
2026-07-25 09:14,S12,FROST-S12,3.7
2026-07-25 09:44,S01,FROST-S01,3.3
2026-07-25 09:44,S02,FROST-S02,3.7
2026-07-25 09:44,S03,FROST-S03,3.6
2026-07-25 09:44,S04,FROST-S04,3.5
2026-07-25 09:44,S05,FROST-S05,3.7
2026-07-25 09:44,S06,FROST-S06,3.3
2026-07-25 09:44,S07,FROST-S07,3.5
2026-07-25 09:44,S08,FROST-S08,3.2
2026-07-25 09:44,S09,FROST-S09,3.3
2026-07-25 09:44,S10,FROST-S10,3.2
2026-07-25 09:44,S11,FROST-S11,3.6
2026-07-25 09:44,S12,FROST-S12,3.6
2026-07-25 10:14,S01,FROST-S01,3.5
2026-07-25 10:14,S02,FROST-S02,3.4
2026-07-25 10:14,S03,FROST-S03,3.2
2026-07-25 10:14,S04,FROST-S04,3.4
2026-07-25 10:14,S05,FROST-S05,3.7
2026-07-25 10:14,S06,FROST-S06,3.5
2026-07-25 10:14,S07,FROST-S07,3.5
2026-07-25 10:14,S08,FROST-S08,3.4
2026-07-25 10:14,S09,FROST-S09,3.5
2026-07-25 10:14,S10,FROST-S10,3.5
2026-07-25 10:14,S11,FROST-S11,3.7
2026-07-25 10:14,S12,FROST-S12,3.6
2026-07-25 10:44,S01,FROST-S01,3.4
2026-07-25 10:44,S02,FROST-S02,3.6
2026-07-25 10:44,S03,FROST-S03,3.5
2026-07-25 10:44,S04,FROST-S04,3.5
2026-07-25 10:44,S05,FROST-S05,3.5
2026-07-25 10:44,S06,FROST-S06,3.5
2026-07-25 10:44,S07,FROST-S07,3.5
2026-07-25 10:44,S08,FROST-S08,3.4
2026-07-25 10:44,S09,FROST-S09,3.2
2026-07-25 10:44,S10,FROST-S10,3.3
2026-07-25 10:44,S11,FROST-S11,3.8
2026-07-25 10:44,S12,FROST-S12,3.3
2026-07-25 11:14,S01,FROST-S01,3.2
2026-07-25 11:14,S02,FROST-S02,3.5
2026-07-25 11:14,S03,FROST-S03,3.5
2026-07-25 11:14,S04,FROST-S04,3.8
2026-07-25 11:14,S05,FROST-S05,3.3
2026-07-25 11:14,S06,FROST-S06,3.7
2026-07-25 11:14,S07,FROST-S07,3.2
2026-07-25 11:14,S08,FROST-S08,3.5
2026-07-25 11:14,S09,FROST-S09,3.3
2026-07-25 11:14,S10,FROST-S10,3.7
2026-07-25 11:14,S11,FROST-S11,3.5
2026-07-25 11:14,S12,FROST-S12,3.3
2026-07-25 11:44,S01,FROST-S01,3.5
2026-07-25 11:44,S02,FROST-S02,3.2
2026-07-25 11:44,S03,FROST-S03,3.6
2026-07-25 11:44,S04,FROST-S04,3.4
2026-07-25 11:44,S05,FROST-S05,3.5
2026-07-25 11:44,S06,FROST-S06,3.8
2026-07-25 11:44,S07,FROST-S07,3.3
2026-07-25 11:44,S08,FROST-S08,3.2
2026-07-25 11:44,S09,FROST-S09,3.5
2026-07-25 11:44,S10,FROST-S10,3.6
2026-07-25 11:44,S11,FROST-S11,3.7
2026-07-25 11:44,S12,FROST-S12,3.7
2026-07-25 12:14,S01,FROST-S01,3.4
2026-07-25 12:14,S02,FROST-S02,3.3
2026-07-25 12:14,S03,FROST-S03,3.5
2026-07-25 12:14,S04,FROST-S04,3.8
2026-07-25 12:14,S05,FROST-S05,3.6
2026-07-25 12:14,S06,FROST-S06,3.5
2026-07-25 12:14,S07,FROST-S07,3.6
2026-07-25 12:14,S08,FROST-S08,3.7
2026-07-25 12:14,S09,FROST-S09,3.5
2026-07-25 12:14,S10,FROST-S10,3.5
2026-07-25 12:14,S11,FROST-S11,3.2
2026-07-25 12:14,S12,FROST-S12,3.4
2026-07-25 12:44,S01,FROST-S01,3.7
2026-07-25 12:44,S02,FROST-S02,3.4
2026-07-25 12:44,S03,FROST-S03,3.7
2026-07-25 12:44,S04,FROST-S04,3.6
2026-07-25 12:44,S05,FROST-S05,3.5
2026-07-25 12:44,S06,FROST-S06,3.7
2026-07-25 12:44,S07,FROST-S07,3.3
2026-07-25 12:44,S08,FROST-S08,3.6
2026-07-25 12:44,S09,FROST-S09,3.4
2026-07-25 12:44,S10,FROST-S10,3.7
2026-07-25 12:44,S11,FROST-S11,3.4
2026-07-25 12:44,S12,FROST-S12,3.5
2026-07-25 13:14,S01,FROST-S01,3.4
2026-07-25 13:14,S02,FROST-S02,3.4
2026-07-25 13:14,S03,FROST-S03,3.8
2026-07-25 13:14,S04,FROST-S04,3.5
2026-07-25 13:14,S05,FROST-S05,3.7
2026-07-25 13:14,S06,FROST-S06,3.6
2026-07-25 13:14,S07,FROST-S07,3.6
2026-07-25 13:14,S08,FROST-S08,3.3
2026-07-25 13:14,S09,FROST-S09,3.4
2026-07-25 13:14,S10,FROST-S10,3.6
2026-07-25 13:14,S11,FROST-S11,3.6
2026-07-25 13:14,S12,FROST-S12,3.5
2026-07-25 13:44,S01,FROST-S01,3.6
2026-07-25 13:44,S02,FROST-S02,3.2
2026-07-25 13:44,S03,FROST-S03,3.3
2026-07-25 13:44,S04,FROST-S04,3.5
2026-07-25 13:44,S05,FROST-S05,3.5
2026-07-25 13:44,S06,FROST-S06,3.4
2026-07-25 13:44,S07,FROST-S07,3.6
2026-07-25 13:44,S08,FROST-S08,3.6
2026-07-25 13:44,S09,FROST-S09,3.7
2026-07-25 13:44,S10,FROST-S10,3.4
2026-07-25 13:44,S11,FROST-S11,3.6
2026-07-25 13:44,S12,FROST-S12,3.4
2026-07-25 14:14,S01,FROST-S01,3.5
2026-07-25 14:14,S02,FROST-S02,3.5
2026-07-25 14:14,S03,FROST-S03,3.5
2026-07-25 14:14,S04,FROST-S04,3.8
2026-07-25 14:14,S05,FROST-S05,3.7
2026-07-25 14:14,S06,FROST-S06,3.4
2026-07-25 14:14,S07,FROST-S07,3.8
2026-07-25 14:14,S08,FROST-S08,3.3
2026-07-25 14:14,S09,FROST-S09,3.4
2026-07-25 14:14,S10,FROST-S10,3.7
2026-07-25 14:14,S11,FROST-S11,3.4
2026-07-25 14:14,S12,FROST-S12,3.4
2026-07-25 14:44,S01,FROST-S01,3.6
2026-07-25 14:44,S02,FROST-S02,3.7
2026-07-25 14:44,S03,FROST-S03,3.6
2026-07-25 14:44,S04,FROST-S04,3.4
2026-07-25 14:44,S05,FROST-S05,3.3
2026-07-25 14:44,S06,FROST-S06,3.3
2026-07-25 14:44,S07,FROST-S07,3.6
2026-07-25 14:44,S08,FROST-S08,3.5
2026-07-25 14:44,S09,FROST-S09,3.2
2026-07-25 14:44,S10,FROST-S10,3.6
2026-07-25 14:44,S11,FROST-S11,3.6
2026-07-25 14:44,S12,FROST-S12,3.4
2026-07-25 15:14,S01,FROST-S01,3.2
2026-07-25 15:14,S02,FROST-S02,3.8
2026-07-25 15:14,S03,FROST-S03,3.6
2026-07-25 15:14,S04,FROST-S04,3.5
2026-07-25 15:14,S05,FROST-S05,3.6
2026-07-25 15:14,S06,FROST-S06,3.4
2026-07-25 15:14,S07,FROST-S07,3.6
2026-07-25 15:14,S08,FROST-S08,3.5
2026-07-25 15:14,S09,FROST-S09,3.6
2026-07-25 15:14,S10,FROST-S10,3.2
2026-07-25 15:14,S11,FROST-S11,3.6
2026-07-25 15:14,S12,FROST-S12,3.5
2026-07-25 15:44,S01,FROST-S01,3.3
2026-07-25 15:44,S02,FROST-S02,3.8
2026-07-25 15:44,S03,FROST-S03,3.7
2026-07-25 15:44,S04,FROST-S04,3.6
2026-07-25 15:44,S05,FROST-S05,3.7
2026-07-25 15:44,S06,FROST-S06,3.5
2026-07-25 15:44,S07,FROST-S07,3.3
2026-07-25 15:44,S08,FROST-S08,3.6
2026-07-25 15:44,S09,FROST-S09,3.7
2026-07-25 15:44,S10,FROST-S10,3.5
2026-07-25 15:44,S11,FROST-S11,3.2
2026-07-25 15:44,S12,FROST-S12,3.8
2026-07-25 16:14,S01,FROST-S01,3.2
2026-07-25 16:14,S02,FROST-S02,3.7
2026-07-25 16:14,S03,FROST-S03,3.4
2026-07-25 16:14,S04,FROST-S04,3.5
2026-07-25 16:14,S05,FROST-S05,3.6
2026-07-25 16:14,S06,FROST-S06,3.3
2026-07-25 16:14,S07,FROST-S07,3.6
2026-07-25 16:14,S08,FROST-S08,3.3
2026-07-25 16:14,S09,FROST-S09,3.2
2026-07-25 16:14,S10,FROST-S10,3.7
2026-07-25 16:14,S11,FROST-S11,3.8
2026-07-25 16:14,S12,FROST-S12,3.3
2026-07-25 16:44,S01,FROST-S01,3.5
2026-07-25 16:44,S02,FROST-S02,3.4
2026-07-25 16:44,S03,FROST-S03,3.8
2026-07-25 16:44,S04,FROST-S04,3.4
2026-07-25 16:44,S05,FROST-S05,3.6
2026-07-25 16:44,S06,FROST-S06,3.4
2026-07-25 16:44,S07,FROST-S07,3.6
2026-07-25 16:44,S08,FROST-S08,3.3
2026-07-25 16:44,S09,FROST-S09,3.7
2026-07-25 16:44,S10,FROST-S10,3.5
2026-07-25 16:44,S11,FROST-S11,3.5
2026-07-25 16:44,S12,FROST-S12,3.5
2026-07-25 17:14,S01,FROST-S01,3.6
2026-07-25 17:14,S02,FROST-S02,3.2
2026-07-25 17:14,S03,FROST-S03,3.6
2026-07-25 17:14,S04,FROST-S04,3.6
2026-07-25 17:14,S05,FROST-S05,3.4
2026-07-25 17:14,S06,FROST-S06,3.3
2026-07-25 17:14,S07,FROST-S07,3.5
2026-07-25 17:14,S08,FROST-S08,3.7
2026-07-25 17:14,S09,FROST-S09,3.8
2026-07-25 17:14,S10,FROST-S10,3.5
2026-07-25 17:14,S11,FROST-S11,3.4
2026-07-25 17:14,S12,FROST-S12,3.7
2026-07-25 17:44,S01,FROST-S01,3.4
2026-07-25 17:44,S02,FROST-S02,3.2
2026-07-25 17:44,S03,FROST-S03,3.3
2026-07-25 17:44,S04,FROST-S04,3.5
2026-07-25 17:44,S05,FROST-S05,3.4
2026-07-25 17:44,S06,FROST-S06,3.8
2026-07-25 17:44,S07,FROST-S07,3.3
2026-07-25 17:44,S08,FROST-S08,3.6
2026-07-25 17:44,S09,FROST-S09,3.6
2026-07-25 17:44,S10,FROST-S10,3.5
2026-07-25 17:44,S11,FROST-S11,3.4
2026-07-25 17:44,S12,FROST-S12,3.5
2026-07-25 18:14,S01,FROST-S01,3.6
2026-07-25 18:14,S02,FROST-S02,3.4
2026-07-25 18:14,S03,FROST-S03,3.4
2026-07-25 18:14,S04,FROST-S04,3.7
2026-07-25 18:14,S05,FROST-S05,3.3
2026-07-25 18:14,S06,FROST-S06,3.4
2026-07-25 18:14,S07,FROST-S07,3.7
2026-07-25 18:14,S08,FROST-S08,3.4
2026-07-25 18:14,S09,FROST-S09,3.3
2026-07-25 18:14,S10,FROST-S10,3.3
2026-07-25 18:14,S11,FROST-S11,3.6
2026-07-25 18:14,S12,FROST-S12,3.8
2026-07-25 18:44,S01,FROST-S01,3.3
2026-07-25 18:44,S02,FROST-S02,3.8
2026-07-25 18:44,S03,FROST-S03,3.5
2026-07-25 18:44,S04,FROST-S04,3.6
2026-07-25 18:44,S05,FROST-S05,3.2
2026-07-25 18:44,S06,FROST-S06,3.6
2026-07-25 18:44,S07,FROST-S07,3.3
2026-07-25 18:44,S08,FROST-S08,3.8
2026-07-25 18:44,S09,FROST-S09,3.4
2026-07-25 18:44,S10,FROST-S10,3.3
2026-07-25 18:44,S11,FROST-S11,3.3
2026-07-25 18:44,S12,FROST-S12,3.6
2026-07-25 19:14,S01,FROST-S01,3.8
2026-07-25 19:14,S02,FROST-S02,3.5
2026-07-25 19:14,S03,FROST-S03,3.6
2026-07-25 19:14,S04,FROST-S04,3.5
2026-07-25 19:14,S05,FROST-S05,3.8
2026-07-25 19:14,S06,FROST-S06,3.6
2026-07-25 19:14,S07,FROST-S07,3.7
2026-07-25 19:14,S08,FROST-S08,3.7
2026-07-25 19:14,S09,FROST-S09,3.6
2026-07-25 19:14,S10,FROST-S10,3.6
2026-07-25 19:14,S11,FROST-S11,3.4
2026-07-25 19:14,S12,FROST-S12,3.3
2026-07-25 19:44,S01,FROST-S01,3.6
2026-07-25 19:44,S02,FROST-S02,3.4
2026-07-25 19:44,S03,FROST-S03,3.6
2026-07-25 19:44,S04,FROST-S04,3.6
2026-07-25 19:44,S05,FROST-S05,3.3
2026-07-25 19:44,S06,FROST-S06,3.4
2026-07-25 19:44,S07,FROST-S07,3.5
2026-07-25 19:44,S08,FROST-S08,3.3
2026-07-25 19:44,S09,FROST-S09,3.3
2026-07-25 19:44,S10,FROST-S10,3.4
2026-07-25 19:44,S11,FROST-S11,3.5
2026-07-25 19:44,S12,FROST-S12,3.6
2026-07-25 20:14,S01,FROST-S01,3.2
2026-07-25 20:14,S02,FROST-S02,3.7
2026-07-25 20:14,S03,FROST-S03,3.3
2026-07-25 20:14,S04,FROST-S04,3.6
2026-07-25 20:14,S05,FROST-S05,3.2
2026-07-25 20:14,S06,FROST-S06,3.4
2026-07-25 20:14,S07,FROST-S07,3.7
2026-07-25 20:14,S08,FROST-S08,3.3
2026-07-25 20:14,S09,FROST-S09,3.3
2026-07-25 20:14,S10,FROST-S10,3.3
2026-07-25 20:14,S11,FROST-S11,3.4
2026-07-25 20:14,S12,FROST-S12,3.6
2026-07-25 20:44,S01,FROST-S01,3.2
2026-07-25 20:44,S02,FROST-S02,3.6
2026-07-25 20:44,S03,FROST-S03,3.3
2026-07-25 20:44,S04,FROST-S04,3.5
2026-07-25 20:44,S05,FROST-S05,3.7
2026-07-25 20:44,S06,FROST-S06,3.7
2026-07-25 20:44,S07,FROST-S07,3.6
2026-07-25 20:44,S08,FROST-S08,3.2
2026-07-25 20:44,S09,FROST-S09,3.7
2026-07-25 20:44,S10,FROST-S10,3.2
2026-07-25 20:44,S11,FROST-S11,3.6
2026-07-25 20:44,S12,FROST-S12,3.2
2026-07-25 21:14,S01,FROST-S01,3.7
2026-07-25 21:14,S02,FROST-S02,3.3
2026-07-25 21:14,S03,FROST-S03,3.2
2026-07-25 21:14,S04,FROST-S04,3.3
2026-07-25 21:14,S05,FROST-S05,3.4
2026-07-25 21:14,S06,FROST-S06,3.7
2026-07-25 21:14,S07,FROST-S07,3.6
2026-07-25 21:14,S08,FROST-S08,3.4
2026-07-25 21:14,S09,FROST-S09,3.4
2026-07-25 21:14,S10,FROST-S10,3.4
2026-07-25 21:14,S11,FROST-S11,3.6
2026-07-25 21:14,S12,FROST-S12,3.2
2026-07-25 21:44,S01,FROST-S01,3.3
2026-07-25 21:44,S02,FROST-S02,3.7
2026-07-25 21:44,S03,FROST-S03,3.7
2026-07-25 21:44,S04,FROST-S04,3.7
2026-07-25 21:44,S05,FROST-S05,3.3
2026-07-25 21:44,S06,FROST-S06,3.6
2026-07-25 21:44,S07,FROST-S07,3.5
2026-07-25 21:44,S08,FROST-S08,3.4
2026-07-25 21:44,S09,FROST-S09,3.7
2026-07-25 21:44,S10,FROST-S10,3.6
2026-07-25 21:44,S11,FROST-S11,3.7
2026-07-25 21:44,S12,FROST-S12,3.2
2026-07-25 22:14,S01,FROST-S01,3.6
2026-07-25 22:14,S02,FROST-S02,3.3
2026-07-25 22:14,S03,FROST-S03,3.6
2026-07-25 22:14,S04,FROST-S04,3.4
2026-07-25 22:14,S05,FROST-S05,3.6
2026-07-25 22:14,S06,FROST-S06,3.5
2026-07-25 22:14,S07,FROST-S07,3.8
2026-07-25 22:14,S08,FROST-S08,3.5
2026-07-25 22:14,S09,FROST-S09,3.8
2026-07-25 22:14,S10,FROST-S10,3.3
2026-07-25 22:14,S11,FROST-S11,3.5
2026-07-25 22:14,S12,FROST-S12,3.8
2026-07-25 22:44,S01,FROST-S01,3.3
2026-07-25 22:44,S02,FROST-S02,3.4
2026-07-25 22:44,S03,FROST-S03,3.4
2026-07-25 22:44,S04,FROST-S04,3.7
2026-07-25 22:44,S05,FROST-S05,3.7
2026-07-25 22:44,S06,FROST-S06,3.5
2026-07-25 22:44,S07,FROST-S07,3.3
2026-07-25 22:44,S08,FROST-S08,3.6
2026-07-25 22:44,S09,FROST-S09,3.2
2026-07-25 22:44,S10,FROST-S10,3.5
2026-07-25 22:44,S11,FROST-S11,3.6
2026-07-25 22:44,S12,FROST-S12,3.7
2026-07-25 23:14,S01,FROST-S01,3.2
2026-07-25 23:14,S02,FROST-S02,3.3
2026-07-25 23:14,S03,FROST-S03,3.5
2026-07-25 23:14,S04,FROST-S04,3.3
2026-07-25 23:14,S05,FROST-S05,3.7
2026-07-25 23:14,S06,FROST-S06,3.2
2026-07-25 23:14,S07,FROST-S07,3.3
2026-07-25 23:14,S08,FROST-S08,3.2
2026-07-25 23:14,S09,FROST-S09,3.2
2026-07-25 23:14,S10,FROST-S10,3.4
2026-07-25 23:14,S11,FROST-S11,3.3
2026-07-25 23:14,S12,FROST-S12,3.5
2026-07-25 23:44,S01,FROST-S01,3.5
2026-07-25 23:44,S02,FROST-S02,3.7
2026-07-25 23:44,S03,FROST-S03,3.3
2026-07-25 23:44,S04,FROST-S04,3.7
2026-07-25 23:44,S05,FROST-S05,3.6
2026-07-25 23:44,S06,FROST-S06,3.7
2026-07-25 23:44,S07,FROST-S07,3.4
2026-07-25 23:44,S08,FROST-S08,3.3
2026-07-25 23:44,S09,FROST-S09,3.5
2026-07-25 23:44,S10,FROST-S10,3.6
2026-07-25 23:44,S11,FROST-S11,3.4
2026-07-25 23:44,S12,FROST-S12,3.7
2026-07-26 00:14,S01,FROST-S01,3.8
2026-07-26 00:14,S02,FROST-S02,3.4
2026-07-26 00:14,S03,FROST-S03,3.7
2026-07-26 00:14,S04,FROST-S04,3.6
2026-07-26 00:14,S05,FROST-S05,3.4
2026-07-26 00:14,S06,FROST-S06,3.2
2026-07-26 00:14,S07,FROST-S07,3.4
2026-07-26 00:14,S08,FROST-S08,3.3
2026-07-26 00:14,S09,FROST-S09,3.4
2026-07-26 00:14,S10,FROST-S10,3.5
2026-07-26 00:14,S11,FROST-S11,3.4
2026-07-26 00:14,S12,FROST-S12,3.6
2026-07-26 00:44,S01,FROST-S01,3.8
2026-07-26 00:44,S02,FROST-S02,3.8
2026-07-26 00:44,S03,FROST-S03,3.5
2026-07-26 00:44,S04,FROST-S04,3.5
2026-07-26 00:44,S05,FROST-S05,3.4
2026-07-26 00:44,S06,FROST-S06,3.6
2026-07-26 00:44,S07,FROST-S07,3.5
2026-07-26 00:44,S08,FROST-S08,3.8
2026-07-26 00:44,S09,FROST-S09,3.5
2026-07-26 00:44,S10,FROST-S10,3.6
2026-07-26 00:44,S11,FROST-S11,3.2
2026-07-26 00:44,S12,FROST-S12,3.6
2026-07-26 01:14,S01,FROST-S01,3.6
2026-07-26 01:14,S02,FROST-S02,3.7
2026-07-26 01:14,S03,FROST-S03,3.3
2026-07-26 01:14,S04,FROST-S04,3.7
2026-07-26 01:14,S05,FROST-S05,3.5
2026-07-26 01:14,S06,FROST-S06,3.7
2026-07-26 01:14,S07,FROST-S07,3.8
2026-07-26 01:14,S08,FROST-S08,3.7
2026-07-26 01:14,S09,FROST-S09,3.2
2026-07-26 01:14,S10,FROST-S10,3.7
2026-07-26 01:14,S11,FROST-S11,3.4
2026-07-26 01:14,S12,FROST-S12,3.8
2026-07-26 01:44,S01,FROST-S01,3.6
2026-07-26 01:44,S02,FROST-S02,3.2
2026-07-26 01:44,S03,FROST-S03,3.6
2026-07-26 01:44,S04,FROST-S04,3.6
2026-07-26 01:44,S05,FROST-S05,3.8
2026-07-26 01:44,S06,FROST-S06,3.6
2026-07-26 01:44,S07,FROST-S07,3.5
2026-07-26 01:44,S08,FROST-S08,3.6
2026-07-26 01:44,S09,FROST-S09,3.4
2026-07-26 01:44,S10,FROST-S10,3.7
2026-07-26 01:44,S11,FROST-S11,3.3
2026-07-26 01:44,S12,FROST-S12,3.7
2026-07-26 02:14,S01,FROST-S01,3.8
2026-07-26 02:14,S02,FROST-S02,3.6
2026-07-26 02:14,S03,FROST-S03,3.4
2026-07-26 02:14,S04,FROST-S04,3.6
2026-07-26 02:14,S05,FROST-S05,3.5
2026-07-26 02:14,S06,FROST-S06,3.8
2026-07-26 02:14,S07,FROST-S07,3.7
2026-07-26 02:14,S08,FROST-S08,3.6
2026-07-26 02:14,S09,FROST-S09,3.6
2026-07-26 02:14,S10,FROST-S10,3.7
2026-07-26 02:14,S11,FROST-S11,3.2
2026-07-26 02:14,S12,FROST-S12,3.8
2026-07-26 02:44,S01,FROST-S01,3.7
2026-07-26 02:44,S02,FROST-S02,3.8
2026-07-26 02:44,S03,FROST-S03,3.3
2026-07-26 02:44,S04,FROST-S04,3.6
2026-07-26 02:44,S05,FROST-S05,3.7
2026-07-26 02:44,S06,FROST-S06,3.6
2026-07-26 02:44,S07,FROST-S07,3.7
2026-07-26 02:44,S08,FROST-S08,3.5
2026-07-26 02:44,S09,FROST-S09,3.7
2026-07-26 02:44,S10,FROST-S10,3.7
2026-07-26 02:44,S11,FROST-S11,3.7
2026-07-26 02:44,S12,FROST-S12,3.3
2026-07-26 03:14,S01,FROST-S01,3.7
2026-07-26 03:14,S02,FROST-S02,3.3
2026-07-26 03:14,S03,FROST-S03,3.7
2026-07-26 03:14,S04,FROST-S04,3.4
2026-07-26 03:14,S05,FROST-S05,3.6
2026-07-26 03:14,S06,FROST-S06,3.7
2026-07-26 03:14,S07,FROST-S07,3.7
2026-07-26 03:14,S08,FROST-S08,3.2
2026-07-26 03:14,S09,FROST-S09,3.6
2026-07-26 03:14,S10,FROST-S10,3.5
2026-07-26 03:14,S11,FROST-S11,3.4
2026-07-26 03:14,S12,FROST-S12,3.8
2026-07-26 03:44,S01,FROST-S01,3.6
2026-07-26 03:44,S02,FROST-S02,3.3
2026-07-26 03:44,S03,FROST-S03,3.5
2026-07-26 03:44,S04,FROST-S04,3.2
2026-07-26 03:44,S05,FROST-S05,3.6
2026-07-26 03:44,S06,FROST-S06,3.3
2026-07-26 03:44,S07,FROST-S07,3.3
2026-07-26 03:44,S08,FROST-S08,3.3
2026-07-26 03:44,S09,FROST-S09,3.4
2026-07-26 03:44,S10,FROST-S10,3.4
2026-07-26 03:44,S11,FROST-S11,3.6
2026-07-26 03:44,S12,FROST-S12,3.8
2026-07-26 04:14,S01,FROST-S01,3.2
2026-07-26 04:14,S02,FROST-S02,3.8
2026-07-26 04:14,S03,FROST-S03,3.7
2026-07-26 04:14,S04,FROST-S04,3.4
2026-07-26 04:14,S05,FROST-S05,3.6
2026-07-26 04:14,S06,FROST-S06,3.2
2026-07-26 04:14,S07,FROST-S07,3.6
2026-07-26 04:14,S08,FROST-S08,3.5
2026-07-26 04:14,S09,FROST-S09,3.5
2026-07-26 04:14,S10,FROST-S10,3.3
2026-07-26 04:14,S11,FROST-S11,3.7
2026-07-26 04:14,S12,FROST-S12,3.7
2026-07-26 04:44,S01,FROST-S01,3.6
2026-07-26 04:44,S02,FROST-S02,3.3
2026-07-26 04:44,S03,FROST-S03,3.6
2026-07-26 04:44,S04,FROST-S04,3.4
2026-07-26 04:44,S05,FROST-S05,3.4
2026-07-26 04:44,S06,FROST-S06,3.8
2026-07-26 04:44,S07,FROST-S07,3.6
2026-07-26 04:44,S08,FROST-S08,3.8
2026-07-26 04:44,S09,FROST-S09,3.3
2026-07-26 04:44,S10,FROST-S10,3.3
2026-07-26 04:44,S11,FROST-S11,3.4
2026-07-26 04:44,S12,FROST-S12,3.2
2026-07-26 05:14,S01,FROST-S01,3.7
2026-07-26 05:14,S02,FROST-S02,3.6
2026-07-26 05:14,S03,FROST-S03,3.5
2026-07-26 05:14,S04,FROST-S04,3.2
2026-07-26 05:14,S05,FROST-S05,3.7
2026-07-26 05:14,S06,FROST-S06,3.3
2026-07-26 05:14,S07,FROST-S07,3.8
2026-07-26 05:14,S08,FROST-S08,3.3
2026-07-26 05:14,S09,FROST-S09,3.4
2026-07-26 05:14,S10,FROST-S10,3.6
2026-07-26 05:14,S11,FROST-S11,3.3
2026-07-26 05:14,S12,FROST-S12,3.8
2026-07-26 05:44,S01,FROST-S01,3.5
2026-07-26 05:44,S02,FROST-S02,3.7
2026-07-26 05:44,S03,FROST-S03,3.7
2026-07-26 05:44,S04,FROST-S04,3.7
2026-07-26 05:44,S05,FROST-S05,3.6
2026-07-26 05:44,S06,FROST-S06,3.6
2026-07-26 05:44,S07,FROST-S07,3.3
2026-07-26 05:44,S08,FROST-S08,3.6
2026-07-26 05:44,S09,FROST-S09,3.7
2026-07-26 05:44,S10,FROST-S10,3.3
2026-07-26 05:44,S11,FROST-S11,3.3
2026-07-26 05:44,S12,FROST-S12,3.6
2026-07-26 06:14,S01,FROST-S01,3.7
2026-07-26 06:14,S02,FROST-S02,3.3
2026-07-26 06:14,S03,FROST-S03,3.4
2026-07-26 06:14,S04,FROST-S04,3.3
2026-07-26 06:14,S05,FROST-S05,3.8
2026-07-26 06:14,S06,FROST-S06,3.5
2026-07-26 06:14,S07,FROST-S07,3.4
2026-07-26 06:14,S08,FROST-S08,3.4
2026-07-26 06:14,S09,FROST-S09,3.5
2026-07-26 06:14,S10,FROST-S10,3.5
2026-07-26 06:14,S11,FROST-S11,3.6
2026-07-26 06:14,S12,FROST-S12,3.7
2026-07-26 06:44,S01,FROST-S01,3.6
2026-07-26 06:44,S02,FROST-S02,3.5
2026-07-26 06:44,S03,FROST-S03,3.5
2026-07-26 06:44,S04,FROST-S04,3.4
2026-07-26 06:44,S05,FROST-S05,3.2
2026-07-26 06:44,S06,FROST-S06,3.2
2026-07-26 06:44,S07,FROST-S07,3.4
2026-07-26 06:44,S08,FROST-S08,3.6
2026-07-26 06:44,S09,FROST-S09,3.2
2026-07-26 06:44,S10,FROST-S10,3.4
2026-07-26 06:44,S11,FROST-S11,3.3
2026-07-26 06:44,S12,FROST-S12,3.6
2026-07-26 07:14,S01,FROST-S01,3.3
2026-07-26 07:14,S02,FROST-S02,3.4
2026-07-26 07:14,S03,FROST-S03,3.8
2026-07-26 07:14,S04,FROST-S04,3.6
2026-07-26 07:14,S05,FROST-S05,3.7
2026-07-26 07:14,S06,FROST-S06,3.7
2026-07-26 07:14,S07,FROST-S07,3.3
2026-07-26 07:14,S08,FROST-S08,3.5
2026-07-26 07:14,S09,FROST-S09,3.5
2026-07-26 07:14,S10,FROST-S10,3.2
2026-07-26 07:14,S11,FROST-S11,3.7
2026-07-26 07:14,S12,FROST-S12,3.6
2026-07-26 07:44,S01,FROST-S01,3.2
2026-07-26 07:44,S02,FROST-S02,3.6
2026-07-26 07:44,S03,FROST-S03,3.2
2026-07-26 07:44,S04,FROST-S04,3.5
2026-07-26 07:44,S05,FROST-S05,3.8
2026-07-26 07:44,S06,FROST-S06,3.6
2026-07-26 07:44,S07,FROST-S07,3.6
2026-07-26 07:44,S08,FROST-S08,3.5
2026-07-26 07:44,S09,FROST-S09,3.8
2026-07-26 07:44,S10,FROST-S10,3.5
2026-07-26 07:44,S11,FROST-S11,3.6
2026-07-26 07:44,S12,FROST-S12,3.3
2026-07-26 08:14,S01,FROST-S01,3.8
2026-07-26 08:14,S02,FROST-S02,3.3
2026-07-26 08:14,S03,FROST-S03,3.6
2026-07-26 08:14,S04,FROST-S04,3.5
2026-07-26 08:14,S05,FROST-S05,3.7
2026-07-26 08:14,S06,FROST-S06,3.4
2026-07-26 08:14,S07,FROST-S07,3.7
2026-07-26 08:14,S08,FROST-S08,3.7
2026-07-26 08:14,S09,FROST-S09,3.4
2026-07-26 08:14,S10,FROST-S10,3.4
2026-07-26 08:14,S11,FROST-S11,3.3
2026-07-26 08:14,S12,FROST-S12,3.6
2026-07-26 08:44,S01,FROST-S01,3.6
2026-07-26 08:44,S02,FROST-S02,3.6
2026-07-26 08:44,S03,FROST-S03,3.8
2026-07-26 08:44,S04,FROST-S04,3.7
2026-07-26 08:44,S05,FROST-S05,3.5
2026-07-26 08:44,S06,FROST-S06,3.6
2026-07-26 08:44,S07,FROST-S07,3.5
2026-07-26 08:44,S08,FROST-S08,3.5
2026-07-26 08:44,S09,FROST-S09,3.4
2026-07-26 08:44,S10,FROST-S10,3.3
2026-07-26 08:44,S11,FROST-S11,3.6
2026-07-26 08:44,S12,FROST-S12,3.3
2026-07-26 09:14,S01,FROST-S01,3.7
2026-07-26 09:14,S02,FROST-S02,3.4
2026-07-26 09:14,S03,FROST-S03,3.4
2026-07-26 09:14,S04,FROST-S04,3.6
2026-07-26 09:14,S05,FROST-S05,3.4
2026-07-26 09:14,S06,FROST-S06,3.5
2026-07-26 09:14,S07,FROST-S07,3.4
2026-07-26 09:14,S08,FROST-S08,3.7
2026-07-26 09:14,S09,FROST-S09,3.5
2026-07-26 09:14,S10,FROST-S10,3.6
2026-07-26 09:14,S11,FROST-S11,3.5
2026-07-26 09:14,S12,FROST-S12,3.3
2026-07-26 09:44,S01,FROST-S01,3.6
2026-07-26 09:44,S02,FROST-S02,3.6
2026-07-26 09:44,S03,FROST-S03,3.3
2026-07-26 09:44,S04,FROST-S04,3.3
2026-07-26 09:44,S05,FROST-S05,3.8
2026-07-26 09:44,S06,FROST-S06,3.5
2026-07-26 09:44,S07,FROST-S07,3.8
2026-07-26 09:44,S08,FROST-S08,3.3
2026-07-26 09:44,S09,FROST-S09,3.7
2026-07-26 09:44,S10,FROST-S10,3.3
2026-07-26 09:44,S11,FROST-S11,3.4
2026-07-26 09:44,S12,FROST-S12,3.5
2026-07-26 10:14,S01,FROST-S01,3.7
2026-07-26 10:14,S02,FROST-S02,3.7
2026-07-26 10:14,S03,FROST-S03,3.6
2026-07-26 10:14,S04,FROST-S04,3.5
2026-07-26 10:14,S05,FROST-S05,3.3
2026-07-26 10:14,S06,FROST-S06,3.5
2026-07-26 10:14,S07,FROST-S07,3.4
2026-07-26 10:14,S08,FROST-S08,3.2
2026-07-26 10:14,S09,FROST-S09,3.3
2026-07-26 10:14,S10,FROST-S10,3.2
2026-07-26 10:14,S11,FROST-S11,3.2
2026-07-26 10:14,S12,FROST-S12,3.2
2026-07-26 10:44,S01,FROST-S01,3.5
2026-07-26 10:44,S02,FROST-S02,3.5
2026-07-26 10:44,S03,FROST-S03,3.6
2026-07-26 10:44,S04,FROST-S04,3.7
2026-07-26 10:44,S05,FROST-S05,3.4
2026-07-26 10:44,S06,FROST-S06,3.7
2026-07-26 10:44,S07,FROST-S07,3.5
2026-07-26 10:44,S08,FROST-S08,3.7
2026-07-26 10:44,S09,FROST-S09,3.7
2026-07-26 10:44,S10,FROST-S10,3.5
2026-07-26 10:44,S11,FROST-S11,3.7
2026-07-26 10:44,S12,FROST-S12,3.4
2026-07-26 11:14,S01,FROST-S01,3.6
2026-07-26 11:14,S02,FROST-S02,3.8
2026-07-26 11:14,S03,FROST-S03,3.3
2026-07-26 11:14,S04,FROST-S04,3.7
2026-07-26 11:14,S05,FROST-S05,3.2
2026-07-26 11:14,S06,FROST-S06,3.6
2026-07-26 11:14,S07,FROST-S07,3.5
2026-07-26 11:14,S08,FROST-S08,3.3
2026-07-26 11:14,S09,FROST-S09,3.6
2026-07-26 11:14,S10,FROST-S10,3.4
2026-07-26 11:14,S11,FROST-S11,3.3
2026-07-26 11:14,S12,FROST-S12,3.5
2026-07-26 11:44,S01,FROST-S01,3.7
2026-07-26 11:44,S02,FROST-S02,3.8
2026-07-26 11:44,S03,FROST-S03,3.3
2026-07-26 11:44,S04,FROST-S04,3.6
2026-07-26 11:44,S05,FROST-S05,3.5
2026-07-26 11:44,S06,FROST-S06,3.5
2026-07-26 11:44,S07,FROST-S07,3.7
2026-07-26 11:44,S08,FROST-S08,3.3
2026-07-26 11:44,S09,FROST-S09,3.7
2026-07-26 11:44,S10,FROST-S10,3.8
2026-07-26 11:44,S11,FROST-S11,3.4
2026-07-26 11:44,S12,FROST-S12,3.7
2026-07-26 12:14,S01,FROST-S01,3.4
2026-07-26 12:14,S02,FROST-S02,3.3
2026-07-26 12:14,S03,FROST-S03,3.4
2026-07-26 12:14,S04,FROST-S04,3.5
2026-07-26 12:14,S05,FROST-S05,3.6
2026-07-26 12:14,S06,FROST-S06,3.4
2026-07-26 12:14,S07,FROST-S07,3.3
2026-07-26 12:14,S08,FROST-S08,3.6
2026-07-26 12:14,S09,FROST-S09,3.4
2026-07-26 12:14,S10,FROST-S10,3.6
2026-07-26 12:14,S11,FROST-S11,3.7
2026-07-26 12:14,S12,FROST-S12,3.3
2026-07-26 12:44,S01,FROST-S01,3.5
2026-07-26 12:44,S02,FROST-S02,3.7
2026-07-26 12:44,S03,FROST-S03,3.2
2026-07-26 12:44,S04,FROST-S04,3.4
2026-07-26 12:44,S05,FROST-S05,3.6
2026-07-26 12:44,S06,FROST-S06,3.6
2026-07-26 12:44,S07,FROST-S07,3.4
2026-07-26 12:44,S08,FROST-S08,3.6
2026-07-26 12:44,S09,FROST-S09,3.4
2026-07-26 12:44,S10,FROST-S10,3.6
2026-07-26 12:44,S11,FROST-S11,3.7
2026-07-26 12:44,S12,FROST-S12,3.7
2026-07-26 13:14,S01,FROST-S01,3.6
2026-07-26 13:14,S02,FROST-S02,3.5
2026-07-26 13:14,S03,FROST-S03,3.6
2026-07-26 13:14,S04,FROST-S04,3.4
2026-07-26 13:14,S05,FROST-S05,3.6
2026-07-26 13:14,S06,FROST-S06,3.8
2026-07-26 13:14,S07,FROST-S07,3.7
2026-07-26 13:14,S08,FROST-S08,3.6
2026-07-26 13:14,S09,FROST-S09,3.3
2026-07-26 13:14,S10,FROST-S10,3.4
2026-07-26 13:14,S11,FROST-S11,3.3
2026-07-26 13:14,S12,FROST-S12,3.4
2026-07-26 13:44,S01,FROST-S01,3.8
2026-07-26 13:44,S02,FROST-S02,3.8
2026-07-26 13:44,S03,FROST-S03,3.6
2026-07-26 13:44,S04,FROST-S04,3.3
2026-07-26 13:44,S05,FROST-S05,3.5
2026-07-26 13:44,S06,FROST-S06,3.8
2026-07-26 13:44,S07,FROST-S07,3.2
2026-07-26 13:44,S08,FROST-S08,3.4
2026-07-26 13:44,S09,FROST-S09,3.7
2026-07-26 13:44,S10,FROST-S10,3.3
2026-07-26 13:44,S11,FROST-S11,3.6
2026-07-26 13:44,S12,FROST-S12,3.5
2026-07-26 14:14,S01,FROST-S01,3.2
2026-07-26 14:14,S02,FROST-S02,3.5
2026-07-26 14:14,S03,FROST-S03,3.4
2026-07-26 14:14,S04,FROST-S04,3.3
2026-07-26 14:14,S05,FROST-S05,3.5
2026-07-26 14:14,S06,FROST-S06,3.4
2026-07-26 14:14,S07,FROST-S07,3.6
2026-07-26 14:14,S08,FROST-S08,3.3
2026-07-26 14:14,S09,FROST-S09,3.2
2026-07-26 14:14,S10,FROST-S10,3.3
2026-07-26 14:14,S11,FROST-S11,3.6
2026-07-26 14:14,S12,FROST-S12,3.5
2026-07-26 14:44,S01,FROST-S01,3.3
2026-07-26 14:44,S02,FROST-S02,3.2
2026-07-26 14:44,S03,FROST-S03,3.4
2026-07-26 14:44,S04,FROST-S04,3.3
2026-07-26 14:44,S05,FROST-S05,3.4
2026-07-26 14:44,S06,FROST-S06,3.6
2026-07-26 14:44,S07,FROST-S07,3.4
2026-07-26 14:44,S08,FROST-S08,3.8
2026-07-26 14:44,S09,FROST-S09,3.2
2026-07-26 14:44,S10,FROST-S10,3.4
2026-07-26 14:44,S11,FROST-S11,3.4
2026-07-26 14:44,S12,FROST-S12,3.5
2026-07-26 15:14,S01,FROST-S01,3.4
2026-07-26 15:14,S02,FROST-S02,3.2
2026-07-26 15:14,S03,FROST-S03,3.3
2026-07-26 15:14,S04,FROST-S04,3.4
2026-07-26 15:14,S05,FROST-S05,3.6
2026-07-26 15:14,S06,FROST-S06,3.3
2026-07-26 15:14,S07,FROST-S07,3.8
2026-07-26 15:14,S08,FROST-S08,3.7
2026-07-26 15:14,S09,FROST-S09,3.2
2026-07-26 15:14,S10,FROST-S10,3.3
2026-07-26 15:14,S11,FROST-S11,3.6
2026-07-26 15:14,S12,FROST-S12,3.4
2026-07-26 15:44,S01,FROST-S01,3.4
2026-07-26 15:44,S02,FROST-S02,3.4
2026-07-26 15:44,S03,FROST-S03,3.4
2026-07-26 15:44,S04,FROST-S04,3.7
2026-07-26 15:44,S05,FROST-S05,3.7
2026-07-26 15:44,S06,FROST-S06,3.7
2026-07-26 15:44,S07,FROST-S07,3.4
2026-07-26 15:44,S08,FROST-S08,3.6
2026-07-26 15:44,S09,FROST-S09,3.7
2026-07-26 15:44,S10,FROST-S10,3.6
2026-07-26 15:44,S11,FROST-S11,3.6
2026-07-26 15:44,S12,FROST-S12,3.5
2026-07-26 16:14,S01,FROST-S01,3.8
2026-07-26 16:14,S02,FROST-S02,3.3
2026-07-26 16:14,S03,FROST-S03,3.2
2026-07-26 16:14,S04,FROST-S04,3.2
2026-07-26 16:14,S05,FROST-S05,3.5
2026-07-26 16:14,S06,FROST-S06,3.6
2026-07-26 16:14,S07,FROST-S07,3.7
2026-07-26 16:14,S08,FROST-S08,3.7
2026-07-26 16:14,S09,FROST-S09,3.3
2026-07-26 16:14,S10,FROST-S10,3.3
2026-07-26 16:14,S11,FROST-S11,3.6
2026-07-26 16:14,S12,FROST-S12,3.4
2026-07-26 16:44,S01,FROST-S01,3.7
2026-07-26 16:44,S02,FROST-S02,3.7
2026-07-26 16:44,S03,FROST-S03,3.3
2026-07-26 16:44,S04,FROST-S04,3.4
2026-07-26 16:44,S05,FROST-S05,3.5
2026-07-26 16:44,S06,FROST-S06,3.2
2026-07-26 16:44,S07,FROST-S07,3.5
2026-07-26 16:44,S08,FROST-S08,3.3
2026-07-26 16:44,S09,FROST-S09,3.4
2026-07-26 16:44,S10,FROST-S10,3.7
2026-07-26 16:44,S11,FROST-S11,3.3
2026-07-26 16:44,S12,FROST-S12,3.7
2026-07-26 17:14,S01,FROST-S01,3.5
2026-07-26 17:14,S02,FROST-S02,3.7
2026-07-26 17:14,S03,FROST-S03,3.7
2026-07-26 17:14,S04,FROST-S04,3.4
2026-07-26 17:14,S05,FROST-S05,3.7
2026-07-26 17:14,S06,FROST-S06,3.7
2026-07-26 17:14,S07,FROST-S07,3.3
2026-07-26 17:14,S08,FROST-S08,3.6
2026-07-26 17:14,S09,FROST-S09,3.8
2026-07-26 17:14,S10,FROST-S10,3.6
2026-07-26 17:14,S11,FROST-S11,3.2
2026-07-26 17:14,S12,FROST-S12,3.7
2026-07-26 17:44,S01,FROST-S01,3.5
2026-07-26 17:44,S02,FROST-S02,3.5
2026-07-26 17:44,S03,FROST-S03,3.2
2026-07-26 17:44,S04,FROST-S04,3.5
2026-07-26 17:44,S05,FROST-S05,3.6
2026-07-26 17:44,S06,FROST-S06,3.3
2026-07-26 17:44,S07,FROST-S07,3.7
2026-07-26 17:44,S08,FROST-S08,3.5
2026-07-26 17:44,S09,FROST-S09,3.7
2026-07-26 17:44,S10,FROST-S10,3.2
2026-07-26 17:44,S11,FROST-S11,3.4
2026-07-26 17:44,S12,FROST-S12,3.4
2026-07-26 18:14,S01,FROST-S01,3.2
2026-07-26 18:14,S02,FROST-S02,3.5
2026-07-26 18:14,S03,FROST-S03,3.7
2026-07-26 18:14,S04,FROST-S04,3.2
2026-07-26 18:14,S05,FROST-S05,3.5
2026-07-26 18:14,S06,FROST-S06,3.4
2026-07-26 18:14,S07,FROST-S07,3.3
2026-07-26 18:14,S08,FROST-S08,3.6
2026-07-26 18:14,S09,FROST-S09,3.5
2026-07-26 18:14,S10,FROST-S10,3.7
2026-07-26 18:14,S11,FROST-S11,3.5
2026-07-26 18:14,S12,FROST-S12,3.6
2026-07-26 18:44,S01,FROST-S01,3.6
2026-07-26 18:44,S02,FROST-S02,3.3
2026-07-26 18:44,S03,FROST-S03,3.5
2026-07-26 18:44,S04,FROST-S04,3.4
2026-07-26 18:44,S05,FROST-S05,3.5
2026-07-26 18:44,S06,FROST-S06,3.5
2026-07-26 18:44,S07,FROST-S07,3.6
2026-07-26 18:44,S08,FROST-S08,3.6
2026-07-26 18:44,S09,FROST-S09,3.5
2026-07-26 18:44,S10,FROST-S10,3.4
2026-07-26 18:44,S11,FROST-S11,3.5
2026-07-26 18:44,S12,FROST-S12,3.2
2026-07-26 19:14,S01,FROST-S01,3.3
2026-07-26 19:14,S02,FROST-S02,3.6
2026-07-26 19:14,S03,FROST-S03,3.8
2026-07-26 19:14,S04,FROST-S04,3.3
2026-07-26 19:14,S05,FROST-S05,3.5
2026-07-26 19:14,S06,FROST-S06,3.7
2026-07-26 19:14,S07,FROST-S07,3.5
2026-07-26 19:14,S08,FROST-S08,3.4
2026-07-26 19:14,S09,FROST-S09,3.5
2026-07-26 19:14,S10,FROST-S10,3.7
2026-07-26 19:14,S11,FROST-S11,3.5
2026-07-26 19:14,S12,FROST-S12,3.7
2026-07-26 19:44,S01,FROST-S01,3.3
2026-07-26 19:44,S02,FROST-S02,3.7
2026-07-26 19:44,S03,FROST-S03,3.5
2026-07-26 19:44,S04,FROST-S04,3.6
2026-07-26 19:44,S05,FROST-S05,3.8
2026-07-26 19:44,S06,FROST-S06,3.6
2026-07-26 19:44,S07,FROST-S07,3.5
2026-07-26 19:44,S08,FROST-S08,3.5
2026-07-26 19:44,S09,FROST-S09,3.3
2026-07-26 19:44,S10,FROST-S10,3.8
2026-07-26 19:44,S11,FROST-S11,3.8
2026-07-26 19:44,S12,FROST-S12,3.3
2026-07-26 20:14,S01,FROST-S01,3.6
2026-07-26 20:14,S02,FROST-S02,3.2
2026-07-26 20:14,S03,FROST-S03,3.7
2026-07-26 20:14,S04,FROST-S04,3.2
2026-07-26 20:14,S05,FROST-S05,3.6
2026-07-26 20:14,S06,FROST-S06,3.2
2026-07-26 20:14,S07,FROST-S07,3.4
2026-07-26 20:14,S08,FROST-S08,3.5
2026-07-26 20:14,S09,FROST-S09,3.4
2026-07-26 20:14,S10,FROST-S10,3.8
2026-07-26 20:14,S11,FROST-S11,3.2
2026-07-26 20:14,S12,FROST-S12,3.7
2026-07-26 20:44,S01,FROST-S01,3.3
2026-07-26 20:44,S02,FROST-S02,3.7
2026-07-26 20:44,S03,FROST-S03,3.8
2026-07-26 20:44,S04,FROST-S04,3.4
2026-07-26 20:44,S05,FROST-S05,3.7
2026-07-26 20:44,S06,FROST-S06,3.6
2026-07-26 20:44,S07,FROST-S07,3.3
2026-07-26 20:44,S08,FROST-S08,3.7
2026-07-26 20:44,S09,FROST-S09,3.4
2026-07-26 20:44,S10,FROST-S10,3.7
2026-07-26 20:44,S11,FROST-S11,3.5
2026-07-26 20:44,S12,FROST-S12,3.2
2026-07-26 21:14,S01,FROST-S01,3.2
2026-07-26 21:14,S02,FROST-S02,3.3
2026-07-26 21:14,S03,FROST-S03,3.5
2026-07-26 21:14,S04,FROST-S04,3.8
2026-07-26 21:14,S05,FROST-S05,3.7
2026-07-26 21:14,S06,FROST-S06,3.4
2026-07-26 21:14,S07,FROST-S07,3.8
2026-07-26 21:14,S08,FROST-S08,3.6
2026-07-26 21:14,S09,FROST-S09,3.7
2026-07-26 21:14,S10,FROST-S10,3.7
2026-07-26 21:14,S11,FROST-S11,3.3
2026-07-26 21:14,S12,FROST-S12,3.3
2026-07-26 21:44,S01,FROST-S01,3.2
2026-07-26 21:44,S02,FROST-S02,3.7
2026-07-26 21:44,S03,FROST-S03,3.2
2026-07-26 21:44,S04,FROST-S04,3.4
2026-07-26 21:44,S05,FROST-S05,3.6
2026-07-26 21:44,S06,FROST-S06,3.6
2026-07-26 21:44,S07,FROST-S07,3.7
2026-07-26 21:44,S08,FROST-S08,3.6
2026-07-26 21:44,S09,FROST-S09,3.4
2026-07-26 21:44,S10,FROST-S10,3.5
2026-07-26 21:44,S11,FROST-S11,3.6
2026-07-26 21:44,S12,FROST-S12,3.5
2026-07-26 22:14,S01,FROST-S01,3.5
2026-07-26 22:14,S02,FROST-S02,3.7
2026-07-26 22:14,S03,FROST-S03,3.3
2026-07-26 22:14,S04,FROST-S04,3.6
2026-07-26 22:14,S05,FROST-S05,3.6
2026-07-26 22:14,S06,FROST-S06,3.4
2026-07-26 22:14,S07,FROST-S07,3.5
2026-07-26 22:14,S08,FROST-S08,3.2
2026-07-26 22:14,S09,FROST-S09,3.3
2026-07-26 22:14,S10,FROST-S10,3.7
2026-07-26 22:14,S11,FROST-S11,3.7
2026-07-26 22:14,S12,FROST-S12,3.2
2026-07-26 22:44,S01,FROST-S01,3.7
2026-07-26 22:44,S02,FROST-S02,3.6
2026-07-26 22:44,S03,FROST-S03,3.4
2026-07-26 22:44,S04,FROST-S04,3.6
2026-07-26 22:44,S05,FROST-S05,3.4
2026-07-26 22:44,S06,FROST-S06,3.4
2026-07-26 22:44,S07,FROST-S07,3.7
2026-07-26 22:44,S08,FROST-S08,3.6
2026-07-26 22:44,S09,FROST-S09,3.5
2026-07-26 22:44,S10,FROST-S10,3.4
2026-07-26 22:44,S11,FROST-S11,3.6
2026-07-26 22:44,S12,FROST-S12,3.3
2026-07-26 23:14,S01,FROST-S01,3.4
2026-07-26 23:14,S02,FROST-S02,3.3
2026-07-26 23:14,S03,FROST-S03,3.5
2026-07-26 23:14,S04,FROST-S04,3.7
2026-07-26 23:14,S05,FROST-S05,3.8
2026-07-26 23:14,S06,FROST-S06,3.6
2026-07-26 23:14,S07,FROST-S07,3.8
2026-07-26 23:14,S08,FROST-S08,3.6
2026-07-26 23:14,S09,FROST-S09,3.6
2026-07-26 23:14,S10,FROST-S10,3.5
2026-07-26 23:14,S11,FROST-S11,3.7
2026-07-26 23:14,S12,FROST-S12,3.6
2026-07-26 23:44,S01,FROST-S01,3.2
2026-07-26 23:44,S02,FROST-S02,3.5
2026-07-26 23:44,S03,FROST-S03,3.8
2026-07-26 23:44,S04,FROST-S04,3.8
2026-07-26 23:44,S05,FROST-S05,3.2
2026-07-26 23:44,S06,FROST-S06,3.5
2026-07-26 23:44,S07,FROST-S07,3.8
2026-07-26 23:44,S08,FROST-S08,3.2
2026-07-26 23:44,S09,FROST-S09,3.8
2026-07-26 23:44,S10,FROST-S10,3.4
2026-07-26 23:44,S11,FROST-S11,3.7
2026-07-26 23:44,S12,FROST-S12,3.5
2026-07-27 00:14,S01,FROST-S01,3.6
2026-07-27 00:14,S02,FROST-S02,3.7
2026-07-27 00:14,S03,FROST-S03,3.4
2026-07-27 00:14,S04,FROST-S04,3.3
2026-07-27 00:14,S05,FROST-S05,3.7
2026-07-27 00:14,S06,FROST-S06,3.6
2026-07-27 00:14,S07,FROST-S07,3.7
2026-07-27 00:14,S08,FROST-S08,3.4
2026-07-27 00:14,S09,FROST-S09,3.8
2026-07-27 00:14,S10,FROST-S10,3.4
2026-07-27 00:14,S11,FROST-S11,3.7
2026-07-27 00:14,S12,FROST-S12,3.2
2026-07-27 00:44,S01,FROST-S01,3.8
2026-07-27 00:44,S02,FROST-S02,3.4
2026-07-27 00:44,S03,FROST-S03,3.5
2026-07-27 00:44,S04,FROST-S04,3.8
2026-07-27 00:44,S05,FROST-S05,3.5
2026-07-27 00:44,S06,FROST-S06,3.4
2026-07-27 00:44,S07,FROST-S07,3.6
2026-07-27 00:44,S08,FROST-S08,3.4
2026-07-27 00:44,S09,FROST-S09,3.6
2026-07-27 00:44,S10,FROST-S10,3.5
2026-07-27 00:44,S11,FROST-S11,3.6
2026-07-27 00:44,S12,FROST-S12,3.8
2026-07-27 01:14,S01,FROST-S01,3.4
2026-07-27 01:14,S02,FROST-S02,3.5
2026-07-27 01:14,S03,FROST-S03,3.4
2026-07-27 01:14,S04,FROST-S04,3.2
2026-07-27 01:14,S05,FROST-S05,3.3
2026-07-27 01:14,S06,FROST-S06,3.3
2026-07-27 01:14,S07,FROST-S07,3.4
2026-07-27 01:14,S08,FROST-S08,3.6
2026-07-27 01:14,S09,FROST-S09,3.5
2026-07-27 01:14,S10,FROST-S10,3.4
2026-07-27 01:14,S11,FROST-S11,3.5
2026-07-27 01:14,S12,FROST-S12,3.6
2026-07-27 01:44,S01,FROST-S01,3.6
2026-07-27 01:44,S02,FROST-S02,3.3
2026-07-27 01:44,S03,FROST-S03,3.3
2026-07-27 01:44,S04,FROST-S04,3.4
2026-07-27 01:44,S05,FROST-S05,3.4
2026-07-27 01:44,S06,FROST-S06,3.8
2026-07-27 01:44,S07,FROST-S07,3.5
2026-07-27 01:44,S08,FROST-S08,3.6
2026-07-27 01:44,S09,FROST-S09,3.3
2026-07-27 01:44,S10,FROST-S10,3.4
2026-07-27 01:44,S11,FROST-S11,3.8
2026-07-27 01:44,S12,FROST-S12,3.4
2026-07-27 02:14,S01,FROST-S01,3.5
2026-07-27 02:14,S02,FROST-S02,3.3
2026-07-27 02:14,S03,FROST-S03,3.8
2026-07-27 02:14,S04,FROST-S04,3.2
2026-07-27 02:14,S05,FROST-S05,3.5
2026-07-27 02:14,S06,FROST-S06,3.2
2026-07-27 02:14,S07,FROST-S07,3.3
2026-07-27 02:14,S08,FROST-S08,3.7
2026-07-27 02:14,S09,FROST-S09,3.4
2026-07-27 02:14,S10,FROST-S10,3.3
2026-07-27 02:14,S11,FROST-S11,3.8
2026-07-27 02:14,S12,FROST-S12,3.7
2026-07-27 02:44,S01,FROST-S01,3.8
2026-07-27 02:44,S02,FROST-S02,3.5
2026-07-27 02:44,S03,FROST-S03,3.7
2026-07-27 02:44,S04,FROST-S04,3.6
2026-07-27 02:44,S05,FROST-S05,3.5
2026-07-27 02:44,S06,FROST-S06,3.5
2026-07-27 02:44,S07,FROST-S07,3.5
2026-07-27 02:44,S08,FROST-S08,3.7
2026-07-27 02:44,S09,FROST-S09,3.3
2026-07-27 02:44,S10,FROST-S10,3.5
2026-07-27 02:44,S11,FROST-S11,3.3
2026-07-27 02:44,S12,FROST-S12,3.6
2026-07-27 03:14,S01,FROST-S01,3.4
2026-07-27 03:14,S02,FROST-S02,3.4
2026-07-27 03:14,S03,FROST-S03,3.3
2026-07-27 03:14,S04,FROST-S04,3.4
2026-07-27 03:14,S05,FROST-S05,3.5
2026-07-27 03:14,S06,FROST-S06,3.3
2026-07-27 03:14,S07,FROST-S07,3.3
2026-07-27 03:14,S08,FROST-S08,3.6
2026-07-27 03:14,S09,FROST-S09,3.3
2026-07-27 03:14,S10,FROST-S10,3.4
2026-07-27 03:14,S11,FROST-S11,3.7
2026-07-27 03:14,S12,FROST-S12,3.5
2026-07-27 03:44,S01,FROST-S01,3.6
2026-07-27 03:44,S02,FROST-S02,3.7
2026-07-27 03:44,S03,FROST-S03,3.6
2026-07-27 03:44,S04,FROST-S04,3.4
2026-07-27 03:44,S05,FROST-S05,3.8
2026-07-27 03:44,S06,FROST-S06,3.3
2026-07-27 03:44,S07,FROST-S07,3.5
2026-07-27 03:44,S08,FROST-S08,3.7
2026-07-27 03:44,S09,FROST-S09,3.8
2026-07-27 03:44,S10,FROST-S10,3.7
2026-07-27 03:44,S11,FROST-S11,3.3
2026-07-27 03:44,S12,FROST-S12,3.7
2026-07-27 04:14,S01,FROST-S01,3.3
2026-07-27 04:14,S02,FROST-S02,3.4
2026-07-27 04:14,S03,FROST-S03,3.5
2026-07-27 04:14,S04,FROST-S04,3.3
2026-07-27 04:14,S05,FROST-S05,3.5
2026-07-27 04:14,S06,FROST-S06,3.3
2026-07-27 04:14,S07,FROST-S07,3.4
2026-07-27 04:14,S08,FROST-S08,3.3
2026-07-27 04:14,S09,FROST-S09,3.4
2026-07-27 04:14,S10,FROST-S10,3.6
2026-07-27 04:14,S11,FROST-S11,3.6
2026-07-27 04:14,S12,FROST-S12,3.3
2026-07-27 04:44,S01,FROST-S01,3.3
2026-07-27 04:44,S02,FROST-S02,3.6
2026-07-27 04:44,S03,FROST-S03,3.3
2026-07-27 04:44,S04,FROST-S04,3.3
2026-07-27 04:44,S05,FROST-S05,3.4
2026-07-27 04:44,S06,FROST-S06,3.6
2026-07-27 04:44,S07,FROST-S07,3.7
2026-07-27 04:44,S08,FROST-S08,3.7
2026-07-27 04:44,S09,FROST-S09,3.4
2026-07-27 04:44,S10,FROST-S10,3.5
2026-07-27 04:44,S11,FROST-S11,3.5
2026-07-27 04:44,S12,FROST-S12,3.5
2026-07-27 05:14,S01,FROST-S01,3.7
2026-07-27 05:14,S02,FROST-S02,3.4
2026-07-27 05:14,S03,FROST-S03,3.2
2026-07-27 05:14,S04,FROST-S04,3.6
2026-07-27 05:14,S05,FROST-S05,3.7
2026-07-27 05:14,S06,FROST-S06,3.4
2026-07-27 05:14,S07,FROST-S07,3.4
2026-07-27 05:14,S08,FROST-S08,3.5
2026-07-27 05:14,S09,FROST-S09,3.8
2026-07-27 05:14,S10,FROST-S10,3.4
2026-07-27 05:14,S11,FROST-S11,3.5
2026-07-27 05:14,S12,FROST-S12,3.6
2026-07-27 05:44,S01,FROST-S01,3.4
2026-07-27 05:44,S02,FROST-S02,3.5
2026-07-27 05:44,S03,FROST-S03,3.6
2026-07-27 05:44,S04,FROST-S04,3.3
2026-07-27 05:44,S05,FROST-S05,3.4
2026-07-27 05:44,S06,FROST-S06,3.4
2026-07-27 05:44,S07,FROST-S07,3.4
2026-07-27 05:44,S08,FROST-S08,3.5
2026-07-27 05:44,S09,FROST-S09,3.3
2026-07-27 05:44,S10,FROST-S10,3.3
2026-07-27 05:44,S11,FROST-S11,3.6
2026-07-27 05:44,S12,FROST-S12,3.5
2026-07-27 06:14,S01,FROST-S01,3.7
2026-07-27 06:14,S02,FROST-S02,3.7
2026-07-27 06:14,S03,FROST-S03,3.3
2026-07-27 06:14,S04,FROST-S04,3.6
2026-07-27 06:14,S05,FROST-S05,3.7
2026-07-27 06:14,S06,FROST-S06,3.8
2026-07-27 06:14,S07,FROST-S07,3.6
2026-07-27 06:14,S08,FROST-S08,3.4
2026-07-27 06:14,S09,FROST-S09,3.5
2026-07-27 06:14,S10,FROST-S10,3.4
2026-07-27 06:14,S11,FROST-S11,3.5
2026-07-27 06:14,S12,FROST-S12,3.7
2026-07-27 06:44,S01,FROST-S01,3.3
2026-07-27 06:44,S02,FROST-S02,3.3
2026-07-27 06:44,S03,FROST-S03,3.3
2026-07-27 06:44,S04,FROST-S04,3.6
2026-07-27 06:44,S05,FROST-S05,3.2
2026-07-27 06:44,S06,FROST-S06,3.4
2026-07-27 06:44,S07,FROST-S07,3.5
2026-07-27 06:44,S08,FROST-S08,3.7
2026-07-27 06:44,S09,FROST-S09,3.2
2026-07-27 06:44,S10,FROST-S10,3.4
2026-07-27 06:44,S11,FROST-S11,3.7
2026-07-27 06:44,S12,FROST-S12,3.6
2026-07-27 07:14,S01,FROST-S01,3.5
2026-07-27 07:14,S02,FROST-S02,3.2
2026-07-27 07:14,S03,FROST-S03,3.7
2026-07-27 07:14,S04,FROST-S04,3.7
2026-07-27 07:14,S05,FROST-S05,3.7
2026-07-27 07:14,S06,FROST-S06,3.7
2026-07-27 07:14,S07,FROST-S07,3.7
2026-07-27 07:14,S08,FROST-S08,3.8
2026-07-27 07:14,S09,FROST-S09,3.5
2026-07-27 07:14,S10,FROST-S10,3.8
2026-07-27 07:14,S11,FROST-S11,3.7
2026-07-27 07:14,S12,FROST-S12,3.7
2026-07-27 07:44,S01,FROST-S01,3.5
2026-07-27 07:44,S02,FROST-S02,3.6
2026-07-27 07:44,S03,FROST-S03,3.5
2026-07-27 07:44,S04,FROST-S04,3.6
2026-07-27 07:44,S05,FROST-S05,3.3
2026-07-27 07:44,S06,FROST-S06,3.8
2026-07-27 07:44,S07,FROST-S07,3.8
2026-07-27 07:44,S08,FROST-S08,3.6
2026-07-27 07:44,S09,FROST-S09,3.5
2026-07-27 07:44,S10,FROST-S10,3.5
2026-07-27 07:44,S11,FROST-S11,3.7
2026-07-27 07:44,S12,FROST-S12,3.6
2026-07-27 08:14,S01,FROST-S01,3.7
2026-07-27 08:14,S02,FROST-S02,3.3
2026-07-27 08:14,S03,FROST-S03,3.3
2026-07-27 08:14,S04,FROST-S04,3.8
2026-07-27 08:14,S05,FROST-S05,3.5
2026-07-27 08:14,S06,FROST-S06,3.8
2026-07-27 08:14,S07,FROST-S07,3.7
2026-07-27 08:14,S08,FROST-S08,3.6
2026-07-27 08:14,S09,FROST-S09,3.6
2026-07-27 08:14,S10,FROST-S10,3.7
2026-07-27 08:14,S11,FROST-S11,3.8
2026-07-27 08:14,S12,FROST-S12,3.7
2026-07-27 08:44,S01,FROST-S01,3.4
2026-07-27 08:44,S02,FROST-S02,3.7
2026-07-27 08:44,S03,FROST-S03,3.5
2026-07-27 08:44,S04,FROST-S04,3.6
2026-07-27 08:44,S05,FROST-S05,3.7
2026-07-27 08:44,S06,FROST-S06,3.7
2026-07-27 08:44,S07,FROST-S07,3.5
2026-07-27 08:44,S08,FROST-S08,3.7
2026-07-27 08:44,S09,FROST-S09,3.4
2026-07-27 08:44,S10,FROST-S10,3.4
2026-07-27 08:44,S11,FROST-S11,3.3
2026-07-27 08:44,S12,FROST-S12,3.6
2026-07-27 09:14,S01,FROST-S01,3.8
2026-07-27 09:14,S02,FROST-S02,3.3
2026-07-27 09:14,S03,FROST-S03,3.3
2026-07-27 09:14,S04,FROST-S04,3.2
2026-07-27 09:14,S05,FROST-S05,3.8
2026-07-27 09:14,S06,FROST-S06,3.6
2026-07-27 09:14,S07,FROST-S07,3.7
2026-07-27 09:14,S08,FROST-S08,3.7
2026-07-27 09:14,S09,FROST-S09,3.7
2026-07-27 09:14,S10,FROST-S10,3.6
2026-07-27 09:14,S11,FROST-S11,3.7
2026-07-27 09:14,S12,FROST-S12,3.3
2026-07-27 09:44,S01,FROST-S01,3.5
2026-07-27 09:44,S02,FROST-S02,3.6
2026-07-27 09:44,S03,FROST-S03,3.3
2026-07-27 09:44,S04,FROST-S04,3.5
2026-07-27 09:44,S05,FROST-S05,3.5
2026-07-27 09:44,S06,FROST-S06,3.5
2026-07-27 09:44,S07,FROST-S07,3.7
2026-07-27 09:44,S08,FROST-S08,3.4
2026-07-27 09:44,S09,FROST-S09,3.7
2026-07-27 09:44,S10,FROST-S10,3.5
2026-07-27 09:44,S11,FROST-S11,3.6
2026-07-27 09:44,S12,FROST-S12,3.6
2026-07-27 10:14,S01,FROST-S01,3.6
2026-07-27 10:14,S02,FROST-S02,3.4
2026-07-27 10:14,S03,FROST-S03,3.2
2026-07-27 10:14,S04,FROST-S04,3.8
2026-07-27 10:14,S05,FROST-S05,3.6
2026-07-27 10:14,S06,FROST-S06,3.5
2026-07-27 10:14,S07,FROST-S07,3.5
2026-07-27 10:14,S08,FROST-S08,3.3
2026-07-27 10:14,S09,FROST-S09,3.3
2026-07-27 10:14,S10,FROST-S10,3.4
2026-07-27 10:14,S11,FROST-S11,3.8
2026-07-27 10:14,S12,FROST-S12,3.5
2026-07-27 10:44,S01,FROST-S01,3.6
2026-07-27 10:44,S02,FROST-S02,3.2
2026-07-27 10:44,S03,FROST-S03,3.6
2026-07-27 10:44,S04,FROST-S04,3.5
2026-07-27 10:44,S05,FROST-S05,3.4
2026-07-27 10:44,S06,FROST-S06,3.5
2026-07-27 10:44,S07,FROST-S07,3.7
2026-07-27 10:44,S08,FROST-S08,3.7
2026-07-27 10:44,S09,FROST-S09,3.3
2026-07-27 10:44,S10,FROST-S10,3.6
2026-07-27 10:44,S11,FROST-S11,3.6
2026-07-27 10:44,S12,FROST-S12,3.4
2026-07-27 11:14,S01,FROST-S01,3.6
2026-07-27 11:14,S02,FROST-S02,3.6
2026-07-27 11:14,S03,FROST-S03,3.6
2026-07-27 11:14,S04,FROST-S04,3.4
2026-07-27 11:14,S05,FROST-S05,3.3
2026-07-27 11:14,S06,FROST-S06,3.6
2026-07-27 11:14,S07,FROST-S07,3.6
2026-07-27 11:14,S08,FROST-S08,3.4
2026-07-27 11:14,S09,FROST-S09,3.4
2026-07-27 11:14,S10,FROST-S10,3.3
2026-07-27 11:14,S11,FROST-S11,3.4
2026-07-27 11:14,S12,FROST-S12,3.5
2026-07-27 11:44,S01,FROST-S01,3.5
2026-07-27 11:44,S02,FROST-S02,3.5
2026-07-27 11:44,S03,FROST-S03,3.7
2026-07-27 11:44,S04,FROST-S04,3.2
2026-07-27 11:44,S05,FROST-S05,3.8
2026-07-27 11:44,S06,FROST-S06,3.5
2026-07-27 11:44,S07,FROST-S07,3.5
2026-07-27 11:44,S08,FROST-S08,3.7
2026-07-27 11:44,S09,FROST-S09,3.8
2026-07-27 11:44,S10,FROST-S10,3.7
2026-07-27 11:44,S11,FROST-S11,3.5
2026-07-27 11:44,S12,FROST-S12,3.3
2026-07-27 12:14,S01,FROST-S01,3.7
2026-07-27 12:14,S02,FROST-S02,3.5
2026-07-27 12:14,S03,FROST-S03,3.4
2026-07-27 12:14,S04,FROST-S04,3.6
2026-07-27 12:14,S05,FROST-S05,3.7
2026-07-27 12:14,S06,FROST-S06,3.3
2026-07-27 12:14,S07,FROST-S07,3.4
2026-07-27 12:14,S08,FROST-S08,3.3
2026-07-27 12:14,S09,FROST-S09,3.8
2026-07-27 12:14,S10,FROST-S10,3.5
2026-07-27 12:14,S11,FROST-S11,3.5
2026-07-27 12:14,S12,FROST-S12,3.4
2026-07-27 12:44,S01,FROST-S01,3.5
2026-07-27 12:44,S02,FROST-S02,3.5
2026-07-27 12:44,S03,FROST-S03,3.4
2026-07-27 12:44,S04,FROST-S04,3.7
2026-07-27 12:44,S05,FROST-S05,3.3
2026-07-27 12:44,S06,FROST-S06,3.7
2026-07-27 12:44,S07,FROST-S07,3.3
2026-07-27 12:44,S08,FROST-S08,3.3
2026-07-27 12:44,S09,FROST-S09,3.3
2026-07-27 12:44,S10,FROST-S10,3.5
2026-07-27 12:44,S11,FROST-S11,3.7
2026-07-27 12:44,S12,FROST-S12,3.6
2026-07-27 13:14,S01,FROST-S01,3.8
2026-07-27 13:14,S02,FROST-S02,3.7
2026-07-27 13:14,S03,FROST-S03,3.3
2026-07-27 13:14,S04,FROST-S04,3.5
2026-07-27 13:14,S05,FROST-S05,3.8
2026-07-27 13:14,S06,FROST-S06,3.7
2026-07-27 13:14,S07,FROST-S07,3.2
2026-07-27 13:14,S08,FROST-S08,3.6
2026-07-27 13:14,S09,FROST-S09,3.6
2026-07-27 13:14,S10,FROST-S10,3.5
2026-07-27 13:14,S11,FROST-S11,3.7
2026-07-27 13:14,S12,FROST-S12,3.3
2026-07-27 13:44,S01,FROST-S01,3.7
2026-07-27 13:44,S02,FROST-S02,3.6
2026-07-27 13:44,S03,FROST-S03,3.2
2026-07-27 13:44,S04,FROST-S04,3.6
2026-07-27 13:44,S05,FROST-S05,3.5
2026-07-27 13:44,S06,FROST-S06,3.8
2026-07-27 13:44,S07,FROST-S07,3.4
2026-07-27 13:44,S08,FROST-S08,3.7
2026-07-27 13:44,S09,FROST-S09,3.5
2026-07-27 13:44,S10,FROST-S10,3.7
2026-07-27 13:44,S11,FROST-S11,3.3
2026-07-27 13:44,S12,FROST-S12,3.5
2026-07-27 14:14,S01,FROST-S01,3.5
2026-07-27 14:14,S02,FROST-S02,3.8
2026-07-27 14:14,S03,FROST-S03,3.2
2026-07-27 14:14,S04,FROST-S04,3.5
2026-07-27 14:14,S05,FROST-S05,3.6
2026-07-27 14:14,S06,FROST-S06,3.4
2026-07-27 14:14,S07,FROST-S07,3.3
2026-07-27 14:14,S08,FROST-S08,3.3
2026-07-27 14:14,S09,FROST-S09,3.8
2026-07-27 14:14,S10,FROST-S10,3.7
2026-07-27 14:14,S11,FROST-S11,3.3
2026-07-27 14:14,S12,FROST-S12,3.3
2026-07-27 14:44,S01,FROST-S01,3.4
2026-07-27 14:44,S02,FROST-S02,3.6
2026-07-27 14:44,S03,FROST-S03,3.5
2026-07-27 14:44,S04,FROST-S04,3.4
2026-07-27 14:44,S05,FROST-S05,3.3
2026-07-27 14:44,S06,FROST-S06,3.3
2026-07-27 14:44,S07,FROST-S07,3.3
2026-07-27 14:44,S08,FROST-S08,3.3
2026-07-27 14:44,S09,FROST-S09,3.5
2026-07-27 14:44,S10,FROST-S10,3.3
2026-07-27 14:44,S11,FROST-S11,3.7
2026-07-27 14:44,S12,FROST-S12,3.2
2026-07-27 15:14,S01,FROST-S01,3.3
2026-07-27 15:14,S02,FROST-S02,3.3
2026-07-27 15:14,S03,FROST-S03,3.3
2026-07-27 15:14,S04,FROST-S04,3.7
2026-07-27 15:14,S05,FROST-S05,3.5
2026-07-27 15:14,S06,FROST-S06,3.5
2026-07-27 15:14,S07,FROST-S07,3.7
2026-07-27 15:14,S08,FROST-S08,3.5
2026-07-27 15:14,S09,FROST-S09,3.6
2026-07-27 15:14,S10,FROST-S10,3.3
2026-07-27 15:14,S11,FROST-S11,3.4
2026-07-27 15:14,S12,FROST-S12,3.2
2026-07-27 15:44,S01,FROST-S01,3.4
2026-07-27 15:44,S02,FROST-S02,3.4
2026-07-27 15:44,S03,FROST-S03,3.3
2026-07-27 15:44,S04,FROST-S04,3.5
2026-07-27 15:44,S05,FROST-S05,3.7
2026-07-27 15:44,S06,FROST-S06,3.3
2026-07-27 15:44,S07,FROST-S07,3.7
2026-07-27 15:44,S08,FROST-S08,3.3
2026-07-27 15:44,S09,FROST-S09,3.5
2026-07-27 15:44,S10,FROST-S10,3.3
2026-07-27 15:44,S11,FROST-S11,3.8
2026-07-27 15:44,S12,FROST-S12,3.2
2026-07-27 16:14,S01,FROST-S01,3.7
2026-07-27 16:14,S02,FROST-S02,3.2
2026-07-27 16:14,S03,FROST-S03,3.6
2026-07-27 16:14,S04,FROST-S04,3.7
2026-07-27 16:14,S05,FROST-S05,3.7
2026-07-27 16:14,S06,FROST-S06,3.2
2026-07-27 16:14,S07,FROST-S07,3.4
2026-07-27 16:14,S08,FROST-S08,3.6
2026-07-27 16:14,S09,FROST-S09,3.3
2026-07-27 16:14,S10,FROST-S10,3.5
2026-07-27 16:14,S11,FROST-S11,3.2
2026-07-27 16:14,S12,FROST-S12,3.3
2026-07-27 16:44,S01,FROST-S01,3.5
2026-07-27 16:44,S02,FROST-S02,3.2
2026-07-27 16:44,S03,FROST-S03,3.2
2026-07-27 16:44,S04,FROST-S04,3.5
2026-07-27 16:44,S05,FROST-S05,3.7
2026-07-27 16:44,S06,FROST-S06,3.7
2026-07-27 16:44,S07,FROST-S07,3.3
2026-07-27 16:44,S08,FROST-S08,3.6
2026-07-27 16:44,S09,FROST-S09,3.2
2026-07-27 16:44,S10,FROST-S10,3.7
2026-07-27 16:44,S11,FROST-S11,3.7
2026-07-27 16:44,S12,FROST-S12,3.4
2026-07-27 17:14,S01,FROST-S01,3.4
2026-07-27 17:14,S02,FROST-S02,3.7
2026-07-27 17:14,S03,FROST-S03,3.3
2026-07-27 17:14,S04,FROST-S04,3.4
2026-07-27 17:14,S05,FROST-S05,3.8
2026-07-27 17:14,S06,FROST-S06,3.5
2026-07-27 17:14,S07,FROST-S07,3.7
2026-07-27 17:14,S08,FROST-S08,3.3
2026-07-27 17:14,S09,FROST-S09,3.6
2026-07-27 17:14,S10,FROST-S10,3.4
2026-07-27 17:14,S11,FROST-S11,3.2
2026-07-27 17:14,S12,FROST-S12,3.6
2026-07-27 17:44,S01,FROST-S01,3.8
2026-07-27 17:44,S02,FROST-S02,3.2
2026-07-27 17:44,S03,FROST-S03,3.6
2026-07-27 17:44,S04,FROST-S04,3.7
2026-07-27 17:44,S05,FROST-S05,3.6
2026-07-27 17:44,S06,FROST-S06,3.7
2026-07-27 17:44,S07,FROST-S07,3.4
2026-07-27 17:44,S08,FROST-S08,3.3
2026-07-27 17:44,S09,FROST-S09,3.3
2026-07-27 17:44,S10,FROST-S10,3.2
2026-07-27 17:44,S11,FROST-S11,3.8
2026-07-27 17:44,S12,FROST-S12,3.6
2026-07-27 18:14,S01,FROST-S01,3.5
2026-07-27 18:14,S02,FROST-S02,3.4
2026-07-27 18:14,S03,FROST-S03,3.2
2026-07-27 18:14,S04,FROST-S04,3.4
2026-07-27 18:14,S05,FROST-S05,3.7
2026-07-27 18:14,S06,FROST-S06,3.4
2026-07-27 18:14,S07,FROST-S07,3.8
2026-07-27 18:14,S08,FROST-S08,3.5
2026-07-27 18:14,S09,FROST-S09,3.2
2026-07-27 18:14,S10,FROST-S10,3.7
2026-07-27 18:14,S11,FROST-S11,3.6
2026-07-27 18:14,S12,FROST-S12,3.7
2026-07-27 18:44,S01,FROST-S01,3.8
2026-07-27 18:44,S02,FROST-S02,3.3
2026-07-27 18:44,S03,FROST-S03,3.3
2026-07-27 18:44,S04,FROST-S04,3.3
2026-07-27 18:44,S05,FROST-S05,3.6
2026-07-27 18:44,S06,FROST-S06,3.5
2026-07-27 18:44,S07,FROST-S07,3.2
2026-07-27 18:44,S08,FROST-S08,3.7
2026-07-27 18:44,S09,FROST-S09,3.6
2026-07-27 18:44,S10,FROST-S10,3.8
2026-07-27 18:44,S11,FROST-S11,3.7
2026-07-27 18:44,S12,FROST-S12,3.4
2026-07-27 19:14,S01,FROST-S01,3.2
2026-07-27 19:14,S02,FROST-S02,3.4
2026-07-27 19:14,S03,FROST-S03,3.6
2026-07-27 19:14,S04,FROST-S04,3.3
2026-07-27 19:14,S05,FROST-S05,3.5
2026-07-27 19:14,S06,FROST-S06,3.6
2026-07-27 19:14,S07,FROST-S07,3.4
2026-07-27 19:14,S08,FROST-S08,3.3
2026-07-27 19:14,S09,FROST-S09,3.5
2026-07-27 19:14,S10,FROST-S10,3.3
2026-07-27 19:14,S11,FROST-S11,3.4
2026-07-27 19:14,S12,FROST-S12,3.6
2026-07-27 19:44,S01,FROST-S01,3.5
2026-07-27 19:44,S02,FROST-S02,3.8
2026-07-27 19:44,S03,FROST-S03,3.5
2026-07-27 19:44,S04,FROST-S04,3.3
2026-07-27 19:44,S05,FROST-S05,3.6
2026-07-27 19:44,S06,FROST-S06,3.6
2026-07-27 19:44,S07,FROST-S07,3.7
2026-07-27 19:44,S08,FROST-S08,3.2
2026-07-27 19:44,S09,FROST-S09,3.2
2026-07-27 19:44,S10,FROST-S10,3.7
2026-07-27 19:44,S11,FROST-S11,3.4
2026-07-27 19:44,S12,FROST-S12,3.4
2026-07-27 20:14,S01,FROST-S01,3.6
2026-07-27 20:14,S02,FROST-S02,3.5
2026-07-27 20:14,S03,FROST-S03,3.2
2026-07-27 20:14,S04,FROST-S04,3.6
2026-07-27 20:14,S05,FROST-S05,3.5
2026-07-27 20:14,S06,FROST-S06,3.3
2026-07-27 20:14,S07,FROST-S07,3.3
2026-07-27 20:14,S08,FROST-S08,3.4
2026-07-27 20:14,S09,FROST-S09,3.2
2026-07-27 20:14,S10,FROST-S10,3.7
2026-07-27 20:14,S11,FROST-S11,3.2
2026-07-27 20:14,S12,FROST-S12,3.5
2026-07-27 20:44,S01,FROST-S01,3.7
2026-07-27 20:44,S02,FROST-S02,3.7
2026-07-27 20:44,S03,FROST-S03,3.4
2026-07-27 20:44,S04,FROST-S04,3.7
2026-07-27 20:44,S05,FROST-S05,3.5
2026-07-27 20:44,S06,FROST-S06,3.6
2026-07-27 20:44,S07,FROST-S07,3.6
2026-07-27 20:44,S08,FROST-S08,3.4
2026-07-27 20:44,S09,FROST-S09,3.7
2026-07-27 20:44,S10,FROST-S10,3.4
2026-07-27 20:44,S11,FROST-S11,3.3
2026-07-27 20:44,S12,FROST-S12,3.3
2026-07-27 21:14,S01,FROST-S01,3.3
2026-07-27 21:14,S02,FROST-S02,3.6
2026-07-27 21:14,S03,FROST-S03,3.6
2026-07-27 21:14,S04,FROST-S04,3.3
2026-07-27 21:14,S05,FROST-S05,3.3
2026-07-27 21:14,S06,FROST-S06,3.3
2026-07-27 21:14,S07,FROST-S07,3.8
2026-07-27 21:14,S08,FROST-S08,3.3
2026-07-27 21:14,S09,FROST-S09,3.5
2026-07-27 21:14,S10,FROST-S10,3.8
2026-07-27 21:14,S11,FROST-S11,3.2
2026-07-27 21:14,S12,FROST-S12,3.6
2026-07-27 21:44,S01,FROST-S01,3.7
2026-07-27 21:44,S02,FROST-S02,3.3
2026-07-27 21:44,S03,FROST-S03,3.5
2026-07-27 21:44,S04,FROST-S04,3.4
2026-07-27 21:44,S05,FROST-S05,3.5
2026-07-27 21:44,S06,FROST-S06,3.4
2026-07-27 21:44,S07,FROST-S07,3.8
2026-07-27 21:44,S08,FROST-S08,3.6
2026-07-27 21:44,S09,FROST-S09,3.8
2026-07-27 21:44,S10,FROST-S10,3.4
2026-07-27 21:44,S11,FROST-S11,3.7
2026-07-27 21:44,S12,FROST-S12,3.5
2026-07-27 22:14,S01,FROST-S01,3.4
2026-07-27 22:14,S02,FROST-S02,3.2
2026-07-27 22:14,S03,FROST-S03,3.4
2026-07-27 22:14,S04,FROST-S04,3.7
2026-07-27 22:14,S05,FROST-S05,3.6
2026-07-27 22:14,S06,FROST-S06,3.6
2026-07-27 22:14,S07,FROST-S07,3.6
2026-07-27 22:14,S08,FROST-S08,3.7
2026-07-27 22:14,S09,FROST-S09,3.6
2026-07-27 22:14,S10,FROST-S10,3.4
2026-07-27 22:14,S11,FROST-S11,3.3
2026-07-27 22:14,S12,FROST-S12,3.6
2026-07-27 22:44,S01,FROST-S01,3.5
2026-07-27 22:44,S02,FROST-S02,3.5
2026-07-27 22:44,S03,FROST-S03,3.7
2026-07-27 22:44,S04,FROST-S04,3.7
2026-07-27 22:44,S05,FROST-S05,3.5
2026-07-27 22:44,S06,FROST-S06,3.7
2026-07-27 22:44,S07,FROST-S07,3.5
2026-07-27 22:44,S08,FROST-S08,3.8
2026-07-27 22:44,S09,FROST-S09,3.2
2026-07-27 22:44,S10,FROST-S10,3.7
2026-07-27 22:44,S11,FROST-S11,3.4
2026-07-27 22:44,S12,FROST-S12,3.8
2026-07-27 23:14,S01,FROST-S01,3.5
2026-07-27 23:14,S02,FROST-S02,3.5
2026-07-27 23:14,S03,FROST-S03,3.7
2026-07-27 23:14,S04,FROST-S04,3.7
2026-07-27 23:14,S05,FROST-S05,3.4
2026-07-27 23:14,S06,FROST-S06,3.6
2026-07-27 23:14,S07,FROST-S07,3.3
2026-07-27 23:14,S08,FROST-S08,3.5
2026-07-27 23:14,S09,FROST-S09,3.7
2026-07-27 23:14,S10,FROST-S10,3.3
2026-07-27 23:14,S11,FROST-S11,3.4
2026-07-27 23:14,S12,FROST-S12,3.3
2026-07-27 23:44,S01,FROST-S01,3.8
2026-07-27 23:44,S02,FROST-S02,3.7
2026-07-27 23:44,S03,FROST-S03,3.5
2026-07-27 23:44,S04,FROST-S04,3.6
2026-07-27 23:44,S05,FROST-S05,3.5
2026-07-27 23:44,S06,FROST-S06,3.5
2026-07-27 23:44,S07,FROST-S07,3.4
2026-07-27 23:44,S08,FROST-S08,3.3
2026-07-27 23:44,S09,FROST-S09,3.7
2026-07-27 23:44,S10,FROST-S10,3.4
2026-07-27 23:44,S11,FROST-S11,3.4
2026-07-27 23:44,S12,FROST-S12,3.2
2026-07-28 00:14,S01,FROST-S01,3.5
2026-07-28 00:14,S02,FROST-S02,3.2
2026-07-28 00:14,S03,FROST-S03,3.3
2026-07-28 00:14,S04,FROST-S04,3.6
2026-07-28 00:14,S05,FROST-S05,3.2
2026-07-28 00:14,S06,FROST-S06,3.5
2026-07-28 00:14,S07,FROST-S07,3.5
2026-07-28 00:14,S08,FROST-S08,3.4
2026-07-28 00:14,S09,FROST-S09,3.3
2026-07-28 00:14,S10,FROST-S10,3.4
2026-07-28 00:14,S11,FROST-S11,3.7
2026-07-28 00:14,S12,FROST-S12,3.4
2026-07-28 00:44,S01,FROST-S01,3.7
2026-07-28 00:44,S02,FROST-S02,3.6
2026-07-28 00:44,S03,FROST-S03,3.6
2026-07-28 00:44,S04,FROST-S04,3.3
2026-07-28 00:44,S05,FROST-S05,3.6
2026-07-28 00:44,S06,FROST-S06,3.2
2026-07-28 00:44,S07,FROST-S07,3.7
2026-07-28 00:44,S08,FROST-S08,3.2
2026-07-28 00:44,S09,FROST-S09,3.5
2026-07-28 00:44,S10,FROST-S10,3.3
2026-07-28 00:44,S11,FROST-S11,3.4
2026-07-28 00:44,S12,FROST-S12,3.6
2026-07-28 01:14,S01,FROST-S01,3.3
2026-07-28 01:14,S02,FROST-S02,3.6
2026-07-28 01:14,S03,FROST-S03,3.6
2026-07-28 01:14,S04,FROST-S04,3.5
2026-07-28 01:14,S05,FROST-S05,3.3
2026-07-28 01:14,S06,FROST-S06,3.3
2026-07-28 01:14,S07,FROST-S07,3.2
2026-07-28 01:14,S08,FROST-S08,3.4
2026-07-28 01:14,S09,FROST-S09,3.5
2026-07-28 01:14,S10,FROST-S10,3.7
2026-07-28 01:14,S11,FROST-S11,3.2
2026-07-28 01:14,S12,FROST-S12,3.3
2026-07-28 01:44,S01,FROST-S01,3.3
2026-07-28 01:44,S02,FROST-S02,3.4
2026-07-28 01:44,S03,FROST-S03,3.7
2026-07-28 01:44,S04,FROST-S04,3.6
2026-07-28 01:44,S05,FROST-S05,3.2
2026-07-28 01:44,S06,FROST-S06,3.4
2026-07-28 01:44,S07,FROST-S07,3.3
2026-07-28 01:44,S08,FROST-S08,3.5
2026-07-28 01:44,S09,FROST-S09,3.8
2026-07-28 01:44,S10,FROST-S10,3.5
2026-07-28 01:44,S11,FROST-S11,3.7
2026-07-28 01:44,S12,FROST-S12,3.4
2026-07-28 02:14,S01,FROST-S01,3.8
2026-07-28 02:14,S02,FROST-S02,3.5
2026-07-28 02:14,S03,FROST-S03,3.4
2026-07-28 02:14,S04,FROST-S04,3.2
2026-07-28 02:14,S05,FROST-S05,3.4
2026-07-28 02:14,S06,FROST-S06,3.8
2026-07-28 02:14,S07,FROST-S07,3.5
2026-07-28 02:14,S08,FROST-S08,3.2
2026-07-28 02:14,S09,FROST-S09,3.7
2026-07-28 02:14,S10,FROST-S10,3.4
2026-07-28 02:14,S11,FROST-S11,3.3
2026-07-28 02:14,S12,FROST-S12,3.3
2026-07-28 02:44,S01,FROST-S01,3.3
2026-07-28 02:44,S02,FROST-S02,3.3
2026-07-28 02:44,S03,FROST-S03,3.7
2026-07-28 02:44,S04,FROST-S04,3.6
2026-07-28 02:44,S05,FROST-S05,3.4
2026-07-28 02:44,S06,FROST-S06,3.6
2026-07-28 02:44,S07,FROST-S07,3.3
2026-07-28 02:44,S08,FROST-S08,3.7
2026-07-28 02:44,S09,FROST-S09,3.8
2026-07-28 02:44,S10,FROST-S10,3.7
2026-07-28 02:44,S11,FROST-S11,3.5
2026-07-28 02:44,S12,FROST-S12,3.7
2026-07-28 03:14,S01,FROST-S01,3.5
2026-07-28 03:14,S02,FROST-S02,3.6
2026-07-28 03:14,S03,FROST-S03,3.4
2026-07-28 03:14,S04,FROST-S04,3.8
2026-07-28 03:14,S05,FROST-S05,3.3
2026-07-28 03:14,S06,FROST-S06,3.2
2026-07-28 03:14,S07,FROST-S07,3.7
2026-07-28 03:14,S08,FROST-S08,3.4
2026-07-28 03:14,S09,FROST-S09,3.4
2026-07-28 03:14,S10,FROST-S10,3.6
2026-07-28 03:14,S11,FROST-S11,3.7
2026-07-28 03:14,S12,FROST-S12,3.8
2026-07-28 03:44,S01,FROST-S01,3.4
2026-07-28 03:44,S02,FROST-S02,3.5
2026-07-28 03:44,S03,FROST-S03,3.7
2026-07-28 03:44,S04,FROST-S04,3.4
2026-07-28 03:44,S05,FROST-S05,3.4
2026-07-28 03:44,S06,FROST-S06,3.2
2026-07-28 03:44,S07,FROST-S07,3.4
2026-07-28 03:44,S08,FROST-S08,3.4
2026-07-28 03:44,S09,FROST-S09,3.6
2026-07-28 03:44,S10,FROST-S10,3.2
2026-07-28 03:44,S11,FROST-S11,3.7
2026-07-28 03:44,S12,FROST-S12,3.7
2026-07-28 04:14,S01,FROST-S01,3.4
2026-07-28 04:14,S02,FROST-S02,3.7
2026-07-28 04:14,S03,FROST-S03,3.7
2026-07-28 04:14,S04,FROST-S04,3.5
2026-07-28 04:14,S05,FROST-S05,3.5
2026-07-28 04:14,S06,FROST-S06,3.4
2026-07-28 04:14,S07,FROST-S07,3.7
2026-07-28 04:14,S08,FROST-S08,3.7
2026-07-28 04:14,S09,FROST-S09,3.5
2026-07-28 04:14,S10,FROST-S10,3.3
2026-07-28 04:14,S11,FROST-S11,3.5
2026-07-28 04:14,S12,FROST-S12,3.2
2026-07-28 04:44,S01,FROST-S01,3.5
2026-07-28 04:44,S02,FROST-S02,3.6
2026-07-28 04:44,S03,FROST-S03,3.7
2026-07-28 04:44,S04,FROST-S04,3.3
2026-07-28 04:44,S05,FROST-S05,3.3
2026-07-28 04:44,S06,FROST-S06,3.6
2026-07-28 04:44,S07,FROST-S07,3.3
2026-07-28 04:44,S08,FROST-S08,3.6
2026-07-28 04:44,S09,FROST-S09,3.3
2026-07-28 04:44,S10,FROST-S10,3.3
2026-07-28 04:44,S11,FROST-S11,3.8
2026-07-28 04:44,S12,FROST-S12,3.6
2026-07-28 05:14,S01,FROST-S01,3.6
2026-07-28 05:14,S02,FROST-S02,3.7
2026-07-28 05:14,S03,FROST-S03,3.4
2026-07-28 05:14,S04,FROST-S04,3.5
2026-07-28 05:14,S05,FROST-S05,3.5
2026-07-28 05:14,S06,FROST-S06,3.8
2026-07-28 05:14,S07,FROST-S07,3.7
2026-07-28 05:14,S08,FROST-S08,3.5
2026-07-28 05:14,S09,FROST-S09,3.7
2026-07-28 05:14,S10,FROST-S10,3.2
2026-07-28 05:14,S11,FROST-S11,3.4
2026-07-28 05:14,S12,FROST-S12,3.5
2026-07-28 05:44,S01,FROST-S01,3.3
2026-07-28 05:44,S02,FROST-S02,3.6
2026-07-28 05:44,S03,FROST-S03,3.8
2026-07-28 05:44,S04,FROST-S04,3.2
2026-07-28 05:44,S05,FROST-S05,3.7
2026-07-28 05:44,S06,FROST-S06,3.3
2026-07-28 05:44,S07,FROST-S07,3.8
2026-07-28 05:44,S08,FROST-S08,3.5
2026-07-28 05:44,S09,FROST-S09,3.7
2026-07-28 05:44,S10,FROST-S10,3.6
2026-07-28 05:44,S11,FROST-S11,3.5
2026-07-28 05:44,S12,FROST-S12,3.7
2026-07-28 06:14,S01,FROST-S01,3.3
2026-07-28 06:14,S02,FROST-S02,3.7
2026-07-28 06:14,S03,FROST-S03,3.4
2026-07-28 06:14,S04,FROST-S04,3.3
2026-07-28 06:14,S05,FROST-S05,3.5
2026-07-28 06:14,S06,FROST-S06,3.5
2026-07-28 06:14,S07,FROST-S07,3.7
2026-07-28 06:14,S08,FROST-S08,3.6
2026-07-28 06:14,S09,FROST-S09,3.6
2026-07-28 06:14,S10,FROST-S10,3.7
2026-07-28 06:14,S11,FROST-S11,3.5
2026-07-28 06:14,S12,FROST-S12,3.6
2026-07-28 06:44,S01,FROST-S01,3.6
2026-07-28 06:44,S02,FROST-S02,3.4
2026-07-28 06:44,S03,FROST-S03,3.7
2026-07-28 06:44,S04,FROST-S04,3.7
2026-07-28 06:44,S05,FROST-S05,3.5
2026-07-28 06:44,S06,FROST-S06,3.2
2026-07-28 06:44,S07,FROST-S07,3.4
2026-07-28 06:44,S08,FROST-S08,3.5
2026-07-28 06:44,S09,FROST-S09,3.8
2026-07-28 06:44,S10,FROST-S10,3.7
2026-07-28 06:44,S11,FROST-S11,3.4
2026-07-28 06:44,S12,FROST-S12,3.6
2026-07-28 07:14,S01,FROST-S01,3.2
2026-07-28 07:14,S02,FROST-S02,3.5
2026-07-28 07:14,S03,FROST-S03,3.8
2026-07-28 07:14,S04,FROST-S04,3.8
2026-07-28 07:14,S05,FROST-S05,3.7
2026-07-28 07:14,S06,FROST-S06,3.3
2026-07-28 07:14,S07,FROST-S07,3.5
2026-07-28 07:14,S08,FROST-S08,3.5
2026-07-28 07:14,S09,FROST-S09,3.3
2026-07-28 07:14,S10,FROST-S10,3.6
2026-07-28 07:14,S11,FROST-S11,3.3
2026-07-28 07:14,S12,FROST-S12,3.7
2026-07-28 07:44,S01,FROST-S01,3.8
2026-07-28 07:44,S02,FROST-S02,3.4
2026-07-28 07:44,S03,FROST-S03,3.7
2026-07-28 07:44,S04,FROST-S04,3.4
2026-07-28 07:44,S05,FROST-S05,3.5
2026-07-28 07:44,S06,FROST-S06,3.4
2026-07-28 07:44,S07,FROST-S07,3.7
2026-07-28 07:44,S08,FROST-S08,3.6
2026-07-28 07:44,S09,FROST-S09,3.5
2026-07-28 07:44,S10,FROST-S10,3.3
2026-07-28 07:44,S11,FROST-S11,3.4
2026-07-28 07:44,S12,FROST-S12,3.3
2026-07-28 08:14,S01,FROST-S01,3.5
2026-07-28 08:14,S02,FROST-S02,3.3
2026-07-28 08:14,S03,FROST-S03,3.4
2026-07-28 08:14,S04,FROST-S04,3.3
2026-07-28 08:14,S05,FROST-S05,3.7
2026-07-28 08:14,S06,FROST-S06,3.3
2026-07-28 08:14,S07,FROST-S07,3.7
2026-07-28 08:14,S08,FROST-S08,3.6
2026-07-28 08:14,S09,FROST-S09,3.5
2026-07-28 08:14,S10,FROST-S10,3.8
2026-07-28 08:14,S11,FROST-S11,3.4
2026-07-28 08:14,S12,FROST-S12,3.4
2026-07-28 08:44,S01,FROST-S01,3.4
2026-07-28 08:44,S02,FROST-S02,3.7
2026-07-28 08:44,S03,FROST-S03,3.3
2026-07-28 08:44,S04,FROST-S04,3.8
2026-07-28 08:44,S05,FROST-S05,3.2
2026-07-28 08:44,S06,FROST-S06,3.3
2026-07-28 08:44,S07,FROST-S07,3.3
2026-07-28 08:44,S08,FROST-S08,3.7
2026-07-28 08:44,S09,FROST-S09,3.4
2026-07-28 08:44,S10,FROST-S10,3.6
2026-07-28 08:44,S11,FROST-S11,3.3
2026-07-28 08:44,S12,FROST-S12,3.8
2026-07-28 09:14,S01,FROST-S01,3.7
2026-07-28 09:14,S02,FROST-S02,3.5
2026-07-28 09:14,S03,FROST-S03,3.7
2026-07-28 09:14,S04,FROST-S04,3.5
2026-07-28 09:14,S05,FROST-S05,3.6
2026-07-28 09:14,S06,FROST-S06,3.6
2026-07-28 09:14,S07,FROST-S07,3.2
2026-07-28 09:14,S08,FROST-S08,3.4
2026-07-28 09:14,S09,FROST-S09,3.6
2026-07-28 09:14,S10,FROST-S10,3.3
2026-07-28 09:14,S11,FROST-S11,3.3
2026-07-28 09:14,S12,FROST-S12,3.7
2026-07-28 09:44,S01,FROST-S01,3.3
2026-07-28 09:44,S02,FROST-S02,3.4
2026-07-28 09:44,S03,FROST-S03,3.7
2026-07-28 09:44,S04,FROST-S04,3.5
2026-07-28 09:44,S05,FROST-S05,3.3
2026-07-28 09:44,S06,FROST-S06,3.4
2026-07-28 09:44,S07,FROST-S07,3.6
2026-07-28 09:44,S08,FROST-S08,3.5
2026-07-28 09:44,S09,FROST-S09,3.5
2026-07-28 09:44,S10,FROST-S10,3.2
2026-07-28 09:44,S11,FROST-S11,3.8
2026-07-28 09:44,S12,FROST-S12,3.5
2026-07-28 10:14,S01,FROST-S01,3.4
2026-07-28 10:14,S02,FROST-S02,3.4
2026-07-28 10:14,S03,FROST-S03,3.3
2026-07-28 10:14,S04,FROST-S04,3.7
2026-07-28 10:14,S05,FROST-S05,3.5
2026-07-28 10:14,S06,FROST-S06,3.3
2026-07-28 10:14,S07,FROST-S07,3.5
2026-07-28 10:14,S08,FROST-S08,3.5
2026-07-28 10:14,S09,FROST-S09,3.4
2026-07-28 10:14,S10,FROST-S10,3.2
2026-07-28 10:14,S11,FROST-S11,3.6
2026-07-28 10:14,S12,FROST-S12,3.4
2026-07-28 10:44,S01,FROST-S01,3.4
2026-07-28 10:44,S02,FROST-S02,3.7
2026-07-28 10:44,S03,FROST-S03,3.2
2026-07-28 10:44,S04,FROST-S04,3.3
2026-07-28 10:44,S05,FROST-S05,3.5
2026-07-28 10:44,S06,FROST-S06,3.5
2026-07-28 10:44,S07,FROST-S07,3.7
2026-07-28 10:44,S08,FROST-S08,3.3
2026-07-28 10:44,S09,FROST-S09,3.4
2026-07-28 10:44,S10,FROST-S10,3.3
2026-07-28 10:44,S11,FROST-S11,3.7
2026-07-28 10:44,S12,FROST-S12,3.4
2026-07-28 11:14,S01,FROST-S01,3.4
2026-07-28 11:14,S02,FROST-S02,3.8
2026-07-28 11:14,S03,FROST-S03,3.7
2026-07-28 11:14,S04,FROST-S04,3.5
2026-07-28 11:14,S05,FROST-S05,3.8
2026-07-28 11:14,S06,FROST-S06,3.3
2026-07-28 11:14,S07,FROST-S07,3.6
2026-07-28 11:14,S08,FROST-S08,3.7
2026-07-28 11:14,S09,FROST-S09,3.5
2026-07-28 11:14,S10,FROST-S10,3.4
2026-07-28 11:14,S11,FROST-S11,3.3
2026-07-28 11:14,S12,FROST-S12,3.4
2026-07-28 11:44,S01,FROST-S01,3.5
2026-07-28 11:44,S02,FROST-S02,3.6
2026-07-28 11:44,S03,FROST-S03,3.2
2026-07-28 11:44,S04,FROST-S04,3.7
2026-07-28 11:44,S05,FROST-S05,3.5
2026-07-28 11:44,S06,FROST-S06,3.6
2026-07-28 11:44,S07,FROST-S07,3.3
2026-07-28 11:44,S08,FROST-S08,3.3
2026-07-28 11:44,S09,FROST-S09,3.3
2026-07-28 11:44,S10,FROST-S10,3.5
2026-07-28 11:44,S11,FROST-S11,3.4
2026-07-28 11:44,S12,FROST-S12,3.5
2026-07-28 12:14,S01,FROST-S01,3.8
2026-07-28 12:14,S02,FROST-S02,3.3
2026-07-28 12:14,S03,FROST-S03,3.4
2026-07-28 12:14,S04,FROST-S04,3.5
2026-07-28 12:14,S05,FROST-S05,3.5
2026-07-28 12:14,S06,FROST-S06,3.8
2026-07-28 12:14,S07,FROST-S07,3.7
2026-07-28 12:14,S08,FROST-S08,3.7
2026-07-28 12:14,S09,FROST-S09,3.4
2026-07-28 12:14,S10,FROST-S10,3.2
2026-07-28 12:14,S11,FROST-S11,3.6
2026-07-28 12:14,S12,FROST-S12,3.2
2026-07-28 12:44,S01,FROST-S01,3.8
2026-07-28 12:44,S02,FROST-S02,3.3
2026-07-28 12:44,S03,FROST-S03,3.4
2026-07-28 12:44,S04,FROST-S04,3.4
2026-07-28 12:44,S05,FROST-S05,3.6
2026-07-28 12:44,S06,FROST-S06,3.5
2026-07-28 12:44,S07,FROST-S07,3.7
2026-07-28 12:44,S08,FROST-S08,3.5
2026-07-28 12:44,S09,FROST-S09,3.5
2026-07-28 12:44,S10,FROST-S10,3.4
2026-07-28 12:44,S11,FROST-S11,3.4
2026-07-28 12:44,S12,FROST-S12,3.8
2026-07-28 13:14,S01,FROST-S01,3.7
2026-07-28 13:14,S02,FROST-S02,3.5
2026-07-28 13:14,S03,FROST-S03,3.7
2026-07-28 13:14,S04,FROST-S04,3.5
2026-07-28 13:14,S05,FROST-S05,3.3
2026-07-28 13:14,S06,FROST-S06,3.4
2026-07-28 13:14,S07,FROST-S07,3.3
2026-07-28 13:14,S08,FROST-S08,3.3
2026-07-28 13:14,S09,FROST-S09,3.3
2026-07-28 13:14,S10,FROST-S10,3.5
2026-07-28 13:14,S11,FROST-S11,3.3
2026-07-28 13:14,S12,FROST-S12,3.3
2026-07-28 13:44,S01,FROST-S01,3.6
2026-07-28 13:44,S02,FROST-S02,3.5
2026-07-28 13:44,S03,FROST-S03,3.8
2026-07-28 13:44,S04,FROST-S04,3.4
2026-07-28 13:44,S05,FROST-S05,3.2
2026-07-28 13:44,S06,FROST-S06,3.3
2026-07-28 13:44,S07,FROST-S07,3.7
2026-07-28 13:44,S08,FROST-S08,3.6
2026-07-28 13:44,S09,FROST-S09,3.7
2026-07-28 13:44,S10,FROST-S10,3.3
2026-07-28 13:44,S11,FROST-S11,3.5
2026-07-28 13:44,S12,FROST-S12,3.6
2026-07-28 14:14,S01,FROST-S01,3.4
2026-07-28 14:14,S02,FROST-S02,3.5
2026-07-28 14:14,S03,FROST-S03,3.4
2026-07-28 14:14,S04,FROST-S04,3.3
2026-07-28 14:14,S05,FROST-S05,3.5
2026-07-28 14:14,S06,FROST-S06,3.5
2026-07-28 14:14,S07,FROST-S07,3.8
2026-07-28 14:14,S08,FROST-S08,3.5
2026-07-28 14:14,S09,FROST-S09,3.3
2026-07-28 14:14,S10,FROST-S10,3.7
2026-07-28 14:14,S11,FROST-S11,3.8
2026-07-28 14:14,S12,FROST-S12,3.5
2026-07-28 14:44,S01,FROST-S01,3.3
2026-07-28 14:44,S02,FROST-S02,3.6
2026-07-28 14:44,S03,FROST-S03,8.5
2026-07-28 14:44,S04,FROST-S04,3.7
2026-07-28 14:44,S05,FROST-S05,3.3
2026-07-28 14:44,S06,FROST-S06,3.2
2026-07-28 14:44,S07,FROST-S07,3.4
2026-07-28 14:44,S08,FROST-S08,3.3
2026-07-28 14:44,S09,FROST-S09,3.5
2026-07-28 14:44,S10,FROST-S10,3.4
2026-07-28 14:44,S11,FROST-S11,3.5
2026-07-28 14:44,S12,FROST-S12,3.3
2026-07-28 15:14,S01,FROST-S01,3.8
2026-07-28 15:14,S02,FROST-S02,3.3
2026-07-28 15:14,S03,FROST-S03,7.8
2026-07-28 15:14,S04,FROST-S04,3.2
2026-07-28 15:14,S05,FROST-S05,3.3
2026-07-28 15:14,S06,FROST-S06,3.5
2026-07-28 15:14,S07,FROST-S07,3.2
2026-07-28 15:14,S08,FROST-S08,3.6
2026-07-28 15:14,S09,FROST-S09,3.7
2026-07-28 15:14,S10,FROST-S10,3.5
2026-07-28 15:14,S11,FROST-S11,3.2
2026-07-28 15:14,S12,FROST-S12,3.5
2026-07-28 15:44,S01,FROST-S01,3.4
2026-07-28 15:44,S02,FROST-S02,3.8
2026-07-28 15:44,S03,FROST-S03,8.1
2026-07-28 15:44,S04,FROST-S04,3.6
2026-07-28 15:44,S05,FROST-S05,3.4
2026-07-28 15:44,S06,FROST-S06,3.5
2026-07-28 15:44,S07,FROST-S07,3.2
2026-07-28 15:44,S08,FROST-S08,3.6
2026-07-28 15:44,S09,FROST-S09,3.3
2026-07-28 15:44,S10,FROST-S10,3.3
2026-07-28 15:44,S11,FROST-S11,3.5
2026-07-28 15:44,S12,FROST-S12,3.2
2026-07-28 16:14,S01,FROST-S01,3.5
2026-07-28 16:14,S02,FROST-S02,3.6
2026-07-28 16:14,S03,FROST-S03,8.3
2026-07-28 16:14,S04,FROST-S04,3.6
2026-07-28 16:14,S05,FROST-S05,3.5
2026-07-28 16:14,S06,FROST-S06,3.7
2026-07-28 16:14,S07,FROST-S07,3.5
2026-07-28 16:14,S08,FROST-S08,3.8
2026-07-28 16:14,S09,FROST-S09,3.8
2026-07-28 16:14,S10,FROST-S10,3.7
2026-07-28 16:14,S11,FROST-S11,3.7
2026-07-28 16:14,S12,FROST-S12,3.8
2026-07-28 16:44,S01,FROST-S01,3.7
2026-07-28 16:44,S02,FROST-S02,3.7
2026-07-28 16:44,S03,FROST-S03,8.2
2026-07-28 16:44,S04,FROST-S04,3.4
2026-07-28 16:44,S05,FROST-S05,3.5
2026-07-28 16:44,S06,FROST-S06,3.3
2026-07-28 16:44,S07,FROST-S07,3.4
2026-07-28 16:44,S08,FROST-S08,3.7
2026-07-28 16:44,S09,FROST-S09,3.5
2026-07-28 16:44,S10,FROST-S10,3.5
2026-07-28 16:44,S11,FROST-S11,3.3
2026-07-28 16:44,S12,FROST-S12,3.8
2026-07-28 17:14,S01,FROST-S01,3.7
2026-07-28 17:14,S02,FROST-S02,3.2
2026-07-28 17:14,S03,FROST-S03,8.0
2026-07-28 17:14,S04,FROST-S04,3.5
2026-07-28 17:14,S05,FROST-S05,3.3
2026-07-28 17:14,S06,FROST-S06,3.6
2026-07-28 17:14,S07,FROST-S07,3.4
2026-07-28 17:14,S08,FROST-S08,3.7
2026-07-28 17:14,S09,FROST-S09,3.6
2026-07-28 17:14,S10,FROST-S10,3.7
2026-07-28 17:14,S11,FROST-S11,3.7
2026-07-28 17:14,S12,FROST-S12,3.3
2026-07-28 17:44,S01,FROST-S01,3.2
2026-07-28 17:44,S02,FROST-S02,3.6
2026-07-28 17:44,S03,FROST-S03,7.7
2026-07-28 17:44,S04,FROST-S04,3.6
2026-07-28 17:44,S05,FROST-S05,3.4
2026-07-28 17:44,S06,FROST-S06,3.5
2026-07-28 17:44,S07,FROST-S07,3.8
2026-07-28 17:44,S08,FROST-S08,3.4
2026-07-28 17:44,S09,FROST-S09,3.8
2026-07-28 17:44,S10,FROST-S10,3.7
2026-07-28 17:44,S11,FROST-S11,3.5
2026-07-28 17:44,S12,FROST-S12,3.8
2026-07-28 18:14,S01,FROST-S01,3.4
2026-07-28 18:14,S02,FROST-S02,3.5
2026-07-28 18:14,S03,FROST-S03,8.6
2026-07-28 18:14,S04,FROST-S04,3.3
2026-07-28 18:14,S05,FROST-S05,3.8
2026-07-28 18:14,S06,FROST-S06,3.3
2026-07-28 18:14,S07,FROST-S07,3.5
2026-07-28 18:14,S08,FROST-S08,3.4
2026-07-28 18:14,S09,FROST-S09,3.5
2026-07-28 18:14,S10,FROST-S10,3.5
2026-07-28 18:14,S11,FROST-S11,3.4
2026-07-28 18:14,S12,FROST-S12,3.3
2026-07-28 18:44,S01,FROST-S01,3.5
2026-07-28 18:44,S02,FROST-S02,3.6
2026-07-28 18:44,S03,FROST-S03,8.4
2026-07-28 18:44,S04,FROST-S04,3.5
2026-07-28 18:44,S05,FROST-S05,3.3
2026-07-28 18:44,S06,FROST-S06,3.7
2026-07-28 18:44,S07,FROST-S07,3.7
2026-07-28 18:44,S08,FROST-S08,3.5
2026-07-28 18:44,S09,FROST-S09,3.4
2026-07-28 18:44,S10,FROST-S10,3.6
2026-07-28 18:44,S11,FROST-S11,3.8
2026-07-28 18:44,S12,FROST-S12,3.3
2026-07-28 19:14,S01,FROST-S01,3.7
2026-07-28 19:14,S02,FROST-S02,3.6
2026-07-28 19:14,S03,FROST-S03,8.4
2026-07-28 19:14,S04,FROST-S04,3.4
2026-07-28 19:14,S05,FROST-S05,3.5
2026-07-28 19:14,S06,FROST-S06,3.5
2026-07-28 19:14,S07,FROST-S07,3.5
2026-07-28 19:14,S08,FROST-S08,3.7
2026-07-28 19:14,S09,FROST-S09,3.4
2026-07-28 19:14,S10,FROST-S10,3.6
2026-07-28 19:14,S11,FROST-S11,3.6
2026-07-28 19:14,S12,FROST-S12,3.4
2026-07-28 19:44,S01,FROST-S01,3.3
2026-07-28 19:44,S02,FROST-S02,3.7
2026-07-28 19:44,S03,FROST-S03,8.4
2026-07-28 19:44,S04,FROST-S04,3.6
2026-07-28 19:44,S05,FROST-S05,3.5
2026-07-28 19:44,S06,FROST-S06,3.7
2026-07-28 19:44,S07,FROST-S07,3.4
2026-07-28 19:44,S08,FROST-S08,3.7
2026-07-28 19:44,S09,FROST-S09,3.7
2026-07-28 19:44,S10,FROST-S10,3.5
2026-07-28 19:44,S11,FROST-S11,3.4
2026-07-28 19:44,S12,FROST-S12,3.4
2026-07-28 20:14,S01,FROST-S01,3.5
2026-07-28 20:14,S02,FROST-S02,3.6
2026-07-28 20:14,S03,FROST-S03,8.1
2026-07-28 20:14,S04,FROST-S04,3.3
2026-07-28 20:14,S05,FROST-S05,3.6
2026-07-28 20:14,S06,FROST-S06,3.8
2026-07-28 20:14,S07,FROST-S07,3.5
2026-07-28 20:14,S08,FROST-S08,3.4
2026-07-28 20:14,S09,FROST-S09,3.5
2026-07-28 20:14,S10,FROST-S10,3.6
2026-07-28 20:14,S11,FROST-S11,3.7
2026-07-28 20:14,S12,FROST-S12,3.7
2026-07-28 20:44,S01,FROST-S01,3.3
2026-07-28 20:44,S02,FROST-S02,3.4
2026-07-28 20:44,S03,FROST-S03,8.3
2026-07-28 20:44,S04,FROST-S04,3.3
2026-07-28 20:44,S05,FROST-S05,3.7
2026-07-28 20:44,S06,FROST-S06,3.7
2026-07-28 20:44,S07,FROST-S07,3.4
2026-07-28 20:44,S08,FROST-S08,3.4
2026-07-28 20:44,S09,FROST-S09,3.4
2026-07-28 20:44,S10,FROST-S10,3.4
2026-07-28 20:44,S11,FROST-S11,3.3
2026-07-28 20:44,S12,FROST-S12,3.7
2026-07-28 21:14,S01,FROST-S01,3.4
2026-07-28 21:14,S02,FROST-S02,3.6
2026-07-28 21:14,S03,FROST-S03,8.7
2026-07-28 21:14,S04,FROST-S04,3.7
2026-07-28 21:14,S05,FROST-S05,3.3
2026-07-28 21:14,S06,FROST-S06,3.4
2026-07-28 21:14,S07,FROST-S07,3.8
2026-07-28 21:14,S08,FROST-S08,3.5
2026-07-28 21:14,S09,FROST-S09,3.7
2026-07-28 21:14,S10,FROST-S10,3.7
2026-07-28 21:14,S11,FROST-S11,3.7
2026-07-28 21:14,S12,FROST-S12,3.6
2026-07-28 21:44,S01,FROST-S01,3.8
2026-07-28 21:44,S02,FROST-S02,3.5
2026-07-28 21:44,S03,FROST-S03,8.5
2026-07-28 21:44,S04,FROST-S04,3.6
2026-07-28 21:44,S05,FROST-S05,3.2
2026-07-28 21:44,S06,FROST-S06,3.7
2026-07-28 21:44,S07,FROST-S07,3.5
2026-07-28 21:44,S08,FROST-S08,3.7
2026-07-28 21:44,S09,FROST-S09,3.8
2026-07-28 21:44,S10,FROST-S10,3.4
2026-07-28 21:44,S11,FROST-S11,3.5
2026-07-28 21:44,S12,FROST-S12,3.3
2026-07-28 22:14,S01,FROST-S01,3.3
2026-07-28 22:14,S02,FROST-S02,3.6
2026-07-28 22:14,S03,FROST-S03,8.6
2026-07-28 22:14,S04,FROST-S04,3.5
2026-07-28 22:14,S05,FROST-S05,3.4
2026-07-28 22:14,S06,FROST-S06,3.4
2026-07-28 22:14,S07,FROST-S07,3.3
2026-07-28 22:14,S08,FROST-S08,3.5
2026-07-28 22:14,S09,FROST-S09,3.7
2026-07-28 22:14,S10,FROST-S10,3.3
2026-07-28 22:14,S11,FROST-S11,3.7
2026-07-28 22:14,S12,FROST-S12,3.5
2026-07-28 22:44,S01,FROST-S01,3.8
2026-07-28 22:44,S02,FROST-S02,3.7
2026-07-28 22:44,S03,FROST-S03,8.4
2026-07-28 22:44,S04,FROST-S04,3.3
2026-07-28 22:44,S05,FROST-S05,3.7
2026-07-28 22:44,S06,FROST-S06,3.6
2026-07-28 22:44,S07,FROST-S07,3.3
2026-07-28 22:44,S08,FROST-S08,3.6
2026-07-28 22:44,S09,FROST-S09,3.2
2026-07-28 22:44,S10,FROST-S10,3.6
2026-07-28 22:44,S11,FROST-S11,3.7
2026-07-28 22:44,S12,FROST-S12,3.6
2026-07-28 23:14,S01,FROST-S01,3.3
2026-07-28 23:14,S02,FROST-S02,3.7
2026-07-28 23:14,S03,FROST-S03,8.6
2026-07-28 23:14,S04,FROST-S04,3.4
2026-07-28 23:14,S05,FROST-S05,3.4
2026-07-28 23:14,S06,FROST-S06,3.4
2026-07-28 23:14,S07,FROST-S07,3.4
2026-07-28 23:14,S08,FROST-S08,3.4
2026-07-28 23:14,S09,FROST-S09,3.6
2026-07-28 23:14,S10,FROST-S10,3.5
2026-07-28 23:14,S11,FROST-S11,3.8
2026-07-28 23:14,S12,FROST-S12,3.6
2026-07-28 23:44,S01,FROST-S01,3.6
2026-07-28 23:44,S02,FROST-S02,3.6
2026-07-28 23:44,S03,FROST-S03,8.5
2026-07-28 23:44,S04,FROST-S04,3.4
2026-07-28 23:44,S05,FROST-S05,3.7
2026-07-28 23:44,S06,FROST-S06,3.4
2026-07-28 23:44,S07,FROST-S07,3.4
2026-07-28 23:44,S08,FROST-S08,3.3
2026-07-28 23:44,S09,FROST-S09,3.6
2026-07-28 23:44,S10,FROST-S10,3.7
2026-07-28 23:44,S11,FROST-S11,3.7
2026-07-28 23:44,S12,FROST-S12,3.3
2026-07-29 00:14,S01,FROST-S01,3.5
2026-07-29 00:14,S02,FROST-S02,3.2
2026-07-29 00:14,S03,FROST-S03,8.1
2026-07-29 00:14,S04,FROST-S04,3.4
2026-07-29 00:14,S05,FROST-S05,3.3
2026-07-29 00:14,S06,FROST-S06,3.7
2026-07-29 00:14,S07,FROST-S07,3.7
2026-07-29 00:14,S08,FROST-S08,3.7
2026-07-29 00:14,S09,FROST-S09,3.6
2026-07-29 00:14,S10,FROST-S10,3.3
2026-07-29 00:14,S11,FROST-S11,3.2
2026-07-29 00:14,S12,FROST-S12,3.4
2026-07-29 00:44,S01,FROST-S01,3.2
2026-07-29 00:44,S02,FROST-S02,3.6
2026-07-29 00:44,S03,FROST-S03,8.4
2026-07-29 00:44,S04,FROST-S04,3.4
2026-07-29 00:44,S05,FROST-S05,3.5
2026-07-29 00:44,S06,FROST-S06,3.6
2026-07-29 00:44,S07,FROST-S07,3.5
2026-07-29 00:44,S08,FROST-S08,3.4
2026-07-29 00:44,S09,FROST-S09,3.3
2026-07-29 00:44,S10,FROST-S10,3.6
2026-07-29 00:44,S11,FROST-S11,3.7
2026-07-29 00:44,S12,FROST-S12,3.4
2026-07-29 01:14,S01,FROST-S01,3.6
2026-07-29 01:14,S02,FROST-S02,3.5
2026-07-29 01:14,S03,FROST-S03,8.5
2026-07-29 01:14,S04,FROST-S04,3.4
2026-07-29 01:14,S05,FROST-S05,3.4
2026-07-29 01:14,S06,FROST-S06,3.2
2026-07-29 01:14,S07,FROST-S07,3.5
2026-07-29 01:14,S08,FROST-S08,3.4
2026-07-29 01:14,S09,FROST-S09,3.8
2026-07-29 01:14,S10,FROST-S10,3.5
2026-07-29 01:14,S11,FROST-S11,3.4
2026-07-29 01:14,S12,FROST-S12,3.3
2026-07-29 01:44,S01,FROST-S01,3.5
2026-07-29 01:44,S02,FROST-S02,3.3
2026-07-29 01:44,S03,FROST-S03,8.3
2026-07-29 01:44,S04,FROST-S04,3.6
2026-07-29 01:44,S05,FROST-S05,3.5
2026-07-29 01:44,S06,FROST-S06,3.4
2026-07-29 01:44,S07,FROST-S07,3.6
2026-07-29 01:44,S08,FROST-S08,3.5
2026-07-29 01:44,S09,FROST-S09,3.7
2026-07-29 01:44,S10,FROST-S10,3.8
2026-07-29 01:44,S11,FROST-S11,3.7
2026-07-29 01:44,S12,FROST-S12,3.3
2026-07-29 02:14,S01,FROST-S01,3.5
2026-07-29 02:14,S02,FROST-S02,3.4
2026-07-29 02:14,S03,FROST-S03,8.0
2026-07-29 02:14,S04,FROST-S04,3.4
2026-07-29 02:14,S05,FROST-S05,3.2
2026-07-29 02:14,S06,FROST-S06,3.5
2026-07-29 02:14,S07,FROST-S07,3.3
2026-07-29 02:14,S08,FROST-S08,3.4
2026-07-29 02:14,S09,FROST-S09,3.5
2026-07-29 02:14,S10,FROST-S10,3.4
2026-07-29 02:14,S11,FROST-S11,3.3
2026-07-29 02:14,S12,FROST-S12,3.6
2026-07-29 02:44,S01,FROST-S01,3.3
2026-07-29 02:44,S02,FROST-S02,3.5
2026-07-29 02:44,S03,FROST-S03,8.2
2026-07-29 02:44,S04,FROST-S04,3.2
2026-07-29 02:44,S05,FROST-S05,3.3
2026-07-29 02:44,S06,FROST-S06,3.6
2026-07-29 02:44,S07,FROST-S07,3.7
2026-07-29 02:44,S08,FROST-S08,3.3
2026-07-29 02:44,S09,FROST-S09,3.2
2026-07-29 02:44,S10,FROST-S10,3.6
2026-07-29 02:44,S11,FROST-S11,3.4
2026-07-29 02:44,S12,FROST-S12,3.3
2026-07-29 03:14,S01,FROST-S01,3.8
2026-07-29 03:14,S02,FROST-S02,3.6
2026-07-29 03:14,S03,FROST-S03,7.9
2026-07-29 03:14,S04,FROST-S04,3.8
2026-07-29 03:14,S05,FROST-S05,3.6
2026-07-29 03:14,S06,FROST-S06,3.4
2026-07-29 03:14,S07,FROST-S07,3.5
2026-07-29 03:14,S08,FROST-S08,3.6
2026-07-29 03:14,S09,FROST-S09,3.2
2026-07-29 03:14,S10,FROST-S10,3.2
2026-07-29 03:14,S11,FROST-S11,3.3
2026-07-29 03:14,S12,FROST-S12,3.4
2026-07-29 03:44,S01,FROST-S01,3.7
2026-07-29 03:44,S02,FROST-S02,3.7
2026-07-29 03:44,S03,FROST-S03,7.8
2026-07-29 03:44,S04,FROST-S04,3.3
2026-07-29 03:44,S05,FROST-S05,3.4
2026-07-29 03:44,S06,FROST-S06,3.3
2026-07-29 03:44,S07,FROST-S07,3.5
2026-07-29 03:44,S08,FROST-S08,3.5
2026-07-29 03:44,S09,FROST-S09,3.5
2026-07-29 03:44,S10,FROST-S10,3.3
2026-07-29 03:44,S11,FROST-S11,3.6
2026-07-29 03:44,S12,FROST-S12,3.6
2026-07-29 04:14,S01,FROST-S01,3.4
2026-07-29 04:14,S02,FROST-S02,3.8
2026-07-29 04:14,S03,FROST-S03,7.8
2026-07-29 04:14,S04,FROST-S04,3.4
2026-07-29 04:14,S05,FROST-S05,3.5
2026-07-29 04:14,S06,FROST-S06,3.8
2026-07-29 04:14,S07,FROST-S07,3.8
2026-07-29 04:14,S08,FROST-S08,3.6
2026-07-29 04:14,S09,FROST-S09,3.7
2026-07-29 04:14,S10,FROST-S10,3.6
2026-07-29 04:14,S11,FROST-S11,3.6
2026-07-29 04:14,S12,FROST-S12,3.6
2026-07-29 04:44,S01,FROST-S01,3.6
2026-07-29 04:44,S02,FROST-S02,3.3
2026-07-29 04:44,S03,FROST-S03,8.1
2026-07-29 04:44,S04,FROST-S04,3.3
2026-07-29 04:44,S05,FROST-S05,3.2
2026-07-29 04:44,S06,FROST-S06,3.5
2026-07-29 04:44,S07,FROST-S07,3.4
2026-07-29 04:44,S08,FROST-S08,3.7
2026-07-29 04:44,S09,FROST-S09,3.5
2026-07-29 04:44,S10,FROST-S10,3.3
2026-07-29 04:44,S11,FROST-S11,3.3
2026-07-29 04:44,S12,FROST-S12,3.7
2026-07-29 05:14,S01,FROST-S01,3.4
2026-07-29 05:14,S02,FROST-S02,3.4
2026-07-29 05:14,S03,FROST-S03,7.9
2026-07-29 05:14,S04,FROST-S04,3.6
2026-07-29 05:14,S05,FROST-S05,3.7
2026-07-29 05:14,S06,FROST-S06,3.4
2026-07-29 05:14,S07,FROST-S07,3.4
2026-07-29 05:14,S08,FROST-S08,3.5
2026-07-29 05:14,S09,FROST-S09,3.6
2026-07-29 05:14,S10,FROST-S10,3.3
2026-07-29 05:14,S11,FROST-S11,3.7
2026-07-29 05:14,S12,FROST-S12,3.5
2026-07-29 05:44,S01,FROST-S01,3.5
2026-07-29 05:44,S02,FROST-S02,3.8
2026-07-29 05:44,S03,FROST-S03,8.1
2026-07-29 05:44,S04,FROST-S04,3.5
2026-07-29 05:44,S05,FROST-S05,3.7
2026-07-29 05:44,S06,FROST-S06,3.5
2026-07-29 05:44,S07,FROST-S07,3.7
2026-07-29 05:44,S08,FROST-S08,3.6
2026-07-29 05:44,S09,FROST-S09,3.5
2026-07-29 05:44,S10,FROST-S10,3.6
2026-07-29 05:44,S11,FROST-S11,3.2
2026-07-29 05:44,S12,FROST-S12,3.7
2026-07-29 06:14,S01,FROST-S01,3.5
2026-07-29 06:14,S02,FROST-S02,3.3
2026-07-29 06:14,S03,FROST-S03,8.7
2026-07-29 06:14,S04,FROST-S04,3.4
2026-07-29 06:14,S05,FROST-S05,3.5
2026-07-29 06:14,S06,FROST-S06,3.3
2026-07-29 06:14,S07,FROST-S07,3.6
2026-07-29 06:14,S08,FROST-S08,3.6
2026-07-29 06:14,S09,FROST-S09,3.7
2026-07-29 06:14,S10,FROST-S10,3.4
2026-07-29 06:14,S11,FROST-S11,3.2
2026-07-29 06:14,S12,FROST-S12,3.4
2026-07-29 06:44,S01,FROST-S01,3.4
2026-07-29 06:44,S02,FROST-S02,3.5
2026-07-29 06:44,S03,FROST-S03,7.8
2026-07-29 06:44,S04,FROST-S04,3.3
2026-07-29 06:44,S05,FROST-S05,3.4
2026-07-29 06:44,S06,FROST-S06,3.4
2026-07-29 06:44,S07,FROST-S07,3.3
2026-07-29 06:44,S08,FROST-S08,3.5
2026-07-29 06:44,S09,FROST-S09,3.2
2026-07-29 06:44,S10,FROST-S10,3.6
2026-07-29 06:44,S11,FROST-S11,3.4
2026-07-29 06:44,S12,FROST-S12,3.7
2026-07-29 07:14,S01,FROST-S01,3.3
2026-07-29 07:14,S02,FROST-S02,3.5
2026-07-29 07:14,S03,FROST-S03,8.2
2026-07-29 07:14,S04,FROST-S04,3.8
2026-07-29 07:14,S05,FROST-S05,3.7
2026-07-29 07:14,S06,FROST-S06,3.3
2026-07-29 07:14,S07,FROST-S07,3.3
2026-07-29 07:14,S08,FROST-S08,3.4
2026-07-29 07:14,S09,FROST-S09,3.7
2026-07-29 07:14,S10,FROST-S10,3.3
2026-07-29 07:14,S11,FROST-S11,3.5
2026-07-29 07:14,S12,FROST-S12,3.8
2026-07-29 07:44,S01,FROST-S01,3.8
2026-07-29 07:44,S02,FROST-S02,3.2
2026-07-29 07:44,S03,FROST-S03,8.2
2026-07-29 07:44,S04,FROST-S04,3.6
2026-07-29 07:44,S05,FROST-S05,3.6
2026-07-29 07:44,S06,FROST-S06,3.6
2026-07-29 07:44,S07,FROST-S07,3.2
2026-07-29 07:44,S08,FROST-S08,3.6
2026-07-29 07:44,S09,FROST-S09,3.4
2026-07-29 07:44,S10,FROST-S10,3.5
2026-07-29 07:44,S11,FROST-S11,3.5
2026-07-29 07:44,S12,FROST-S12,3.7
2026-07-29 08:14,S01,FROST-S01,3.5
2026-07-29 08:14,S02,FROST-S02,3.2
2026-07-29 08:14,S03,FROST-S03,8.4
2026-07-29 08:14,S04,FROST-S04,3.6
2026-07-29 08:14,S05,FROST-S05,3.7
2026-07-29 08:14,S06,FROST-S06,3.6
2026-07-29 08:14,S07,FROST-S07,3.3
2026-07-29 08:14,S08,FROST-S08,3.4
2026-07-29 08:14,S09,FROST-S09,3.8
2026-07-29 08:14,S10,FROST-S10,3.5
2026-07-29 08:14,S11,FROST-S11,3.6
2026-07-29 08:14,S12,FROST-S12,3.8
2026-07-29 08:44,S01,FROST-S01,3.8
2026-07-29 08:44,S02,FROST-S02,3.6
2026-07-29 08:44,S03,FROST-S03,8.4
2026-07-29 08:44,S04,FROST-S04,3.4
2026-07-29 08:44,S05,FROST-S05,3.3
2026-07-29 08:44,S06,FROST-S06,3.7
2026-07-29 08:44,S07,FROST-S07,3.5
2026-07-29 08:44,S08,FROST-S08,3.5
2026-07-29 08:44,S09,FROST-S09,3.5
2026-07-29 08:44,S10,FROST-S10,3.3
2026-07-29 08:44,S11,FROST-S11,3.4
2026-07-29 08:44,S12,FROST-S12,3.5
2026-07-29 09:14,S01,FROST-S01,3.7
2026-07-29 09:14,S02,FROST-S02,3.5
2026-07-29 09:14,S03,FROST-S03,8.6
2026-07-29 09:14,S04,FROST-S04,3.7
2026-07-29 09:14,S05,FROST-S05,3.7
2026-07-29 09:14,S06,FROST-S06,3.4
2026-07-29 09:14,S07,FROST-S07,3.7
2026-07-29 09:14,S08,FROST-S08,3.3
2026-07-29 09:14,S09,FROST-S09,3.2
2026-07-29 09:14,S10,FROST-S10,3.3
2026-07-29 09:14,S11,FROST-S11,3.6
2026-07-29 09:14,S12,FROST-S12,3.4
2026-07-29 09:44,S01,FROST-S01,3.4
2026-07-29 09:44,S02,FROST-S02,3.7
2026-07-29 09:44,S03,FROST-S03,8.0
2026-07-29 09:44,S04,FROST-S04,3.6
2026-07-29 09:44,S05,FROST-S05,3.4
2026-07-29 09:44,S06,FROST-S06,3.4
2026-07-29 09:44,S07,FROST-S07,3.7
2026-07-29 09:44,S08,FROST-S08,3.5
2026-07-29 09:44,S09,FROST-S09,3.5
2026-07-29 09:44,S10,FROST-S10,3.7
2026-07-29 09:44,S11,FROST-S11,3.3
2026-07-29 09:44,S12,FROST-S12,3.4
2026-07-29 10:14,S01,FROST-S01,3.8
2026-07-29 10:14,S02,FROST-S02,3.7
2026-07-29 10:14,S03,FROST-S03,8.7
2026-07-29 10:14,S04,FROST-S04,3.6
2026-07-29 10:14,S05,FROST-S05,3.4
2026-07-29 10:14,S06,FROST-S06,3.3
2026-07-29 10:14,S07,FROST-S07,3.6
2026-07-29 10:14,S08,FROST-S08,3.4
2026-07-29 10:14,S09,FROST-S09,3.2
2026-07-29 10:14,S10,FROST-S10,3.5
2026-07-29 10:14,S11,FROST-S11,3.2
2026-07-29 10:14,S12,FROST-S12,3.2
2026-07-29 10:44,S01,FROST-S01,3.3
2026-07-29 10:44,S02,FROST-S02,3.5
2026-07-29 10:44,S03,FROST-S03,8.0
2026-07-29 10:44,S04,FROST-S04,3.5
2026-07-29 10:44,S05,FROST-S05,3.5
2026-07-29 10:44,S06,FROST-S06,3.8
2026-07-29 10:44,S07,FROST-S07,3.7
2026-07-29 10:44,S08,FROST-S08,3.6
2026-07-29 10:44,S09,FROST-S09,3.7
2026-07-29 10:44,S10,FROST-S10,3.4
2026-07-29 10:44,S11,FROST-S11,3.7
2026-07-29 10:44,S12,FROST-S12,3.4
2026-07-29 11:14,S01,FROST-S01,3.4
2026-07-29 11:14,S02,FROST-S02,3.4
2026-07-29 11:14,S03,FROST-S03,8.3
2026-07-29 11:14,S04,FROST-S04,3.6
2026-07-29 11:14,S05,FROST-S05,3.2
2026-07-29 11:14,S06,FROST-S06,3.2
2026-07-29 11:14,S07,FROST-S07,3.3
2026-07-29 11:14,S08,FROST-S08,3.3
2026-07-29 11:14,S09,FROST-S09,3.3
2026-07-29 11:14,S10,FROST-S10,3.7
2026-07-29 11:14,S11,FROST-S11,3.3
2026-07-29 11:14,S12,FROST-S12,3.4
2026-07-29 11:44,S01,FROST-S01,3.8
2026-07-29 11:44,S02,FROST-S02,3.7
2026-07-29 11:44,S03,FROST-S03,8.0
2026-07-29 11:44,S04,FROST-S04,3.5
2026-07-29 11:44,S05,FROST-S05,3.5
2026-07-29 11:44,S06,FROST-S06,3.4
2026-07-29 11:44,S07,FROST-S07,3.7
2026-07-29 11:44,S08,FROST-S08,3.5
2026-07-29 11:44,S09,FROST-S09,3.5
2026-07-29 11:44,S10,FROST-S10,3.8
2026-07-29 11:44,S11,FROST-S11,3.3
2026-07-29 11:44,S12,FROST-S12,3.7
2026-07-29 12:14,S01,FROST-S01,3.5
2026-07-29 12:14,S02,FROST-S02,3.7
2026-07-29 12:14,S03,FROST-S03,8.5
2026-07-29 12:14,S04,FROST-S04,3.6
2026-07-29 12:14,S05,FROST-S05,3.3
2026-07-29 12:14,S06,FROST-S06,3.3
2026-07-29 12:14,S07,FROST-S07,3.3
2026-07-29 12:14,S08,FROST-S08,3.4
2026-07-29 12:14,S09,FROST-S09,3.8
2026-07-29 12:14,S10,FROST-S10,3.6
2026-07-29 12:14,S11,FROST-S11,3.7
2026-07-29 12:14,S12,FROST-S12,3.2
2026-07-29 12:44,S01,FROST-S01,3.5
2026-07-29 12:44,S02,FROST-S02,3.4
2026-07-29 12:44,S03,FROST-S03,8.1
2026-07-29 12:44,S04,FROST-S04,3.4
2026-07-29 12:44,S05,FROST-S05,3.4
2026-07-29 12:44,S06,FROST-S06,3.7
2026-07-29 12:44,S07,FROST-S07,3.6
2026-07-29 12:44,S08,FROST-S08,3.3
2026-07-29 12:44,S09,FROST-S09,3.5
2026-07-29 12:44,S10,FROST-S10,3.7
2026-07-29 12:44,S11,FROST-S11,3.6
2026-07-29 12:44,S12,FROST-S12,3.4
2026-07-29 13:14,S01,FROST-S01,3.6
2026-07-29 13:14,S02,FROST-S02,3.4
2026-07-29 13:14,S03,FROST-S03,7.8
2026-07-29 13:14,S04,FROST-S04,3.4
2026-07-29 13:14,S05,FROST-S05,3.6
2026-07-29 13:14,S06,FROST-S06,3.8
2026-07-29 13:14,S07,FROST-S07,3.8
2026-07-29 13:14,S08,FROST-S08,3.7
2026-07-29 13:14,S09,FROST-S09,3.6
2026-07-29 13:14,S10,FROST-S10,3.6
2026-07-29 13:14,S11,FROST-S11,3.4
2026-07-29 13:14,S12,FROST-S12,3.3
2026-07-29 13:44,S01,FROST-S01,3.4
2026-07-29 13:44,S02,FROST-S02,3.8
2026-07-29 13:44,S03,FROST-S03,8.6
2026-07-29 13:44,S04,FROST-S04,3.4
2026-07-29 13:44,S05,FROST-S05,3.5
2026-07-29 13:44,S06,FROST-S06,3.2
2026-07-29 13:44,S07,FROST-S07,3.7
2026-07-29 13:44,S08,FROST-S08,3.7
2026-07-29 13:44,S09,FROST-S09,3.3
2026-07-29 13:44,S10,FROST-S10,3.7
2026-07-29 13:44,S11,FROST-S11,3.4
2026-07-29 13:44,S12,FROST-S12,3.8
2026-07-29 14:14,S01,FROST-S01,3.5
2026-07-29 14:14,S02,FROST-S02,3.3
2026-07-29 14:14,S03,FROST-S03,8.4
2026-07-29 14:14,S04,FROST-S04,3.2
2026-07-29 14:14,S05,FROST-S05,3.6
2026-07-29 14:14,S06,FROST-S06,3.7
2026-07-29 14:14,S07,FROST-S07,3.5
2026-07-29 14:14,S08,FROST-S08,3.3
2026-07-29 14:14,S09,FROST-S09,3.8
2026-07-29 14:14,S10,FROST-S10,3.7
2026-07-29 14:14,S11,FROST-S11,3.3
2026-07-29 14:14,S12,FROST-S12,3.4
2026-07-29 14:44,S01,FROST-S01,3.3
2026-07-29 14:44,S02,FROST-S02,3.4
2026-07-29 14:44,S03,FROST-S03,8.6
2026-07-29 14:44,S04,FROST-S04,3.6
2026-07-29 14:44,S05,FROST-S05,3.7
2026-07-29 14:44,S06,FROST-S06,3.4
2026-07-29 14:44,S07,FROST-S07,3.6
2026-07-29 14:44,S08,FROST-S08,3.7
2026-07-29 14:44,S09,FROST-S09,3.3
2026-07-29 14:44,S10,FROST-S10,3.8
2026-07-29 14:44,S11,FROST-S11,3.6
2026-07-29 14:44,S12,FROST-S12,3.5
2026-07-29 15:14,S01,FROST-S01,3.6
2026-07-29 15:14,S02,FROST-S02,3.2
2026-07-29 15:14,S03,FROST-S03,8.2
2026-07-29 15:14,S04,FROST-S04,3.7
2026-07-29 15:14,S05,FROST-S05,3.3
2026-07-29 15:14,S06,FROST-S06,3.8
2026-07-29 15:14,S07,FROST-S07,3.5
2026-07-29 15:14,S08,FROST-S08,3.8
2026-07-29 15:14,S09,FROST-S09,3.5
2026-07-29 15:14,S10,FROST-S10,3.4
2026-07-29 15:14,S11,FROST-S11,3.2
2026-07-29 15:14,S12,FROST-S12,3.6
2026-07-29 15:44,S01,FROST-S01,3.4
2026-07-29 15:44,S02,FROST-S02,3.2
2026-07-29 15:44,S03,FROST-S03,8.3
2026-07-29 15:44,S04,FROST-S04,3.5
2026-07-29 15:44,S05,FROST-S05,3.6
2026-07-29 15:44,S06,FROST-S06,3.2
2026-07-29 15:44,S07,FROST-S07,3.6
2026-07-29 15:44,S08,FROST-S08,3.5
2026-07-29 15:44,S09,FROST-S09,3.8
2026-07-29 15:44,S10,FROST-S10,3.6
2026-07-29 15:44,S11,FROST-S11,3.2
2026-07-29 15:44,S12,FROST-S12,3.4
2026-07-29 16:14,S01,FROST-S01,3.8
2026-07-29 16:14,S02,FROST-S02,3.7
2026-07-29 16:14,S03,FROST-S03,8.1
2026-07-29 16:14,S04,FROST-S04,3.3
2026-07-29 16:14,S05,FROST-S05,3.4
2026-07-29 16:14,S06,FROST-S06,3.2
2026-07-29 16:14,S07,FROST-S07,3.6
2026-07-29 16:14,S08,FROST-S08,3.5
2026-07-29 16:14,S09,FROST-S09,3.3
2026-07-29 16:14,S10,FROST-S10,3.8
2026-07-29 16:14,S11,FROST-S11,3.6
2026-07-29 16:14,S12,FROST-S12,3.7
2026-07-29 16:44,S01,FROST-S01,3.5
2026-07-29 16:44,S02,FROST-S02,3.6
2026-07-29 16:44,S03,FROST-S03,7.9
2026-07-29 16:44,S04,FROST-S04,3.2
2026-07-29 16:44,S05,FROST-S05,3.3
2026-07-29 16:44,S06,FROST-S06,3.5
2026-07-29 16:44,S07,FROST-S07,3.4
2026-07-29 16:44,S08,FROST-S08,3.3
2026-07-29 16:44,S09,FROST-S09,3.7
2026-07-29 16:44,S10,FROST-S10,3.7
2026-07-29 16:44,S11,FROST-S11,3.4
2026-07-29 16:44,S12,FROST-S12,3.7
2026-07-29 17:14,S01,FROST-S01,3.3
2026-07-29 17:14,S02,FROST-S02,3.2
2026-07-29 17:14,S03,FROST-S03,8.4
2026-07-29 17:14,S04,FROST-S04,3.2
2026-07-29 17:14,S05,FROST-S05,3.8
2026-07-29 17:14,S06,FROST-S06,3.7
2026-07-29 17:14,S07,FROST-S07,3.6
2026-07-29 17:14,S08,FROST-S08,3.3
2026-07-29 17:14,S09,FROST-S09,3.5
2026-07-29 17:14,S10,FROST-S10,3.8
2026-07-29 17:14,S11,FROST-S11,3.2
2026-07-29 17:14,S12,FROST-S12,3.5
2026-07-29 17:44,S01,FROST-S01,3.5
2026-07-29 17:44,S02,FROST-S02,3.2
2026-07-29 17:44,S03,FROST-S03,8.4
2026-07-29 17:44,S04,FROST-S04,3.5
2026-07-29 17:44,S05,FROST-S05,3.7
2026-07-29 17:44,S06,FROST-S06,3.3
2026-07-29 17:44,S07,FROST-S07,3.4
2026-07-29 17:44,S08,FROST-S08,3.6
2026-07-29 17:44,S09,FROST-S09,3.6
2026-07-29 17:44,S10,FROST-S10,3.8
2026-07-29 17:44,S11,FROST-S11,3.6
2026-07-29 17:44,S12,FROST-S12,3.3
2026-07-29 18:14,S01,FROST-S01,3.4
2026-07-29 18:14,S02,FROST-S02,3.2
2026-07-29 18:14,S03,FROST-S03,8.1
2026-07-29 18:14,S04,FROST-S04,3.6
2026-07-29 18:14,S05,FROST-S05,3.6
2026-07-29 18:14,S06,FROST-S06,3.8
2026-07-29 18:14,S07,FROST-S07,3.6
2026-07-29 18:14,S08,FROST-S08,3.4
2026-07-29 18:14,S09,FROST-S09,3.3
2026-07-29 18:14,S10,FROST-S10,3.5
2026-07-29 18:14,S11,FROST-S11,3.6
2026-07-29 18:14,S12,FROST-S12,3.4
2026-07-29 18:44,S01,FROST-S01,3.7
2026-07-29 18:44,S02,FROST-S02,3.6
2026-07-29 18:44,S03,FROST-S03,8.4
2026-07-29 18:44,S04,FROST-S04,3.7
2026-07-29 18:44,S05,FROST-S05,3.7
2026-07-29 18:44,S06,FROST-S06,3.6
2026-07-29 18:44,S07,FROST-S07,3.6
2026-07-29 18:44,S08,FROST-S08,3.7
2026-07-29 18:44,S09,FROST-S09,3.3
2026-07-29 18:44,S10,FROST-S10,3.2
2026-07-29 18:44,S11,FROST-S11,3.6
2026-07-29 18:44,S12,FROST-S12,3.2
2026-07-29 19:14,S01,FROST-S01,3.5
2026-07-29 19:14,S02,FROST-S02,3.5
2026-07-29 19:14,S03,FROST-S03,8.2
2026-07-29 19:14,S04,FROST-S04,3.5
2026-07-29 19:14,S05,FROST-S05,3.3
2026-07-29 19:14,S06,FROST-S06,3.7
2026-07-29 19:14,S07,FROST-S07,3.8
2026-07-29 19:14,S08,FROST-S08,3.2
2026-07-29 19:14,S09,FROST-S09,3.7
2026-07-29 19:14,S10,FROST-S10,3.4
2026-07-29 19:14,S11,FROST-S11,3.3
2026-07-29 19:14,S12,FROST-S12,3.7
2026-07-29 19:44,S01,FROST-S01,3.5
2026-07-29 19:44,S02,FROST-S02,3.6
2026-07-29 19:44,S03,FROST-S03,7.7
2026-07-29 19:44,S04,FROST-S04,3.7
2026-07-29 19:44,S05,FROST-S05,3.5
2026-07-29 19:44,S06,FROST-S06,3.5
2026-07-29 19:44,S07,FROST-S07,3.7
2026-07-29 19:44,S08,FROST-S08,3.6
2026-07-29 19:44,S09,FROST-S09,3.6
2026-07-29 19:44,S10,FROST-S10,3.7
2026-07-29 19:44,S11,FROST-S11,3.5
2026-07-29 19:44,S12,FROST-S12,3.4
2026-07-29 20:14,S01,FROST-S01,3.7
2026-07-29 20:14,S02,FROST-S02,3.6
2026-07-29 20:14,S03,FROST-S03,8.2
2026-07-29 20:14,S04,FROST-S04,3.4
2026-07-29 20:14,S05,FROST-S05,3.7
2026-07-29 20:14,S06,FROST-S06,3.3
2026-07-29 20:14,S07,FROST-S07,3.4
2026-07-29 20:14,S08,FROST-S08,3.6
2026-07-29 20:14,S09,FROST-S09,3.6
2026-07-29 20:14,S10,FROST-S10,3.2
2026-07-29 20:14,S11,FROST-S11,3.3
2026-07-29 20:14,S12,FROST-S12,3.3
2026-07-29 20:44,S01,FROST-S01,3.3
2026-07-29 20:44,S02,FROST-S02,3.5
2026-07-29 20:44,S03,FROST-S03,8.1
2026-07-29 20:44,S04,FROST-S04,3.5
2026-07-29 20:44,S05,FROST-S05,3.7
2026-07-29 20:44,S06,FROST-S06,3.2
2026-07-29 20:44,S07,FROST-S07,3.5
2026-07-29 20:44,S08,FROST-S08,3.7
2026-07-29 20:44,S09,FROST-S09,3.6
2026-07-29 20:44,S10,FROST-S10,3.2
2026-07-29 20:44,S11,FROST-S11,3.4
2026-07-29 20:44,S12,FROST-S12,3.8
2026-07-29 21:14,S01,FROST-S01,3.7
2026-07-29 21:14,S02,FROST-S02,3.2
2026-07-29 21:14,S03,FROST-S03,8.6
2026-07-29 21:14,S04,FROST-S04,3.7
2026-07-29 21:14,S05,FROST-S05,3.7
2026-07-29 21:14,S06,FROST-S06,3.8
2026-07-29 21:14,S07,FROST-S07,3.3
2026-07-29 21:14,S08,FROST-S08,3.2
2026-07-29 21:14,S09,FROST-S09,3.4
2026-07-29 21:14,S10,FROST-S10,3.4
2026-07-29 21:14,S11,FROST-S11,3.5
2026-07-29 21:14,S12,FROST-S12,3.5
2026-07-29 21:44,S01,FROST-S01,3.5
2026-07-29 21:44,S02,FROST-S02,3.6
2026-07-29 21:44,S03,FROST-S03,8.0
2026-07-29 21:44,S04,FROST-S04,3.7
2026-07-29 21:44,S05,FROST-S05,3.7
2026-07-29 21:44,S06,FROST-S06,3.7
2026-07-29 21:44,S07,FROST-S07,3.2
2026-07-29 21:44,S08,FROST-S08,3.5
2026-07-29 21:44,S09,FROST-S09,3.6
2026-07-29 21:44,S10,FROST-S10,3.5
2026-07-29 21:44,S11,FROST-S11,3.2
2026-07-29 21:44,S12,FROST-S12,3.5
2026-07-29 22:14,S01,FROST-S01,3.6
2026-07-29 22:14,S02,FROST-S02,3.6
2026-07-29 22:14,S03,FROST-S03,7.9
2026-07-29 22:14,S04,FROST-S04,3.7
2026-07-29 22:14,S05,FROST-S05,3.7
2026-07-29 22:14,S06,FROST-S06,3.5
2026-07-29 22:14,S07,FROST-S07,3.3
2026-07-29 22:14,S08,FROST-S08,3.6
2026-07-29 22:14,S09,FROST-S09,3.6
2026-07-29 22:14,S10,FROST-S10,3.6
2026-07-29 22:14,S11,FROST-S11,3.6
2026-07-29 22:14,S12,FROST-S12,3.6
2026-07-29 22:44,S01,FROST-S01,3.8
2026-07-29 22:44,S02,FROST-S02,3.7
2026-07-29 22:44,S03,FROST-S03,8.3
2026-07-29 22:44,S04,FROST-S04,3.8
2026-07-29 22:44,S05,FROST-S05,3.4
2026-07-29 22:44,S06,FROST-S06,3.5
2026-07-29 22:44,S07,FROST-S07,3.5
2026-07-29 22:44,S08,FROST-S08,3.8
2026-07-29 22:44,S09,FROST-S09,3.5
2026-07-29 22:44,S10,FROST-S10,3.5
2026-07-29 22:44,S11,FROST-S11,3.4
2026-07-29 22:44,S12,FROST-S12,3.5
2026-07-29 23:14,S01,FROST-S01,3.5
2026-07-29 23:14,S02,FROST-S02,3.3
2026-07-29 23:14,S03,FROST-S03,7.7
2026-07-29 23:14,S04,FROST-S04,3.3
2026-07-29 23:14,S05,FROST-S05,3.8
2026-07-29 23:14,S06,FROST-S06,3.7
2026-07-29 23:14,S07,FROST-S07,3.7
2026-07-29 23:14,S08,FROST-S08,3.3
2026-07-29 23:14,S09,FROST-S09,3.6
2026-07-29 23:14,S10,FROST-S10,3.2
2026-07-29 23:14,S11,FROST-S11,3.4
2026-07-29 23:14,S12,FROST-S12,3.6
2026-07-29 23:44,S01,FROST-S01,3.5
2026-07-29 23:44,S02,FROST-S02,3.3
2026-07-29 23:44,S03,FROST-S03,8.7
2026-07-29 23:44,S04,FROST-S04,3.8
2026-07-29 23:44,S05,FROST-S05,3.2
2026-07-29 23:44,S06,FROST-S06,3.8
2026-07-29 23:44,S07,FROST-S07,3.4
2026-07-29 23:44,S08,FROST-S08,3.7
2026-07-29 23:44,S09,FROST-S09,3.4
2026-07-29 23:44,S10,FROST-S10,3.4
2026-07-29 23:44,S11,FROST-S11,3.6
2026-07-29 23:44,S12,FROST-S12,3.3
2026-07-30 00:14,S01,FROST-S01,3.2
2026-07-30 00:14,S02,FROST-S02,3.4
2026-07-30 00:14,S03,FROST-S03,7.8
2026-07-30 00:14,S04,FROST-S04,3.7
2026-07-30 00:14,S05,FROST-S05,3.3
2026-07-30 00:14,S06,FROST-S06,3.4
2026-07-30 00:14,S07,FROST-S07,3.3
2026-07-30 00:14,S08,FROST-S08,3.3
2026-07-30 00:14,S09,FROST-S09,3.8
2026-07-30 00:14,S10,FROST-S10,3.4
2026-07-30 00:14,S11,FROST-S11,3.6
2026-07-30 00:14,S12,FROST-S12,3.8
2026-07-30 00:44,S01,FROST-S01,3.5
2026-07-30 00:44,S02,FROST-S02,3.2
2026-07-30 00:44,S03,FROST-S03,8.1
2026-07-30 00:44,S04,FROST-S04,3.5
2026-07-30 00:44,S05,FROST-S05,3.8
2026-07-30 00:44,S06,FROST-S06,3.3
2026-07-30 00:44,S07,FROST-S07,3.7
2026-07-30 00:44,S08,FROST-S08,3.5
2026-07-30 00:44,S09,FROST-S09,3.7
2026-07-30 00:44,S10,FROST-S10,3.3
2026-07-30 00:44,S11,FROST-S11,3.4
2026-07-30 00:44,S12,FROST-S12,3.5
2026-07-30 01:14,S01,FROST-S01,3.2
2026-07-30 01:14,S02,FROST-S02,3.5
2026-07-30 01:14,S03,FROST-S03,7.7
2026-07-30 01:14,S04,FROST-S04,3.6
2026-07-30 01:14,S05,FROST-S05,3.5
2026-07-30 01:14,S06,FROST-S06,3.7
2026-07-30 01:14,S07,FROST-S07,3.7
2026-07-30 01:14,S08,FROST-S08,3.6
2026-07-30 01:14,S09,FROST-S09,3.6
2026-07-30 01:14,S10,FROST-S10,3.6
2026-07-30 01:14,S11,FROST-S11,3.5
2026-07-30 01:14,S12,FROST-S12,3.6
2026-07-30 01:44,S01,FROST-S01,3.7
2026-07-30 01:44,S02,FROST-S02,3.4
2026-07-30 01:44,S03,FROST-S03,8.4
2026-07-30 01:44,S04,FROST-S04,3.6
2026-07-30 01:44,S05,FROST-S05,3.5
2026-07-30 01:44,S06,FROST-S06,3.4
2026-07-30 01:44,S07,FROST-S07,3.7
2026-07-30 01:44,S08,FROST-S08,3.5
2026-07-30 01:44,S09,FROST-S09,3.2
2026-07-30 01:44,S10,FROST-S10,3.3
2026-07-30 01:44,S11,FROST-S11,3.6
2026-07-30 01:44,S12,FROST-S12,3.4
2026-07-30 02:14,S01,FROST-S01,3.5
2026-07-30 02:14,S02,FROST-S02,3.6
2026-07-30 02:14,S03,FROST-S03,8.5
2026-07-30 02:14,S04,FROST-S04,3.8
2026-07-30 02:14,S05,FROST-S05,3.7
2026-07-30 02:14,S06,FROST-S06,3.8
2026-07-30 02:14,S07,FROST-S07,3.8
2026-07-30 02:14,S08,FROST-S08,3.7
2026-07-30 02:14,S09,FROST-S09,3.2
2026-07-30 02:14,S10,FROST-S10,3.5
2026-07-30 02:14,S11,FROST-S11,3.6
2026-07-30 02:14,S12,FROST-S12,3.6
2026-07-30 02:44,S01,FROST-S01,3.7
2026-07-30 02:44,S02,FROST-S02,3.3
2026-07-30 02:44,S03,FROST-S03,8.2
2026-07-30 02:44,S04,FROST-S04,3.4
2026-07-30 02:44,S05,FROST-S05,3.6
2026-07-30 02:44,S06,FROST-S06,3.4
2026-07-30 02:44,S07,FROST-S07,3.3
2026-07-30 02:44,S08,FROST-S08,3.7
2026-07-30 02:44,S09,FROST-S09,3.5
2026-07-30 02:44,S10,FROST-S10,3.4
2026-07-30 02:44,S11,FROST-S11,3.7
2026-07-30 02:44,S12,FROST-S12,3.3
2026-07-30 03:14,S01,FROST-S01,3.7
2026-07-30 03:14,S02,FROST-S02,3.2
2026-07-30 03:14,S03,FROST-S03,8.2
2026-07-30 03:14,S04,FROST-S04,3.2
2026-07-30 03:14,S05,FROST-S05,3.5
2026-07-30 03:14,S06,FROST-S06,3.2
2026-07-30 03:14,S07,FROST-S07,3.2
2026-07-30 03:14,S08,FROST-S08,3.4
2026-07-30 03:14,S09,FROST-S09,3.7
2026-07-30 03:14,S10,FROST-S10,3.4
2026-07-30 03:14,S11,FROST-S11,3.4
2026-07-30 03:14,S12,FROST-S12,3.4
2026-07-30 03:44,S01,FROST-S01,3.7
2026-07-30 03:44,S02,FROST-S02,3.7
2026-07-30 03:44,S03,FROST-S03,8.0
2026-07-30 03:44,S04,FROST-S04,3.6
2026-07-30 03:44,S05,FROST-S05,3.8
2026-07-30 03:44,S06,FROST-S06,3.3
2026-07-30 03:44,S07,FROST-S07,3.3
2026-07-30 03:44,S08,FROST-S08,3.2
2026-07-30 03:44,S09,FROST-S09,3.5
2026-07-30 03:44,S10,FROST-S10,3.7
2026-07-30 03:44,S11,FROST-S11,3.7
2026-07-30 03:44,S12,FROST-S12,3.6
2026-07-30 04:14,S01,FROST-S01,3.2
2026-07-30 04:14,S02,FROST-S02,3.7
2026-07-30 04:14,S03,FROST-S03,7.9
2026-07-30 04:14,S04,FROST-S04,3.5
2026-07-30 04:14,S05,FROST-S05,3.8
2026-07-30 04:14,S06,FROST-S06,3.8
2026-07-30 04:14,S07,FROST-S07,3.8
2026-07-30 04:14,S08,FROST-S08,3.6
2026-07-30 04:14,S09,FROST-S09,3.7
2026-07-30 04:14,S10,FROST-S10,3.5
2026-07-30 04:14,S11,FROST-S11,3.7
2026-07-30 04:14,S12,FROST-S12,3.7
2026-07-30 04:44,S01,FROST-S01,3.6
2026-07-30 04:44,S02,FROST-S02,3.4
2026-07-30 04:44,S03,FROST-S03,8.5
2026-07-30 04:44,S04,FROST-S04,3.6
2026-07-30 04:44,S05,FROST-S05,3.6
2026-07-30 04:44,S06,FROST-S06,3.5
2026-07-30 04:44,S07,FROST-S07,3.6
2026-07-30 04:44,S08,FROST-S08,3.6
2026-07-30 04:44,S09,FROST-S09,3.7
2026-07-30 04:44,S10,FROST-S10,3.2
2026-07-30 04:44,S11,FROST-S11,3.3
2026-07-30 04:44,S12,FROST-S12,3.4
2026-07-30 05:14,S01,FROST-S01,3.2
2026-07-30 05:14,S02,FROST-S02,3.4
2026-07-30 05:14,S03,FROST-S03,7.8
2026-07-30 05:14,S04,FROST-S04,3.8
2026-07-30 05:14,S05,FROST-S05,3.6
2026-07-30 05:14,S06,FROST-S06,3.7
2026-07-30 05:14,S07,FROST-S07,3.8
2026-07-30 05:14,S08,FROST-S08,3.3
2026-07-30 05:14,S09,FROST-S09,3.3
2026-07-30 05:14,S10,FROST-S10,3.5
2026-07-30 05:14,S11,FROST-S11,3.6
2026-07-30 05:14,S12,FROST-S12,3.5
2026-07-30 05:44,S01,FROST-S01,3.2
2026-07-30 05:44,S02,FROST-S02,3.5
2026-07-30 05:44,S03,FROST-S03,8.7
2026-07-30 05:44,S04,FROST-S04,3.6
2026-07-30 05:44,S05,FROST-S05,3.5
2026-07-30 05:44,S06,FROST-S06,3.4
2026-07-30 05:44,S07,FROST-S07,3.5
2026-07-30 05:44,S08,FROST-S08,3.3
2026-07-30 05:44,S09,FROST-S09,3.4
2026-07-30 05:44,S10,FROST-S10,3.3
2026-07-30 05:44,S11,FROST-S11,3.3
2026-07-30 05:44,S12,FROST-S12,3.5
2026-07-30 06:14,S01,FROST-S01,3.3
2026-07-30 06:14,S02,FROST-S02,3.6
2026-07-30 06:14,S03,FROST-S03,7.7
2026-07-30 06:14,S04,FROST-S04,3.7
2026-07-30 06:14,S05,FROST-S05,3.8
2026-07-30 06:14,S06,FROST-S06,3.5
2026-07-30 06:14,S07,FROST-S07,3.5
2026-07-30 06:14,S08,FROST-S08,3.5
2026-07-30 06:14,S09,FROST-S09,3.5
2026-07-30 06:14,S10,FROST-S10,3.6
2026-07-30 06:14,S11,FROST-S11,3.4
2026-07-30 06:14,S12,FROST-S12,3.4
2026-07-30 06:44,S01,FROST-S01,3.7
2026-07-30 06:44,S02,FROST-S02,3.4
2026-07-30 06:44,S03,FROST-S03,8.0
2026-07-30 06:44,S04,FROST-S04,3.5
2026-07-30 06:44,S05,FROST-S05,3.4
2026-07-30 06:44,S06,FROST-S06,3.6
2026-07-30 06:44,S07,FROST-S07,3.4
2026-07-30 06:44,S08,FROST-S08,3.3
2026-07-30 06:44,S09,FROST-S09,3.3
2026-07-30 06:44,S10,FROST-S10,3.5
2026-07-30 06:44,S11,FROST-S11,3.8
2026-07-30 06:44,S12,FROST-S12,3.5
2026-07-30 07:14,S01,FROST-S01,3.7
2026-07-30 07:14,S02,FROST-S02,3.6
2026-07-30 07:14,S03,FROST-S03,8.2
2026-07-30 07:14,S04,FROST-S04,3.7
2026-07-30 07:14,S05,FROST-S05,3.6
2026-07-30 07:14,S06,FROST-S06,3.5
2026-07-30 07:14,S07,FROST-S07,3.3
2026-07-30 07:14,S08,FROST-S08,3.6
2026-07-30 07:14,S09,FROST-S09,3.4
2026-07-30 07:14,S10,FROST-S10,3.3
2026-07-30 07:14,S11,FROST-S11,3.3
2026-07-30 07:14,S12,FROST-S12,3.6
2026-07-30 07:44,S01,FROST-S01,3.3
2026-07-30 07:44,S02,FROST-S02,3.5
2026-07-30 07:44,S03,FROST-S03,7.8
2026-07-30 07:44,S04,FROST-S04,3.6
2026-07-30 07:44,S05,FROST-S05,3.2
2026-07-30 07:44,S06,FROST-S06,3.6
2026-07-30 07:44,S07,FROST-S07,3.6
2026-07-30 07:44,S08,FROST-S08,3.8
2026-07-30 07:44,S09,FROST-S09,3.6
2026-07-30 07:44,S10,FROST-S10,3.7
2026-07-30 07:44,S11,FROST-S11,3.7
2026-07-30 07:44,S12,FROST-S12,3.4
2026-07-30 08:14,S01,FROST-S01,3.8
2026-07-30 08:14,S02,FROST-S02,3.3
2026-07-30 08:14,S03,FROST-S03,8.1
2026-07-30 08:14,S04,FROST-S04,3.6
2026-07-30 08:14,S05,FROST-S05,3.6
2026-07-30 08:14,S06,FROST-S06,3.3
2026-07-30 08:14,S07,FROST-S07,3.2
2026-07-30 08:14,S08,FROST-S08,3.4
2026-07-30 08:14,S09,FROST-S09,3.7
2026-07-30 08:14,S10,FROST-S10,3.3
2026-07-30 08:14,S11,FROST-S11,3.6
2026-07-30 08:14,S12,FROST-S12,3.5
2026-07-30 08:44,S01,FROST-S01,3.6
2026-07-30 08:44,S02,FROST-S02,3.4
2026-07-30 08:44,S03,FROST-S03,8.3
2026-07-30 08:44,S04,FROST-S04,3.6
2026-07-30 08:44,S05,FROST-S05,3.6
2026-07-30 08:44,S06,FROST-S06,3.6
2026-07-30 08:44,S07,FROST-S07,3.3
2026-07-30 08:44,S08,FROST-S08,3.7
2026-07-30 08:44,S09,FROST-S09,3.5
2026-07-30 08:44,S10,FROST-S10,3.4
2026-07-30 08:44,S11,FROST-S11,3.4
2026-07-30 08:44,S12,FROST-S12,3.8
2026-07-30 09:14,S01,FROST-S01,3.8
2026-07-30 09:14,S02,FROST-S02,3.7
2026-07-30 09:14,S03,FROST-S03,8.6
2026-07-30 09:14,S04,FROST-S04,3.7
2026-07-30 09:14,S05,FROST-S05,3.5
2026-07-30 09:14,S06,FROST-S06,3.5
2026-07-30 09:14,S07,FROST-S07,3.7
2026-07-30 09:14,S08,FROST-S08,3.3
2026-07-30 09:14,S09,FROST-S09,3.6
2026-07-30 09:14,S10,FROST-S10,3.6
2026-07-30 09:14,S11,FROST-S11,3.4
2026-07-30 09:14,S12,FROST-S12,3.6
2026-07-30 09:44,S01,FROST-S01,3.7
2026-07-30 09:44,S02,FROST-S02,3.3
2026-07-30 09:44,S03,FROST-S03,8.3
2026-07-30 09:44,S04,FROST-S04,3.2
2026-07-30 09:44,S05,FROST-S05,3.8
2026-07-30 09:44,S06,FROST-S06,3.6
2026-07-30 09:44,S07,FROST-S07,3.3
2026-07-30 09:44,S08,FROST-S08,3.8
2026-07-30 09:44,S09,FROST-S09,3.4
2026-07-30 09:44,S10,FROST-S10,3.5
2026-07-30 09:44,S11,FROST-S11,3.4
2026-07-30 09:44,S12,FROST-S12,3.4
2026-07-30 10:14,S01,FROST-S01,3.5
2026-07-30 10:14,S02,FROST-S02,3.6
2026-07-30 10:14,S03,FROST-S03,8.2
2026-07-30 10:14,S04,FROST-S04,3.6
2026-07-30 10:14,S05,FROST-S05,3.8
2026-07-30 10:14,S06,FROST-S06,3.8
2026-07-30 10:14,S07,FROST-S07,3.3
2026-07-30 10:14,S08,FROST-S08,3.5
2026-07-30 10:14,S09,FROST-S09,3.4
2026-07-30 10:14,S10,FROST-S10,3.6
2026-07-30 10:14,S11,FROST-S11,3.3
2026-07-30 10:14,S12,FROST-S12,3.5
2026-07-30 10:44,S01,FROST-S01,3.4
2026-07-30 10:44,S02,FROST-S02,3.3
2026-07-30 10:44,S03,FROST-S03,8.4
2026-07-30 10:44,S04,FROST-S04,3.3
2026-07-30 10:44,S05,FROST-S05,3.6
2026-07-30 10:44,S06,FROST-S06,3.4
2026-07-30 10:44,S07,FROST-S07,3.4
2026-07-30 10:44,S08,FROST-S08,3.6
2026-07-30 10:44,S09,FROST-S09,3.3
2026-07-30 10:44,S10,FROST-S10,3.4
2026-07-30 10:44,S11,FROST-S11,3.3
2026-07-30 10:44,S12,FROST-S12,3.4
2026-07-30 11:14,S01,FROST-S01,3.5
2026-07-30 11:14,S02,FROST-S02,3.6
2026-07-30 11:14,S03,FROST-S03,7.9
2026-07-30 11:14,S04,FROST-S04,3.7
2026-07-30 11:14,S05,FROST-S05,3.3
2026-07-30 11:14,S06,FROST-S06,3.6
2026-07-30 11:14,S07,FROST-S07,3.5
2026-07-30 11:14,S08,FROST-S08,3.6
2026-07-30 11:14,S09,FROST-S09,3.5
2026-07-30 11:14,S10,FROST-S10,3.4
2026-07-30 11:14,S11,FROST-S11,3.5
2026-07-30 11:14,S12,FROST-S12,3.3
2026-07-30 11:44,S01,FROST-S01,3.3
2026-07-30 11:44,S02,FROST-S02,3.5
2026-07-30 11:44,S03,FROST-S03,7.8
2026-07-30 11:44,S04,FROST-S04,3.8
2026-07-30 11:44,S05,FROST-S05,3.4
2026-07-30 11:44,S06,FROST-S06,3.3
2026-07-30 11:44,S07,FROST-S07,3.6
2026-07-30 11:44,S08,FROST-S08,3.8
2026-07-30 11:44,S09,FROST-S09,3.5
2026-07-30 11:44,S10,FROST-S10,3.5
2026-07-30 11:44,S11,FROST-S11,3.8
2026-07-30 11:44,S12,FROST-S12,3.3
2026-07-30 12:14,S01,FROST-S01,3.2
2026-07-30 12:14,S02,FROST-S02,3.7
2026-07-30 12:14,S03,FROST-S03,8.7
2026-07-30 12:14,S04,FROST-S04,3.6
2026-07-30 12:14,S05,FROST-S05,3.4
2026-07-30 12:14,S06,FROST-S06,3.8
2026-07-30 12:14,S07,FROST-S07,3.5
2026-07-30 12:14,S08,FROST-S08,3.6
2026-07-30 12:14,S09,FROST-S09,3.7
2026-07-30 12:14,S10,FROST-S10,3.3
2026-07-30 12:14,S11,FROST-S11,3.4
2026-07-30 12:14,S12,FROST-S12,3.6
2026-07-30 12:44,S01,FROST-S01,3.5
2026-07-30 12:44,S02,FROST-S02,3.4
2026-07-30 12:44,S03,FROST-S03,8.1
2026-07-30 12:44,S04,FROST-S04,3.3
2026-07-30 12:44,S05,FROST-S05,3.5
2026-07-30 12:44,S06,FROST-S06,3.2
2026-07-30 12:44,S07,FROST-S07,3.3
2026-07-30 12:44,S08,FROST-S08,3.4
2026-07-30 12:44,S09,FROST-S09,3.6
2026-07-30 12:44,S10,FROST-S10,3.6
2026-07-30 12:44,S11,FROST-S11,3.4
2026-07-30 12:44,S12,FROST-S12,3.4
2026-07-30 13:14,S01,FROST-S01,3.5
2026-07-30 13:14,S02,FROST-S02,3.6
2026-07-30 13:14,S03,FROST-S03,7.7
2026-07-30 13:14,S04,FROST-S04,3.2
2026-07-30 13:14,S05,FROST-S05,3.7
2026-07-30 13:14,S06,FROST-S06,3.5
2026-07-30 13:14,S07,FROST-S07,3.6
2026-07-30 13:14,S08,FROST-S08,3.6
2026-07-30 13:14,S09,FROST-S09,3.8
2026-07-30 13:14,S10,FROST-S10,3.5
2026-07-30 13:14,S11,FROST-S11,3.5
2026-07-30 13:14,S12,FROST-S12,3.5
2026-07-30 13:44,S01,FROST-S01,3.5
2026-07-30 13:44,S02,FROST-S02,3.3
2026-07-30 13:44,S03,FROST-S03,7.9
2026-07-30 13:44,S04,FROST-S04,3.3
2026-07-30 13:44,S05,FROST-S05,3.5
2026-07-30 13:44,S06,FROST-S06,3.5
2026-07-30 13:44,S07,FROST-S07,3.7
2026-07-30 13:44,S08,FROST-S08,3.3
2026-07-30 13:44,S09,FROST-S09,3.6
2026-07-30 13:44,S10,FROST-S10,3.5
2026-07-30 13:44,S11,FROST-S11,3.6
2026-07-30 13:44,S12,FROST-S12,3.7
2026-07-30 14:14,S01,FROST-S01,3.3
2026-07-30 14:14,S02,FROST-S02,3.4
2026-07-30 14:14,S03,FROST-S03,8.5
2026-07-30 14:14,S04,FROST-S04,3.7
2026-07-30 14:14,S05,FROST-S05,3.5
2026-07-30 14:14,S06,FROST-S06,3.3
2026-07-30 14:14,S07,FROST-S07,3.7
2026-07-30 14:14,S08,FROST-S08,3.6
2026-07-30 14:14,S09,FROST-S09,3.7
2026-07-30 14:14,S10,FROST-S10,3.7
2026-07-30 14:14,S11,FROST-S11,3.4
2026-07-30 14:14,S12,FROST-S12,3.5
2026-07-30 14:44,S01,FROST-S01,3.6
2026-07-30 14:44,S02,FROST-S02,3.4
2026-07-30 14:44,S03,FROST-S03,8.5
2026-07-30 14:44,S04,FROST-S04,3.3
2026-07-30 14:44,S05,FROST-S05,3.6
2026-07-30 14:44,S06,FROST-S06,3.5
2026-07-30 14:44,S07,FROST-S07,8.4
2026-07-30 14:44,S08,FROST-S08,3.4
2026-07-30 14:44,S09,FROST-S09,3.7
2026-07-30 14:44,S10,FROST-S10,3.7
2026-07-30 14:44,S11,FROST-S11,3.5
2026-07-30 14:44,S12,FROST-S12,3.6
2026-07-30 15:14,S01,FROST-S01,3.7
2026-07-30 15:14,S02,FROST-S02,3.6
2026-07-30 15:14,S03,FROST-S03,8.2
2026-07-30 15:14,S04,FROST-S04,3.6
2026-07-30 15:14,S05,FROST-S05,3.8
2026-07-30 15:14,S06,FROST-S06,3.4
2026-07-30 15:14,S07,FROST-S07,8.3
2026-07-30 15:14,S08,FROST-S08,3.7
2026-07-30 15:14,S09,FROST-S09,3.2
2026-07-30 15:14,S10,FROST-S10,3.3
2026-07-30 15:14,S11,FROST-S11,3.5
2026-07-30 15:14,S12,FROST-S12,3.2
2026-07-30 15:44,S01,FROST-S01,3.7
2026-07-30 15:44,S02,FROST-S02,3.8
2026-07-30 15:44,S03,FROST-S03,8.6
2026-07-30 15:44,S04,FROST-S04,3.4
2026-07-30 15:44,S05,FROST-S05,3.5
2026-07-30 15:44,S06,FROST-S06,3.4
2026-07-30 15:44,S07,FROST-S07,8.3
2026-07-30 15:44,S08,FROST-S08,3.7
2026-07-30 15:44,S09,FROST-S09,3.3
2026-07-30 15:44,S10,FROST-S10,3.5
2026-07-30 15:44,S11,FROST-S11,3.4
2026-07-30 15:44,S12,FROST-S12,3.5
2026-07-30 16:14,S01,FROST-S01,3.8
2026-07-30 16:14,S02,FROST-S02,3.2
2026-07-30 16:14,S03,FROST-S03,8.4
2026-07-30 16:14,S04,FROST-S04,3.2
2026-07-30 16:14,S05,FROST-S05,3.7
2026-07-30 16:14,S06,FROST-S06,3.7
2026-07-30 16:14,S07,FROST-S07,8.4
2026-07-30 16:14,S08,FROST-S08,3.3
2026-07-30 16:14,S09,FROST-S09,3.6
2026-07-30 16:14,S10,FROST-S10,3.7
2026-07-30 16:14,S11,FROST-S11,3.4
2026-07-30 16:14,S12,FROST-S12,3.3
2026-07-30 16:44,S01,FROST-S01,3.6
2026-07-30 16:44,S02,FROST-S02,3.4
2026-07-30 16:44,S03,FROST-S03,8.0
2026-07-30 16:44,S04,FROST-S04,3.3
2026-07-30 16:44,S05,FROST-S05,3.5
2026-07-30 16:44,S06,FROST-S06,3.5
2026-07-30 16:44,S07,FROST-S07,7.8
2026-07-30 16:44,S08,FROST-S08,3.4
2026-07-30 16:44,S09,FROST-S09,3.4
2026-07-30 16:44,S10,FROST-S10,3.5
2026-07-30 16:44,S11,FROST-S11,3.3
2026-07-30 16:44,S12,FROST-S12,3.2
2026-07-30 17:14,S01,FROST-S01,3.3
2026-07-30 17:14,S02,FROST-S02,3.5
2026-07-30 17:14,S03,FROST-S03,8.1
2026-07-30 17:14,S04,FROST-S04,3.8
2026-07-30 17:14,S05,FROST-S05,3.2
2026-07-30 17:14,S06,FROST-S06,3.2
2026-07-30 17:14,S07,FROST-S07,8.3
2026-07-30 17:14,S08,FROST-S08,3.2
2026-07-30 17:14,S09,FROST-S09,3.7
2026-07-30 17:14,S10,FROST-S10,3.7
2026-07-30 17:14,S11,FROST-S11,3.7
2026-07-30 17:14,S12,FROST-S12,3.5
2026-07-30 17:44,S01,FROST-S01,3.2
2026-07-30 17:44,S02,FROST-S02,3.3
2026-07-30 17:44,S03,FROST-S03,8.6
2026-07-30 17:44,S04,FROST-S04,3.5
2026-07-30 17:44,S05,FROST-S05,3.3
2026-07-30 17:44,S06,FROST-S06,3.8
2026-07-30 17:44,S07,FROST-S07,8.4
2026-07-30 17:44,S08,FROST-S08,3.6
2026-07-30 17:44,S09,FROST-S09,3.7
2026-07-30 17:44,S10,FROST-S10,3.6
2026-07-30 17:44,S11,FROST-S11,3.6
2026-07-30 17:44,S12,FROST-S12,3.2
2026-07-30 18:14,S01,FROST-S01,3.7
2026-07-30 18:14,S02,FROST-S02,3.3
2026-07-30 18:14,S03,FROST-S03,7.8
2026-07-30 18:14,S04,FROST-S04,3.7
2026-07-30 18:14,S05,FROST-S05,3.2
2026-07-30 18:14,S06,FROST-S06,3.7
2026-07-30 18:14,S07,FROST-S07,7.9
2026-07-30 18:14,S08,FROST-S08,3.3
2026-07-30 18:14,S09,FROST-S09,3.7
2026-07-30 18:14,S10,FROST-S10,3.6
2026-07-30 18:14,S11,FROST-S11,3.4
2026-07-30 18:14,S12,FROST-S12,3.6
2026-07-30 18:44,S01,FROST-S01,3.3
2026-07-30 18:44,S02,FROST-S02,3.4
2026-07-30 18:44,S03,FROST-S03,8.6
2026-07-30 18:44,S04,FROST-S04,3.6
2026-07-30 18:44,S05,FROST-S05,3.8
2026-07-30 18:44,S06,FROST-S06,3.8
2026-07-30 18:44,S07,FROST-S07,7.7
2026-07-30 18:44,S08,FROST-S08,3.7
2026-07-30 18:44,S09,FROST-S09,3.7
2026-07-30 18:44,S10,FROST-S10,3.5
2026-07-30 18:44,S11,FROST-S11,3.3
2026-07-30 18:44,S12,FROST-S12,3.6
2026-07-30 19:14,S01,FROST-S01,3.7
2026-07-30 19:14,S02,FROST-S02,3.6
2026-07-30 19:14,S03,FROST-S03,8.5
2026-07-30 19:14,S04,FROST-S04,3.3
2026-07-30 19:14,S05,FROST-S05,3.5
2026-07-30 19:14,S06,FROST-S06,3.3
2026-07-30 19:14,S07,FROST-S07,8.6
2026-07-30 19:14,S08,FROST-S08,3.4
2026-07-30 19:14,S09,FROST-S09,3.3
2026-07-30 19:14,S10,FROST-S10,3.7
2026-07-30 19:14,S11,FROST-S11,3.3
2026-07-30 19:14,S12,FROST-S12,3.5
2026-07-30 19:44,S01,FROST-S01,3.7
2026-07-30 19:44,S02,FROST-S02,3.7
2026-07-30 19:44,S03,FROST-S03,8.4
2026-07-30 19:44,S04,FROST-S04,3.6
2026-07-30 19:44,S05,FROST-S05,3.4
2026-07-30 19:44,S06,FROST-S06,3.3
2026-07-30 19:44,S07,FROST-S07,8.5
2026-07-30 19:44,S08,FROST-S08,3.6
2026-07-30 19:44,S09,FROST-S09,3.8
2026-07-30 19:44,S10,FROST-S10,3.4
2026-07-30 19:44,S11,FROST-S11,3.7
2026-07-30 19:44,S12,FROST-S12,3.5
2026-07-30 20:14,S01,FROST-S01,3.5
2026-07-30 20:14,S02,FROST-S02,3.8
2026-07-30 20:14,S03,FROST-S03,8.3
2026-07-30 20:14,S04,FROST-S04,3.4
2026-07-30 20:14,S05,FROST-S05,3.6
2026-07-30 20:14,S06,FROST-S06,3.6
2026-07-30 20:14,S07,FROST-S07,7.8
2026-07-30 20:14,S08,FROST-S08,3.5
2026-07-30 20:14,S09,FROST-S09,3.6
2026-07-30 20:14,S10,FROST-S10,3.2
2026-07-30 20:14,S11,FROST-S11,3.4
2026-07-30 20:14,S12,FROST-S12,3.7
2026-07-30 20:44,S01,FROST-S01,3.5
2026-07-30 20:44,S02,FROST-S02,3.3
2026-07-30 20:44,S03,FROST-S03,7.8
2026-07-30 20:44,S04,FROST-S04,3.4
2026-07-30 20:44,S05,FROST-S05,3.4
2026-07-30 20:44,S06,FROST-S06,3.6
2026-07-30 20:44,S07,FROST-S07,7.8
2026-07-30 20:44,S08,FROST-S08,3.7
2026-07-30 20:44,S09,FROST-S09,3.6
2026-07-30 20:44,S10,FROST-S10,3.7
2026-07-30 20:44,S11,FROST-S11,3.6
2026-07-30 20:44,S12,FROST-S12,3.2
2026-07-30 21:14,S01,FROST-S01,3.5
2026-07-30 21:14,S02,FROST-S02,3.4
2026-07-30 21:14,S03,FROST-S03,8.4
2026-07-30 21:14,S04,FROST-S04,3.3
2026-07-30 21:14,S05,FROST-S05,3.6
2026-07-30 21:14,S06,FROST-S06,3.7
2026-07-30 21:14,S07,FROST-S07,8.4
2026-07-30 21:14,S08,FROST-S08,3.3
2026-07-30 21:14,S09,FROST-S09,3.4
2026-07-30 21:14,S10,FROST-S10,3.4
2026-07-30 21:14,S11,FROST-S11,3.5
2026-07-30 21:14,S12,FROST-S12,3.7
2026-07-30 21:44,S01,FROST-S01,3.5
2026-07-30 21:44,S02,FROST-S02,3.6
2026-07-30 21:44,S03,FROST-S03,8.3
2026-07-30 21:44,S04,FROST-S04,3.5
2026-07-30 21:44,S05,FROST-S05,3.4
2026-07-30 21:44,S06,FROST-S06,3.5
2026-07-30 21:44,S07,FROST-S07,8.2
2026-07-30 21:44,S08,FROST-S08,3.6
2026-07-30 21:44,S09,FROST-S09,3.2
2026-07-30 21:44,S10,FROST-S10,3.2
2026-07-30 21:44,S11,FROST-S11,3.7
2026-07-30 21:44,S12,FROST-S12,3.5
2026-07-30 22:14,S01,FROST-S01,3.5
2026-07-30 22:14,S02,FROST-S02,3.7
2026-07-30 22:14,S03,FROST-S03,8.0
2026-07-30 22:14,S04,FROST-S04,3.5
2026-07-30 22:14,S05,FROST-S05,3.2
2026-07-30 22:14,S06,FROST-S06,3.7
2026-07-30 22:14,S07,FROST-S07,8.7
2026-07-30 22:14,S08,FROST-S08,3.7
2026-07-30 22:14,S09,FROST-S09,3.5
2026-07-30 22:14,S10,FROST-S10,3.6
2026-07-30 22:14,S11,FROST-S11,3.4
2026-07-30 22:14,S12,FROST-S12,3.7
2026-07-30 22:44,S01,FROST-S01,3.2
2026-07-30 22:44,S02,FROST-S02,3.7
2026-07-30 22:44,S03,FROST-S03,7.9
2026-07-30 22:44,S04,FROST-S04,3.7
2026-07-30 22:44,S05,FROST-S05,3.6
2026-07-30 22:44,S06,FROST-S06,3.4
2026-07-30 22:44,S07,FROST-S07,7.8
2026-07-30 22:44,S08,FROST-S08,3.7
2026-07-30 22:44,S09,FROST-S09,3.3
2026-07-30 22:44,S10,FROST-S10,3.4
2026-07-30 22:44,S11,FROST-S11,3.7
2026-07-30 22:44,S12,FROST-S12,3.6
2026-07-30 23:14,S01,FROST-S01,3.4
2026-07-30 23:14,S02,FROST-S02,3.6
2026-07-30 23:14,S03,FROST-S03,8.4
2026-07-30 23:14,S04,FROST-S04,3.5
2026-07-30 23:14,S05,FROST-S05,3.5
2026-07-30 23:14,S06,FROST-S06,3.6
2026-07-30 23:14,S07,FROST-S07,7.8
2026-07-30 23:14,S08,FROST-S08,3.6
2026-07-30 23:14,S09,FROST-S09,3.5
2026-07-30 23:14,S10,FROST-S10,3.3
2026-07-30 23:14,S11,FROST-S11,3.3
2026-07-30 23:14,S12,FROST-S12,3.7
2026-07-30 23:44,S01,FROST-S01,3.4
2026-07-30 23:44,S02,FROST-S02,3.3
2026-07-30 23:44,S03,FROST-S03,8.7
2026-07-30 23:44,S04,FROST-S04,3.4
2026-07-30 23:44,S05,FROST-S05,3.5
2026-07-30 23:44,S06,FROST-S06,3.2
2026-07-30 23:44,S07,FROST-S07,8.6
2026-07-30 23:44,S08,FROST-S08,3.3
2026-07-30 23:44,S09,FROST-S09,3.6
2026-07-30 23:44,S10,FROST-S10,3.4
2026-07-30 23:44,S11,FROST-S11,3.6
2026-07-30 23:44,S12,FROST-S12,3.7
2026-07-31 00:14,S01,FROST-S01,3.4
2026-07-31 00:14,S02,FROST-S02,3.4
2026-07-31 00:14,S03,FROST-S03,8.3
2026-07-31 00:14,S04,FROST-S04,3.4
2026-07-31 00:14,S05,FROST-S05,3.8
2026-07-31 00:14,S06,FROST-S06,3.6
2026-07-31 00:14,S07,FROST-S07,8.5
2026-07-31 00:14,S08,FROST-S08,3.5
2026-07-31 00:14,S09,FROST-S09,3.5
2026-07-31 00:14,S10,FROST-S10,3.5
2026-07-31 00:14,S11,FROST-S11,3.3
2026-07-31 00:14,S12,FROST-S12,3.7
2026-07-31 00:44,S01,FROST-S01,3.2
2026-07-31 00:44,S02,FROST-S02,3.6
2026-07-31 00:44,S03,FROST-S03,8.1
2026-07-31 00:44,S04,FROST-S04,3.6
2026-07-31 00:44,S05,FROST-S05,3.6
2026-07-31 00:44,S06,FROST-S06,3.8
2026-07-31 00:44,S07,FROST-S07,8.5
2026-07-31 00:44,S08,FROST-S08,3.2
2026-07-31 00:44,S09,FROST-S09,3.6
2026-07-31 00:44,S10,FROST-S10,3.7
2026-07-31 00:44,S11,FROST-S11,3.3
2026-07-31 00:44,S12,FROST-S12,3.6
2026-07-31 01:14,S01,FROST-S01,3.4
2026-07-31 01:14,S02,FROST-S02,3.7
2026-07-31 01:14,S03,FROST-S03,7.7
2026-07-31 01:14,S04,FROST-S04,3.4
2026-07-31 01:14,S05,FROST-S05,3.7
2026-07-31 01:14,S06,FROST-S06,3.2
2026-07-31 01:14,S07,FROST-S07,7.9
2026-07-31 01:14,S08,FROST-S08,3.4
2026-07-31 01:14,S09,FROST-S09,3.7
2026-07-31 01:14,S10,FROST-S10,3.5
2026-07-31 01:14,S11,FROST-S11,3.4
2026-07-31 01:14,S12,FROST-S12,3.3
2026-07-31 01:44,S01,FROST-S01,3.8
2026-07-31 01:44,S02,FROST-S02,3.7
2026-07-31 01:44,S03,FROST-S03,8.5
2026-07-31 01:44,S04,FROST-S04,3.7
2026-07-31 01:44,S05,FROST-S05,3.8
2026-07-31 01:44,S06,FROST-S06,3.7
2026-07-31 01:44,S07,FROST-S07,8.7
2026-07-31 01:44,S08,FROST-S08,3.4
2026-07-31 01:44,S09,FROST-S09,3.4
2026-07-31 01:44,S10,FROST-S10,3.3
2026-07-31 01:44,S11,FROST-S11,3.5
2026-07-31 01:44,S12,FROST-S12,3.5
2026-07-31 02:14,S01,FROST-S01,3.8
2026-07-31 02:14,S02,FROST-S02,3.7
2026-07-31 02:14,S03,FROST-S03,8.4
2026-07-31 02:14,S04,FROST-S04,3.5
2026-07-31 02:14,S05,FROST-S05,3.4
2026-07-31 02:14,S06,FROST-S06,3.8
2026-07-31 02:14,S07,FROST-S07,8.2
2026-07-31 02:14,S08,FROST-S08,3.6
2026-07-31 02:14,S09,FROST-S09,3.4
2026-07-31 02:14,S10,FROST-S10,3.8
2026-07-31 02:14,S11,FROST-S11,3.5
2026-07-31 02:14,S12,FROST-S12,3.3
2026-07-31 02:44,S01,FROST-S01,3.2
2026-07-31 02:44,S02,FROST-S02,3.3
2026-07-31 02:44,S03,FROST-S03,8.1
2026-07-31 02:44,S04,FROST-S04,3.4
2026-07-31 02:44,S05,FROST-S05,3.7
2026-07-31 02:44,S06,FROST-S06,3.3
2026-07-31 02:44,S07,FROST-S07,8.2
2026-07-31 02:44,S08,FROST-S08,3.3
2026-07-31 02:44,S09,FROST-S09,3.4
2026-07-31 02:44,S10,FROST-S10,3.6
2026-07-31 02:44,S11,FROST-S11,3.5
2026-07-31 02:44,S12,FROST-S12,3.4
2026-07-31 03:14,S01,FROST-S01,3.2
2026-07-31 03:14,S02,FROST-S02,3.7
2026-07-31 03:14,S03,FROST-S03,8.0
2026-07-31 03:14,S04,FROST-S04,3.2
2026-07-31 03:14,S05,FROST-S05,3.6
2026-07-31 03:14,S06,FROST-S06,3.4
2026-07-31 03:14,S07,FROST-S07,8.2
2026-07-31 03:14,S08,FROST-S08,3.5
2026-07-31 03:14,S09,FROST-S09,3.7
2026-07-31 03:14,S10,FROST-S10,3.6
2026-07-31 03:14,S11,FROST-S11,3.7
2026-07-31 03:14,S12,FROST-S12,3.5
2026-07-31 03:44,S01,FROST-S01,3.6
2026-07-31 03:44,S02,FROST-S02,3.6
2026-07-31 03:44,S03,FROST-S03,8.3
2026-07-31 03:44,S04,FROST-S04,3.7
2026-07-31 03:44,S05,FROST-S05,3.4
2026-07-31 03:44,S06,FROST-S06,3.6
2026-07-31 03:44,S07,FROST-S07,8.0
2026-07-31 03:44,S08,FROST-S08,3.3
2026-07-31 03:44,S09,FROST-S09,3.5
2026-07-31 03:44,S10,FROST-S10,3.3
2026-07-31 03:44,S11,FROST-S11,3.3
2026-07-31 03:44,S12,FROST-S12,3.7
2026-07-31 04:14,S01,FROST-S01,3.6
2026-07-31 04:14,S02,FROST-S02,3.4
2026-07-31 04:14,S03,FROST-S03,8.3
2026-07-31 04:14,S04,FROST-S04,3.7
2026-07-31 04:14,S05,FROST-S05,3.7
2026-07-31 04:14,S06,FROST-S06,3.6
2026-07-31 04:14,S07,FROST-S07,7.7
2026-07-31 04:14,S08,FROST-S08,3.3
2026-07-31 04:14,S09,FROST-S09,3.6
2026-07-31 04:14,S10,FROST-S10,3.5
2026-07-31 04:14,S11,FROST-S11,3.7
2026-07-31 04:14,S12,FROST-S12,3.4
2026-07-31 04:44,S01,FROST-S01,3.7
2026-07-31 04:44,S02,FROST-S02,3.4
2026-07-31 04:44,S03,FROST-S03,8.2
2026-07-31 04:44,S04,FROST-S04,3.8
2026-07-31 04:44,S05,FROST-S05,3.7
2026-07-31 04:44,S06,FROST-S06,3.5
2026-07-31 04:44,S07,FROST-S07,8.1
2026-07-31 04:44,S08,FROST-S08,3.8
2026-07-31 04:44,S09,FROST-S09,3.3
2026-07-31 04:44,S10,FROST-S10,3.4
2026-07-31 04:44,S11,FROST-S11,3.7
2026-07-31 04:44,S12,FROST-S12,3.5
2026-07-31 05:14,S01,FROST-S01,3.8
2026-07-31 05:14,S02,FROST-S02,3.3
2026-07-31 05:14,S03,FROST-S03,8.5
2026-07-31 05:14,S04,FROST-S04,3.4
2026-07-31 05:14,S05,FROST-S05,3.8
2026-07-31 05:14,S06,FROST-S06,3.5
2026-07-31 05:14,S07,FROST-S07,8.2
2026-07-31 05:14,S08,FROST-S08,3.2
2026-07-31 05:14,S09,FROST-S09,3.6
2026-07-31 05:14,S10,FROST-S10,3.3
2026-07-31 05:14,S11,FROST-S11,3.8
2026-07-31 05:14,S12,FROST-S12,3.6
2026-07-31 05:44,S01,FROST-S01,3.7
2026-07-31 05:44,S02,FROST-S02,3.4
2026-07-31 05:44,S03,FROST-S03,8.0
2026-07-31 05:44,S04,FROST-S04,3.6
2026-07-31 05:44,S05,FROST-S05,3.5
2026-07-31 05:44,S06,FROST-S06,3.3
2026-07-31 05:44,S07,FROST-S07,8.1
2026-07-31 05:44,S08,FROST-S08,3.4
2026-07-31 05:44,S09,FROST-S09,3.6
2026-07-31 05:44,S10,FROST-S10,3.7
2026-07-31 05:44,S11,FROST-S11,3.5
2026-07-31 05:44,S12,FROST-S12,3.5
2026-07-31 06:14,S01,FROST-S01,3.2
2026-07-31 06:14,S02,FROST-S02,3.7
2026-07-31 06:14,S03,FROST-S03,7.9
2026-07-31 06:14,S04,FROST-S04,3.2
2026-07-31 06:14,S05,FROST-S05,3.8
2026-07-31 06:14,S06,FROST-S06,3.2
2026-07-31 06:14,S07,FROST-S07,8.5
2026-07-31 06:14,S08,FROST-S08,3.4
2026-07-31 06:14,S09,FROST-S09,3.3
2026-07-31 06:14,S10,FROST-S10,3.6
2026-07-31 06:14,S11,FROST-S11,3.7
2026-07-31 06:14,S12,FROST-S12,3.7
2026-07-31 06:44,S01,FROST-S01,3.4
2026-07-31 06:44,S02,FROST-S02,3.4
2026-07-31 06:44,S03,FROST-S03,8.5
2026-07-31 06:44,S04,FROST-S04,3.8
2026-07-31 06:44,S05,FROST-S05,3.5
2026-07-31 06:44,S06,FROST-S06,3.4
2026-07-31 06:44,S07,FROST-S07,8.5
2026-07-31 06:44,S08,FROST-S08,3.6
2026-07-31 06:44,S09,FROST-S09,3.4
2026-07-31 06:44,S10,FROST-S10,3.3
2026-07-31 06:44,S11,FROST-S11,3.2
2026-07-31 06:44,S12,FROST-S12,3.5
2026-07-31 07:14,S01,FROST-S01,3.5
2026-07-31 07:14,S02,FROST-S02,3.3
2026-07-31 07:14,S03,FROST-S03,8.4
2026-07-31 07:14,S04,FROST-S04,3.3
2026-07-31 07:14,S05,FROST-S05,3.5
2026-07-31 07:14,S06,FROST-S06,3.4
2026-07-31 07:14,S07,FROST-S07,7.9
2026-07-31 07:14,S08,FROST-S08,3.6
2026-07-31 07:14,S09,FROST-S09,3.4
2026-07-31 07:14,S10,FROST-S10,3.5
2026-07-31 07:14,S11,FROST-S11,3.3
2026-07-31 07:14,S12,FROST-S12,3.3
2026-07-31 07:44,S01,FROST-S01,3.4
2026-07-31 07:44,S02,FROST-S02,3.5
2026-07-31 07:44,S03,FROST-S03,7.9
2026-07-31 07:44,S04,FROST-S04,3.4
2026-07-31 07:44,S05,FROST-S05,3.7
2026-07-31 07:44,S06,FROST-S06,3.2
2026-07-31 07:44,S07,FROST-S07,8.1
2026-07-31 07:44,S08,FROST-S08,3.3
2026-07-31 07:44,S09,FROST-S09,3.6
2026-07-31 07:44,S10,FROST-S10,3.4
2026-07-31 07:44,S11,FROST-S11,3.3
2026-07-31 07:44,S12,FROST-S12,3.3
2026-07-31 08:14,S01,FROST-S01,3.7
2026-07-31 08:14,S02,FROST-S02,3.6
2026-07-31 08:14,S03,FROST-S03,8.1
2026-07-31 08:14,S04,FROST-S04,3.3
2026-07-31 08:14,S05,FROST-S05,3.6
2026-07-31 08:14,S06,FROST-S06,3.3
2026-07-31 08:14,S07,FROST-S07,8.0
2026-07-31 08:14,S08,FROST-S08,3.7
2026-07-31 08:14,S09,FROST-S09,3.2
2026-07-31 08:14,S10,FROST-S10,3.5
2026-07-31 08:14,S11,FROST-S11,3.2
2026-07-31 08:14,S12,FROST-S12,3.8
2026-07-31 08:44,S01,FROST-S01,3.2
2026-07-31 08:44,S02,FROST-S02,3.6
2026-07-31 08:44,S03,FROST-S03,7.9
2026-07-31 08:44,S04,FROST-S04,3.4
2026-07-31 08:44,S05,FROST-S05,3.3
2026-07-31 08:44,S06,FROST-S06,3.4
2026-07-31 08:44,S07,FROST-S07,7.9
2026-07-31 08:44,S08,FROST-S08,3.8
2026-07-31 08:44,S09,FROST-S09,3.7
2026-07-31 08:44,S10,FROST-S10,3.4
2026-07-31 08:44,S11,FROST-S11,3.8
2026-07-31 08:44,S12,FROST-S12,3.3
2026-07-31 09:14,S01,FROST-S01,3.4
2026-07-31 09:14,S02,FROST-S02,3.4
2026-07-31 09:14,S03,FROST-S03,8.3
2026-07-31 09:14,S04,FROST-S04,3.6
2026-07-31 09:14,S05,FROST-S05,3.5
2026-07-31 09:14,S06,FROST-S06,3.8
2026-07-31 09:14,S07,FROST-S07,7.9
2026-07-31 09:14,S08,FROST-S08,3.3
2026-07-31 09:14,S09,FROST-S09,3.4
2026-07-31 09:14,S10,FROST-S10,3.6
2026-07-31 09:14,S11,FROST-S11,3.3
2026-07-31 09:14,S12,FROST-S12,3.6
2026-07-31 09:44,S01,FROST-S01,3.8
2026-07-31 09:44,S02,FROST-S02,3.3
2026-07-31 09:44,S03,FROST-S03,8.6
2026-07-31 09:44,S04,FROST-S04,3.5
2026-07-31 09:44,S05,FROST-S05,3.6
2026-07-31 09:44,S06,FROST-S06,3.6
2026-07-31 09:44,S07,FROST-S07,8.1
2026-07-31 09:44,S08,FROST-S08,3.4
2026-07-31 09:44,S09,FROST-S09,3.6
2026-07-31 09:44,S10,FROST-S10,3.6
2026-07-31 09:44,S11,FROST-S11,3.5
2026-07-31 09:44,S12,FROST-S12,3.3
2026-07-31 10:14,S01,FROST-S01,3.2
2026-07-31 10:14,S02,FROST-S02,3.7
2026-07-31 10:14,S03,FROST-S03,8.4
2026-07-31 10:14,S04,FROST-S04,3.3
2026-07-31 10:14,S05,FROST-S05,3.4
2026-07-31 10:14,S06,FROST-S06,3.5
2026-07-31 10:14,S07,FROST-S07,8.0
2026-07-31 10:14,S08,FROST-S08,3.7
2026-07-31 10:14,S09,FROST-S09,3.8
2026-07-31 10:14,S10,FROST-S10,3.8
2026-07-31 10:14,S11,FROST-S11,3.7
2026-07-31 10:14,S12,FROST-S12,3.7
2026-07-31 10:44,S01,FROST-S01,3.2
2026-07-31 10:44,S02,FROST-S02,3.4
2026-07-31 10:44,S03,FROST-S03,7.8
2026-07-31 10:44,S04,FROST-S04,3.3
2026-07-31 10:44,S05,FROST-S05,3.2
2026-07-31 10:44,S06,FROST-S06,3.4
2026-07-31 10:44,S07,FROST-S07,8.6
2026-07-31 10:44,S08,FROST-S08,3.3
2026-07-31 10:44,S09,FROST-S09,3.4
2026-07-31 10:44,S10,FROST-S10,3.6
2026-07-31 10:44,S11,FROST-S11,3.3
2026-07-31 10:44,S12,FROST-S12,3.2
2026-07-31 11:14,S01,FROST-S01,3.5
2026-07-31 11:14,S02,FROST-S02,3.7
2026-07-31 11:14,S03,FROST-S03,8.5
2026-07-31 11:14,S04,FROST-S04,3.8
2026-07-31 11:14,S05,FROST-S05,3.6
2026-07-31 11:14,S06,FROST-S06,3.3
2026-07-31 11:14,S07,FROST-S07,8.1
2026-07-31 11:14,S08,FROST-S08,3.3
2026-07-31 11:14,S09,FROST-S09,3.4
2026-07-31 11:14,S10,FROST-S10,3.5
2026-07-31 11:14,S11,FROST-S11,3.5
2026-07-31 11:14,S12,FROST-S12,3.3
2026-07-31 11:44,S01,FROST-S01,3.4
2026-07-31 11:44,S02,FROST-S02,3.3
2026-07-31 11:44,S03,FROST-S03,8.1
2026-07-31 11:44,S04,FROST-S04,3.5
2026-07-31 11:44,S05,FROST-S05,3.4
2026-07-31 11:44,S06,FROST-S06,3.5
2026-07-31 11:44,S07,FROST-S07,8.0
2026-07-31 11:44,S08,FROST-S08,3.4
2026-07-31 11:44,S09,FROST-S09,3.6
2026-07-31 11:44,S10,FROST-S10,3.3
2026-07-31 11:44,S11,FROST-S11,3.7
2026-07-31 11:44,S12,FROST-S12,3.3
2026-07-31 12:14,S01,FROST-S01,3.5
2026-07-31 12:14,S02,FROST-S02,3.5
2026-07-31 12:14,S03,FROST-S03,8.7
2026-07-31 12:14,S04,FROST-S04,3.4
2026-07-31 12:14,S05,FROST-S05,3.4
2026-07-31 12:14,S06,FROST-S06,3.5
2026-07-31 12:14,S07,FROST-S07,8.0
2026-07-31 12:14,S08,FROST-S08,3.5
2026-07-31 12:14,S09,FROST-S09,3.7
2026-07-31 12:14,S10,FROST-S10,3.2
2026-07-31 12:14,S11,FROST-S11,3.5
2026-07-31 12:14,S12,FROST-S12,3.4
2026-07-31 12:44,S01,FROST-S01,3.4
2026-07-31 12:44,S02,FROST-S02,3.6
2026-07-31 12:44,S03,FROST-S03,8.5
2026-07-31 12:44,S04,FROST-S04,3.5
2026-07-31 12:44,S05,FROST-S05,3.7
2026-07-31 12:44,S06,FROST-S06,3.6
2026-07-31 12:44,S07,FROST-S07,8.3
2026-07-31 12:44,S08,FROST-S08,3.4
2026-07-31 12:44,S09,FROST-S09,3.8
2026-07-31 12:44,S10,FROST-S10,3.7
2026-07-31 12:44,S11,FROST-S11,3.5
2026-07-31 12:44,S12,FROST-S12,3.7
2026-07-31 13:14,S01,FROST-S01,3.6
2026-07-31 13:14,S02,FROST-S02,3.3
2026-07-31 13:14,S03,FROST-S03,8.0
2026-07-31 13:14,S04,FROST-S04,3.2
2026-07-31 13:14,S05,FROST-S05,3.3
2026-07-31 13:14,S06,FROST-S06,3.2
2026-07-31 13:14,S07,FROST-S07,7.8
2026-07-31 13:14,S08,FROST-S08,3.3
2026-07-31 13:14,S09,FROST-S09,3.2
2026-07-31 13:14,S10,FROST-S10,3.5
2026-07-31 13:14,S11,FROST-S11,3.5
2026-07-31 13:14,S12,FROST-S12,3.7
2026-07-31 13:44,S01,FROST-S01,3.3
2026-07-31 13:44,S02,FROST-S02,3.7
2026-07-31 13:44,S03,FROST-S03,7.9
2026-07-31 13:44,S04,FROST-S04,3.6
2026-07-31 13:44,S05,FROST-S05,3.7
2026-07-31 13:44,S06,FROST-S06,3.7
2026-07-31 13:44,S07,FROST-S07,8.0
2026-07-31 13:44,S08,FROST-S08,3.6
2026-07-31 13:44,S09,FROST-S09,3.7
2026-07-31 13:44,S10,FROST-S10,3.8
2026-07-31 13:44,S11,FROST-S11,3.3
2026-07-31 13:44,S12,FROST-S12,3.4
2026-07-31 14:14,S01,FROST-S01,3.3
2026-07-31 14:14,S02,FROST-S02,3.3
2026-07-31 14:14,S03,FROST-S03,8.1
2026-07-31 14:14,S04,FROST-S04,3.7
2026-07-31 14:14,S05,FROST-S05,3.8
2026-07-31 14:14,S06,FROST-S06,3.3
2026-07-31 14:14,S07,FROST-S07,8.5
2026-07-31 14:14,S08,FROST-S08,3.6
2026-07-31 14:14,S09,FROST-S09,3.8
2026-07-31 14:14,S10,FROST-S10,3.4
2026-07-31 14:14,S11,FROST-S11,3.3
2026-07-31 14:14,S12,FROST-S12,3.6
2026-07-31 14:44,S01,FROST-S01,3.3
2026-07-31 14:44,S02,FROST-S02,3.4
2026-07-31 14:44,S03,FROST-S03,7.9
2026-07-31 14:44,S04,FROST-S04,3.3
2026-07-31 14:44,S05,FROST-S05,3.6
2026-07-31 14:44,S06,FROST-S06,3.2
2026-07-31 14:44,S07,FROST-S07,7.8
2026-07-31 14:44,S08,FROST-S08,3.5
2026-07-31 14:44,S09,FROST-S09,3.6
2026-07-31 14:44,S10,FROST-S10,3.5
2026-07-31 14:44,S11,FROST-S11,3.6
2026-07-31 14:44,S12,FROST-S12,3.4
2026-07-31 15:14,S01,FROST-S01,3.3
2026-07-31 15:14,S02,FROST-S02,3.2
2026-07-31 15:14,S03,FROST-S03,8.2
2026-07-31 15:14,S04,FROST-S04,3.3
2026-07-31 15:14,S05,FROST-S05,3.8
2026-07-31 15:14,S06,FROST-S06,3.4
2026-07-31 15:14,S07,FROST-S07,8.3
2026-07-31 15:14,S08,FROST-S08,3.8
2026-07-31 15:14,S09,FROST-S09,3.3
2026-07-31 15:14,S10,FROST-S10,3.8
2026-07-31 15:14,S11,FROST-S11,3.8
2026-07-31 15:14,S12,FROST-S12,3.3
2026-07-31 15:44,S01,FROST-S01,3.4
2026-07-31 15:44,S02,FROST-S02,3.6
2026-07-31 15:44,S03,FROST-S03,8.1
2026-07-31 15:44,S04,FROST-S04,3.5
2026-07-31 15:44,S05,FROST-S05,3.4
2026-07-31 15:44,S06,FROST-S06,3.2
2026-07-31 15:44,S07,FROST-S07,8.5
2026-07-31 15:44,S08,FROST-S08,3.7
2026-07-31 15:44,S09,FROST-S09,3.6
2026-07-31 15:44,S10,FROST-S10,3.5
2026-07-31 15:44,S11,FROST-S11,3.5
2026-07-31 15:44,S12,FROST-S12,3.4
2026-07-31 16:14,S01,FROST-S01,3.4
2026-07-31 16:14,S02,FROST-S02,3.7
2026-07-31 16:14,S03,FROST-S03,7.9
2026-07-31 16:14,S04,FROST-S04,3.6
2026-07-31 16:14,S05,FROST-S05,3.2
2026-07-31 16:14,S06,FROST-S06,3.2
2026-07-31 16:14,S07,FROST-S07,8.6
2026-07-31 16:14,S08,FROST-S08,3.4
2026-07-31 16:14,S09,FROST-S09,3.3
2026-07-31 16:14,S10,FROST-S10,3.8
2026-07-31 16:14,S11,FROST-S11,3.7
2026-07-31 16:14,S12,FROST-S12,3.6
2026-07-31 16:44,S01,FROST-S01,3.4
2026-07-31 16:44,S02,FROST-S02,3.5
2026-07-31 16:44,S03,FROST-S03,8.1
2026-07-31 16:44,S04,FROST-S04,3.5
2026-07-31 16:44,S05,FROST-S05,3.8
2026-07-31 16:44,S06,FROST-S06,3.7
2026-07-31 16:44,S07,FROST-S07,8.3
2026-07-31 16:44,S08,FROST-S08,3.4
2026-07-31 16:44,S09,FROST-S09,3.7
2026-07-31 16:44,S10,FROST-S10,3.6
2026-07-31 16:44,S11,FROST-S11,3.5
2026-07-31 16:44,S12,FROST-S12,3.6
2026-07-31 17:14,S01,FROST-S01,3.7
2026-07-31 17:14,S02,FROST-S02,3.3
2026-07-31 17:14,S03,FROST-S03,7.9
2026-07-31 17:14,S04,FROST-S04,3.4
2026-07-31 17:14,S05,FROST-S05,3.8
2026-07-31 17:14,S06,FROST-S06,3.3
2026-07-31 17:14,S07,FROST-S07,7.9
2026-07-31 17:14,S08,FROST-S08,3.3
2026-07-31 17:14,S09,FROST-S09,3.3
2026-07-31 17:14,S10,FROST-S10,3.3
2026-07-31 17:14,S11,FROST-S11,3.5
2026-07-31 17:14,S12,FROST-S12,3.3
2026-07-31 17:44,S01,FROST-S01,3.5
2026-07-31 17:44,S02,FROST-S02,3.7
2026-07-31 17:44,S03,FROST-S03,8.6
2026-07-31 17:44,S04,FROST-S04,3.4
2026-07-31 17:44,S05,FROST-S05,3.6
2026-07-31 17:44,S06,FROST-S06,3.3
2026-07-31 17:44,S07,FROST-S07,7.7
2026-07-31 17:44,S08,FROST-S08,3.3
2026-07-31 17:44,S09,FROST-S09,3.6
2026-07-31 17:44,S10,FROST-S10,3.7
2026-07-31 17:44,S11,FROST-S11,3.7
2026-07-31 17:44,S12,FROST-S12,3.4
2026-07-31 18:14,S01,FROST-S01,3.8
2026-07-31 18:14,S02,FROST-S02,3.7
2026-07-31 18:14,S03,FROST-S03,8.4
2026-07-31 18:14,S04,FROST-S04,3.8
2026-07-31 18:14,S05,FROST-S05,3.4
2026-07-31 18:14,S06,FROST-S06,3.3
2026-07-31 18:14,S07,FROST-S07,7.9
2026-07-31 18:14,S08,FROST-S08,3.6
2026-07-31 18:14,S09,FROST-S09,3.3
2026-07-31 18:14,S10,FROST-S10,3.7
2026-07-31 18:14,S11,FROST-S11,3.4
2026-07-31 18:14,S12,FROST-S12,3.6
2026-07-31 18:44,S01,FROST-S01,3.5
2026-07-31 18:44,S02,FROST-S02,3.7
2026-07-31 18:44,S03,FROST-S03,8.3
2026-07-31 18:44,S04,FROST-S04,3.3
2026-07-31 18:44,S05,FROST-S05,3.7
2026-07-31 18:44,S06,FROST-S06,3.6
2026-07-31 18:44,S07,FROST-S07,8.1
2026-07-31 18:44,S08,FROST-S08,3.3
2026-07-31 18:44,S09,FROST-S09,3.8
2026-07-31 18:44,S10,FROST-S10,3.6
2026-07-31 18:44,S11,FROST-S11,3.3
2026-07-31 18:44,S12,FROST-S12,3.8
2026-07-31 19:14,S01,FROST-S01,3.4
2026-07-31 19:14,S02,FROST-S02,3.4
2026-07-31 19:14,S03,FROST-S03,8.0
2026-07-31 19:14,S04,FROST-S04,3.7
2026-07-31 19:14,S05,FROST-S05,3.6
2026-07-31 19:14,S06,FROST-S06,3.8
2026-07-31 19:14,S07,FROST-S07,8.4
2026-07-31 19:14,S08,FROST-S08,3.5
2026-07-31 19:14,S09,FROST-S09,3.6
2026-07-31 19:14,S10,FROST-S10,3.5
2026-07-31 19:14,S11,FROST-S11,3.7
2026-07-31 19:14,S12,FROST-S12,3.2
2026-07-31 19:44,S01,FROST-S01,3.7
2026-07-31 19:44,S02,FROST-S02,3.8
2026-07-31 19:44,S03,FROST-S03,7.9
2026-07-31 19:44,S04,FROST-S04,3.2
2026-07-31 19:44,S05,FROST-S05,3.6
2026-07-31 19:44,S06,FROST-S06,3.4
2026-07-31 19:44,S07,FROST-S07,8.1
2026-07-31 19:44,S08,FROST-S08,3.4
2026-07-31 19:44,S09,FROST-S09,3.5
2026-07-31 19:44,S10,FROST-S10,3.8
2026-07-31 19:44,S11,FROST-S11,3.4
2026-07-31 19:44,S12,FROST-S12,3.7
2026-07-31 20:14,S01,FROST-S01,3.3
2026-07-31 20:14,S02,FROST-S02,3.3
2026-07-31 20:14,S03,FROST-S03,7.9
2026-07-31 20:14,S04,FROST-S04,3.2
2026-07-31 20:14,S05,FROST-S05,3.2
2026-07-31 20:14,S06,FROST-S06,3.5
2026-07-31 20:14,S07,FROST-S07,8.3
2026-07-31 20:14,S08,FROST-S08,3.6
2026-07-31 20:14,S09,FROST-S09,3.4
2026-07-31 20:14,S10,FROST-S10,3.7
2026-07-31 20:14,S11,FROST-S11,3.4
2026-07-31 20:14,S12,FROST-S12,3.5
2026-07-31 20:44,S01,FROST-S01,3.5
2026-07-31 20:44,S02,FROST-S02,3.6
2026-07-31 20:44,S03,FROST-S03,8.4
2026-07-31 20:44,S04,FROST-S04,3.3
2026-07-31 20:44,S05,FROST-S05,3.5
2026-07-31 20:44,S06,FROST-S06,3.6
2026-07-31 20:44,S07,FROST-S07,8.1
2026-07-31 20:44,S08,FROST-S08,3.4
2026-07-31 20:44,S09,FROST-S09,3.5
2026-07-31 20:44,S10,FROST-S10,3.7
2026-07-31 20:44,S11,FROST-S11,3.5
2026-07-31 20:44,S12,FROST-S12,3.6
2026-07-31 21:14,S01,FROST-S01,3.3
2026-07-31 21:14,S02,FROST-S02,3.7
2026-07-31 21:14,S03,FROST-S03,8.4
2026-07-31 21:14,S04,FROST-S04,3.6
2026-07-31 21:14,S05,FROST-S05,3.4
2026-07-31 21:14,S06,FROST-S06,3.3
2026-07-31 21:14,S07,FROST-S07,8.5
2026-07-31 21:14,S08,FROST-S08,3.6
2026-07-31 21:14,S09,FROST-S09,3.6
2026-07-31 21:14,S10,FROST-S10,3.7
2026-07-31 21:14,S11,FROST-S11,3.3
2026-07-31 21:14,S12,FROST-S12,3.3
2026-07-31 21:44,S01,FROST-S01,3.6
2026-07-31 21:44,S02,FROST-S02,3.7
2026-07-31 21:44,S03,FROST-S03,8.1
2026-07-31 21:44,S04,FROST-S04,3.4
2026-07-31 21:44,S05,FROST-S05,3.6
2026-07-31 21:44,S06,FROST-S06,3.8
2026-07-31 21:44,S07,FROST-S07,8.4
2026-07-31 21:44,S08,FROST-S08,3.5
2026-07-31 21:44,S09,FROST-S09,3.7
2026-07-31 21:44,S10,FROST-S10,3.5
2026-07-31 21:44,S11,FROST-S11,3.7
2026-07-31 21:44,S12,FROST-S12,3.8
2026-07-31 22:14,S01,FROST-S01,3.7
2026-07-31 22:14,S02,FROST-S02,3.8
2026-07-31 22:14,S03,FROST-S03,8.3
2026-07-31 22:14,S04,FROST-S04,3.4
2026-07-31 22:14,S05,FROST-S05,3.2
2026-07-31 22:14,S06,FROST-S06,3.3
2026-07-31 22:14,S07,FROST-S07,7.9
2026-07-31 22:14,S08,FROST-S08,3.4
2026-07-31 22:14,S09,FROST-S09,3.7
2026-07-31 22:14,S10,FROST-S10,3.7
2026-07-31 22:14,S11,FROST-S11,3.8
2026-07-31 22:14,S12,FROST-S12,3.3
2026-07-31 22:44,S01,FROST-S01,3.5
2026-07-31 22:44,S02,FROST-S02,3.4
2026-07-31 22:44,S03,FROST-S03,7.9
2026-07-31 22:44,S04,FROST-S04,3.8
2026-07-31 22:44,S05,FROST-S05,3.6
2026-07-31 22:44,S06,FROST-S06,3.4
2026-07-31 22:44,S07,FROST-S07,8.6
2026-07-31 22:44,S08,FROST-S08,3.6
2026-07-31 22:44,S09,FROST-S09,3.7
2026-07-31 22:44,S10,FROST-S10,3.7
2026-07-31 22:44,S11,FROST-S11,3.8
2026-07-31 22:44,S12,FROST-S12,3.3
2026-07-31 23:14,S01,FROST-S01,3.2
2026-07-31 23:14,S02,FROST-S02,3.3
2026-07-31 23:14,S03,FROST-S03,8.0
2026-07-31 23:14,S04,FROST-S04,3.7
2026-07-31 23:14,S05,FROST-S05,3.2
2026-07-31 23:14,S06,FROST-S06,3.2
2026-07-31 23:14,S07,FROST-S07,8.6
2026-07-31 23:14,S08,FROST-S08,3.5
2026-07-31 23:14,S09,FROST-S09,3.6
2026-07-31 23:14,S10,FROST-S10,3.2
2026-07-31 23:14,S11,FROST-S11,3.7
2026-07-31 23:14,S12,FROST-S12,3.6
2026-07-31 23:44,S01,FROST-S01,3.3
2026-07-31 23:44,S02,FROST-S02,3.8
2026-07-31 23:44,S03,FROST-S03,8.7
2026-07-31 23:44,S04,FROST-S04,3.3
2026-07-31 23:44,S05,FROST-S05,3.4
2026-07-31 23:44,S06,FROST-S06,3.6
2026-07-31 23:44,S07,FROST-S07,8.0
2026-07-31 23:44,S08,FROST-S08,3.5
2026-07-31 23:44,S09,FROST-S09,3.5
2026-07-31 23:44,S10,FROST-S10,3.5
2026-07-31 23:44,S11,FROST-S11,3.5
2026-07-31 23:44,S12,FROST-S12,3.6
2026-08-01 00:14,S01,FROST-S01,3.6
2026-08-01 00:14,S02,FROST-S02,3.4
2026-08-01 00:14,S03,FROST-S03,8.1
2026-08-01 00:14,S04,FROST-S04,3.8
2026-08-01 00:14,S05,FROST-S05,3.3
2026-08-01 00:14,S06,FROST-S06,3.5
2026-08-01 00:14,S07,FROST-S07,7.7
2026-08-01 00:14,S08,FROST-S08,3.5
2026-08-01 00:14,S09,FROST-S09,3.6
2026-08-01 00:14,S10,FROST-S10,3.6
2026-08-01 00:14,S11,FROST-S11,3.6
2026-08-01 00:14,S12,FROST-S12,3.3
2026-08-01 00:44,S01,FROST-S01,3.4
2026-08-01 00:44,S02,FROST-S02,3.7
2026-08-01 00:44,S03,FROST-S03,8.5
2026-08-01 00:44,S04,FROST-S04,3.4
2026-08-01 00:44,S05,FROST-S05,3.6
2026-08-01 00:44,S06,FROST-S06,3.4
2026-08-01 00:44,S07,FROST-S07,7.8
2026-08-01 00:44,S08,FROST-S08,3.5
2026-08-01 00:44,S09,FROST-S09,3.4
2026-08-01 00:44,S10,FROST-S10,3.6
2026-08-01 00:44,S11,FROST-S11,3.2
2026-08-01 00:44,S12,FROST-S12,3.4
2026-08-01 01:14,S01,FROST-S01,3.6
2026-08-01 01:14,S02,FROST-S02,3.7
2026-08-01 01:14,S03,FROST-S03,8.5
2026-08-01 01:14,S04,FROST-S04,3.2
2026-08-01 01:14,S05,FROST-S05,3.3
2026-08-01 01:14,S06,FROST-S06,3.3
2026-08-01 01:14,S07,FROST-S07,8.5
2026-08-01 01:14,S08,FROST-S08,3.4
2026-08-01 01:14,S09,FROST-S09,3.5
2026-08-01 01:14,S10,FROST-S10,3.8
2026-08-01 01:14,S11,FROST-S11,3.4
2026-08-01 01:14,S12,FROST-S12,3.6
2026-08-01 01:44,S01,FROST-S01,3.2
2026-08-01 01:44,S02,FROST-S02,3.8
2026-08-01 01:44,S03,FROST-S03,8.6
2026-08-01 01:44,S04,FROST-S04,3.3
2026-08-01 01:44,S05,FROST-S05,3.2
2026-08-01 01:44,S06,FROST-S06,3.5
2026-08-01 01:44,S07,FROST-S07,8.0
2026-08-01 01:44,S08,FROST-S08,3.8
2026-08-01 01:44,S09,FROST-S09,3.2
2026-08-01 01:44,S10,FROST-S10,3.7
2026-08-01 01:44,S11,FROST-S11,3.4
2026-08-01 01:44,S12,FROST-S12,3.2
2026-08-01 02:14,S01,FROST-S01,3.3
2026-08-01 02:14,S02,FROST-S02,3.6
2026-08-01 02:14,S03,FROST-S03,8.2
2026-08-01 02:14,S04,FROST-S04,3.2
2026-08-01 02:14,S05,FROST-S05,3.4
2026-08-01 02:14,S06,FROST-S06,3.7
2026-08-01 02:14,S07,FROST-S07,8.5
2026-08-01 02:14,S08,FROST-S08,3.6
2026-08-01 02:14,S09,FROST-S09,3.4
2026-08-01 02:14,S10,FROST-S10,3.4
2026-08-01 02:14,S11,FROST-S11,3.3
2026-08-01 02:14,S12,FROST-S12,3.8
2026-08-01 02:44,S01,FROST-S01,3.4
2026-08-01 02:44,S02,FROST-S02,3.2
2026-08-01 02:44,S03,FROST-S03,8.0
2026-08-01 02:44,S04,FROST-S04,3.3
2026-08-01 02:44,S05,FROST-S05,3.5
2026-08-01 02:44,S06,FROST-S06,3.2
2026-08-01 02:44,S07,FROST-S07,8.0
2026-08-01 02:44,S08,FROST-S08,3.3
2026-08-01 02:44,S09,FROST-S09,3.4
2026-08-01 02:44,S10,FROST-S10,3.3
2026-08-01 02:44,S11,FROST-S11,3.4
2026-08-01 02:44,S12,FROST-S12,3.3
2026-08-01 03:14,S01,FROST-S01,3.7
2026-08-01 03:14,S02,FROST-S02,3.5
2026-08-01 03:14,S03,FROST-S03,8.2
2026-08-01 03:14,S04,FROST-S04,3.3
2026-08-01 03:14,S05,FROST-S05,3.3
2026-08-01 03:14,S06,FROST-S06,3.4
2026-08-01 03:14,S07,FROST-S07,7.8
2026-08-01 03:14,S08,FROST-S08,3.4
2026-08-01 03:14,S09,FROST-S09,3.6
2026-08-01 03:14,S10,FROST-S10,3.5
2026-08-01 03:14,S11,FROST-S11,3.4
2026-08-01 03:14,S12,FROST-S12,3.6
2026-08-01 03:44,S01,FROST-S01,3.8
2026-08-01 03:44,S02,FROST-S02,3.7
2026-08-01 03:44,S03,FROST-S03,8.0
2026-08-01 03:44,S04,FROST-S04,3.3
2026-08-01 03:44,S05,FROST-S05,3.7
2026-08-01 03:44,S06,FROST-S06,3.2
2026-08-01 03:44,S07,FROST-S07,8.6
2026-08-01 03:44,S08,FROST-S08,3.3
2026-08-01 03:44,S09,FROST-S09,3.2
2026-08-01 03:44,S10,FROST-S10,3.3
2026-08-01 03:44,S11,FROST-S11,3.6
2026-08-01 03:44,S12,FROST-S12,3.5
2026-08-01 04:14,S01,FROST-S01,3.8
2026-08-01 04:14,S02,FROST-S02,3.4
2026-08-01 04:14,S03,FROST-S03,7.9
2026-08-01 04:14,S04,FROST-S04,3.8
2026-08-01 04:14,S05,FROST-S05,3.5
2026-08-01 04:14,S06,FROST-S06,3.5
2026-08-01 04:14,S07,FROST-S07,8.4
2026-08-01 04:14,S08,FROST-S08,3.5
2026-08-01 04:14,S09,FROST-S09,3.6
2026-08-01 04:14,S10,FROST-S10,3.4
2026-08-01 04:14,S11,FROST-S11,3.8
2026-08-01 04:14,S12,FROST-S12,3.7
2026-08-01 04:44,S01,FROST-S01,3.4
2026-08-01 04:44,S02,FROST-S02,3.3
2026-08-01 04:44,S03,FROST-S03,8.6
2026-08-01 04:44,S04,FROST-S04,3.6
2026-08-01 04:44,S05,FROST-S05,3.6
2026-08-01 04:44,S06,FROST-S06,3.3
2026-08-01 04:44,S07,FROST-S07,8.6
2026-08-01 04:44,S08,FROST-S08,3.8
2026-08-01 04:44,S09,FROST-S09,3.8
2026-08-01 04:44,S10,FROST-S10,3.6
2026-08-01 04:44,S11,FROST-S11,3.4
2026-08-01 04:44,S12,FROST-S12,3.2
2026-08-01 05:14,S01,FROST-S01,3.7
2026-08-01 05:14,S02,FROST-S02,3.6
2026-08-01 05:14,S03,FROST-S03,7.9
2026-08-01 05:14,S04,FROST-S04,3.6
2026-08-01 05:14,S05,FROST-S05,3.6
2026-08-01 05:14,S06,FROST-S06,3.8
2026-08-01 05:14,S07,FROST-S07,8.5
2026-08-01 05:14,S08,FROST-S08,3.3
2026-08-01 05:14,S09,FROST-S09,3.6
2026-08-01 05:14,S10,FROST-S10,3.7
2026-08-01 05:14,S11,FROST-S11,3.3
2026-08-01 05:14,S12,FROST-S12,3.5
2026-08-01 05:44,S01,FROST-S01,3.7
2026-08-01 05:44,S02,FROST-S02,3.4
2026-08-01 05:44,S03,FROST-S03,8.4
2026-08-01 05:44,S04,FROST-S04,3.7
2026-08-01 05:44,S05,FROST-S05,3.4
2026-08-01 05:44,S06,FROST-S06,3.3
2026-08-01 05:44,S07,FROST-S07,8.3
2026-08-01 05:44,S08,FROST-S08,3.4
2026-08-01 05:44,S09,FROST-S09,3.4
2026-08-01 05:44,S10,FROST-S10,3.2
2026-08-01 05:44,S11,FROST-S11,3.4
2026-08-01 05:44,S12,FROST-S12,3.4
2026-08-01 06:14,S01,FROST-S01,3.3
2026-08-01 06:14,S02,FROST-S02,3.3
2026-08-01 06:14,S03,FROST-S03,8.1
2026-08-01 06:14,S04,FROST-S04,3.6
2026-08-01 06:14,S05,FROST-S05,3.4
2026-08-01 06:14,S06,FROST-S06,3.5
2026-08-01 06:14,S07,FROST-S07,7.8
2026-08-01 06:14,S08,FROST-S08,3.2
2026-08-01 06:14,S09,FROST-S09,3.4
2026-08-01 06:14,S10,FROST-S10,3.8
2026-08-01 06:14,S11,FROST-S11,3.3
2026-08-01 06:14,S12,FROST-S12,3.6
2026-08-01 06:44,S01,FROST-S01,3.3
2026-08-01 06:44,S02,FROST-S02,3.7
2026-08-01 06:44,S03,FROST-S03,8.0
2026-08-01 06:44,S04,FROST-S04,3.2
2026-08-01 06:44,S05,FROST-S05,3.5
2026-08-01 06:44,S06,FROST-S06,3.5
2026-08-01 06:44,S07,FROST-S07,7.9
2026-08-01 06:44,S08,FROST-S08,3.4
2026-08-01 06:44,S09,FROST-S09,3.5
2026-08-01 06:44,S10,FROST-S10,3.2
2026-08-01 06:44,S11,FROST-S11,3.5
2026-08-01 06:44,S12,FROST-S12,3.5
2026-08-01 07:14,S01,FROST-S01,3.7
2026-08-01 07:14,S02,FROST-S02,3.4
2026-08-01 07:14,S03,FROST-S03,8.3
2026-08-01 07:14,S04,FROST-S04,3.3
2026-08-01 07:14,S05,FROST-S05,3.4
2026-08-01 07:14,S06,FROST-S06,3.6
2026-08-01 07:14,S07,FROST-S07,7.9
2026-08-01 07:14,S08,FROST-S08,3.6
2026-08-01 07:14,S09,FROST-S09,3.3
2026-08-01 07:14,S10,FROST-S10,3.4
2026-08-01 07:14,S11,FROST-S11,3.5
2026-08-01 07:14,S12,FROST-S12,3.2
2026-08-01 07:44,S01,FROST-S01,3.3
2026-08-01 07:44,S02,FROST-S02,3.3
2026-08-01 07:44,S03,FROST-S03,7.8
2026-08-01 07:44,S04,FROST-S04,3.6
2026-08-01 07:44,S05,FROST-S05,3.6
2026-08-01 07:44,S06,FROST-S06,3.2
2026-08-01 07:44,S07,FROST-S07,8.7
2026-08-01 07:44,S08,FROST-S08,3.3
2026-08-01 07:44,S09,FROST-S09,3.7
2026-08-01 07:44,S10,FROST-S10,3.4
2026-08-01 07:44,S11,FROST-S11,3.3
2026-08-01 07:44,S12,FROST-S12,3.3
2026-08-01 08:14,S01,FROST-S01,3.6
2026-08-01 08:14,S02,FROST-S02,3.7
2026-08-01 08:14,S03,FROST-S03,8.4
2026-08-01 08:14,S04,FROST-S04,3.7
2026-08-01 08:14,S05,FROST-S05,3.5
2026-08-01 08:14,S06,FROST-S06,3.6
2026-08-01 08:14,S07,FROST-S07,8.7
2026-08-01 08:14,S08,FROST-S08,3.7
2026-08-01 08:14,S09,FROST-S09,3.2
2026-08-01 08:14,S10,FROST-S10,3.4
2026-08-01 08:14,S11,FROST-S11,3.6
2026-08-01 08:14,S12,FROST-S12,3.6
2026-08-01 08:44,S01,FROST-S01,3.6
2026-08-01 08:44,S02,FROST-S02,3.3
2026-08-01 08:44,S03,FROST-S03,8.6
2026-08-01 08:44,S04,FROST-S04,3.5
2026-08-01 08:44,S05,FROST-S05,3.7
2026-08-01 08:44,S06,FROST-S06,3.3
2026-08-01 08:44,S07,FROST-S07,8.5
2026-08-01 08:44,S08,FROST-S08,3.5
2026-08-01 08:44,S09,FROST-S09,3.7
2026-08-01 08:44,S10,FROST-S10,3.3
2026-08-01 08:44,S11,FROST-S11,3.7
2026-08-01 08:44,S12,FROST-S12,3.6
2026-08-01 09:14,S01,FROST-S01,3.8
2026-08-01 09:14,S02,FROST-S02,3.2
2026-08-01 09:14,S03,FROST-S03,8.1
2026-08-01 09:14,S04,FROST-S04,3.8
2026-08-01 09:14,S05,FROST-S05,3.5
2026-08-01 09:14,S06,FROST-S06,3.7
2026-08-01 09:14,S07,FROST-S07,7.7
2026-08-01 09:14,S08,FROST-S08,3.6
2026-08-01 09:14,S09,FROST-S09,3.6
2026-08-01 09:14,S10,FROST-S10,3.4
2026-08-01 09:14,S11,FROST-S11,3.8
2026-08-01 09:14,S12,FROST-S12,3.6
2026-08-01 09:44,S01,FROST-S01,3.2
2026-08-01 09:44,S02,FROST-S02,3.3
2026-08-01 09:44,S03,FROST-S03,8.3
2026-08-01 09:44,S04,FROST-S04,3.4
2026-08-01 09:44,S05,FROST-S05,3.6
2026-08-01 09:44,S06,FROST-S06,3.6
2026-08-01 09:44,S07,FROST-S07,7.7
2026-08-01 09:44,S08,FROST-S08,3.8
2026-08-01 09:44,S09,FROST-S09,3.8
2026-08-01 09:44,S10,FROST-S10,3.7
2026-08-01 09:44,S11,FROST-S11,3.8
2026-08-01 09:44,S12,FROST-S12,3.4
2026-08-01 10:14,S01,FROST-S01,3.2
2026-08-01 10:14,S02,FROST-S02,3.5
2026-08-01 10:14,S03,FROST-S03,7.8
2026-08-01 10:14,S04,FROST-S04,3.3
2026-08-01 10:14,S05,FROST-S05,3.3
2026-08-01 10:14,S06,FROST-S06,3.2
2026-08-01 10:14,S07,FROST-S07,7.7
2026-08-01 10:14,S08,FROST-S08,3.3
2026-08-01 10:14,S09,FROST-S09,3.6
2026-08-01 10:14,S10,FROST-S10,3.8
2026-08-01 10:14,S11,FROST-S11,3.6
2026-08-01 10:14,S12,FROST-S12,3.2
2026-08-01 10:44,S01,FROST-S01,3.4
2026-08-01 10:44,S02,FROST-S02,3.5
2026-08-01 10:44,S03,FROST-S03,8.2
2026-08-01 10:44,S04,FROST-S04,3.6
2026-08-01 10:44,S05,FROST-S05,3.7
2026-08-01 10:44,S06,FROST-S06,3.6
2026-08-01 10:44,S07,FROST-S07,8.1
2026-08-01 10:44,S08,FROST-S08,3.5
2026-08-01 10:44,S09,FROST-S09,3.6
2026-08-01 10:44,S10,FROST-S10,3.3
2026-08-01 10:44,S11,FROST-S11,3.7
2026-08-01 10:44,S12,FROST-S12,3.3
2026-08-01 11:14,S01,FROST-S01,3.5
2026-08-01 11:14,S02,FROST-S02,3.5
2026-08-01 11:14,S03,FROST-S03,7.8
2026-08-01 11:14,S04,FROST-S04,3.3
2026-08-01 11:14,S05,FROST-S05,3.5
2026-08-01 11:14,S06,FROST-S06,3.5
2026-08-01 11:14,S07,FROST-S07,8.7
2026-08-01 11:14,S08,FROST-S08,3.8
2026-08-01 11:14,S09,FROST-S09,3.7
2026-08-01 11:14,S10,FROST-S10,3.4
2026-08-01 11:14,S11,FROST-S11,3.7
2026-08-01 11:14,S12,FROST-S12,3.4
2026-08-01 11:44,S01,FROST-S01,3.7
2026-08-01 11:44,S02,FROST-S02,3.6
2026-08-01 11:44,S03,FROST-S03,8.5
2026-08-01 11:44,S04,FROST-S04,3.4
2026-08-01 11:44,S05,FROST-S05,3.8
2026-08-01 11:44,S06,FROST-S06,3.7
2026-08-01 11:44,S07,FROST-S07,8.3
2026-08-01 11:44,S08,FROST-S08,3.2
2026-08-01 11:44,S09,FROST-S09,3.5
2026-08-01 11:44,S10,FROST-S10,3.7
2026-08-01 11:44,S11,FROST-S11,3.4
2026-08-01 11:44,S12,FROST-S12,3.7
2026-08-01 12:14,S01,FROST-S01,3.8
2026-08-01 12:14,S02,FROST-S02,3.2
2026-08-01 12:14,S03,FROST-S03,8.0
2026-08-01 12:14,S04,FROST-S04,3.5
2026-08-01 12:14,S05,FROST-S05,3.7
2026-08-01 12:14,S06,FROST-S06,3.7
2026-08-01 12:14,S07,FROST-S07,8.1
2026-08-01 12:14,S08,FROST-S08,3.3
2026-08-01 12:14,S09,FROST-S09,3.7
2026-08-01 12:14,S10,FROST-S10,3.8
2026-08-01 12:14,S11,FROST-S11,3.7
2026-08-01 12:14,S12,FROST-S12,3.3
2026-08-01 12:44,S01,FROST-S01,3.6
2026-08-01 12:44,S02,FROST-S02,3.8
2026-08-01 12:44,S03,FROST-S03,7.9
2026-08-01 12:44,S04,FROST-S04,3.8
2026-08-01 12:44,S05,FROST-S05,3.5
2026-08-01 12:44,S06,FROST-S06,3.5
2026-08-01 12:44,S07,FROST-S07,8.2
2026-08-01 12:44,S08,FROST-S08,3.2
2026-08-01 12:44,S09,FROST-S09,3.7
2026-08-01 12:44,S10,FROST-S10,3.2
2026-08-01 12:44,S11,FROST-S11,3.5
2026-08-01 12:44,S12,FROST-S12,3.3
2026-08-01 13:14,S01,FROST-S01,3.2
2026-08-01 13:14,S02,FROST-S02,3.2
2026-08-01 13:14,S03,FROST-S03,8.5
2026-08-01 13:14,S04,FROST-S04,3.2
2026-08-01 13:14,S05,FROST-S05,3.3
2026-08-01 13:14,S06,FROST-S06,3.3
2026-08-01 13:14,S07,FROST-S07,8.5
2026-08-01 13:14,S08,FROST-S08,3.4
2026-08-01 13:14,S09,FROST-S09,3.6
2026-08-01 13:14,S10,FROST-S10,3.6
2026-08-01 13:14,S11,FROST-S11,3.5
2026-08-01 13:14,S12,FROST-S12,3.4
2026-08-01 13:44,S01,FROST-S01,3.6
2026-08-01 13:44,S02,FROST-S02,3.5
2026-08-01 13:44,S03,FROST-S03,7.8
2026-08-01 13:44,S04,FROST-S04,3.4
2026-08-01 13:44,S05,FROST-S05,3.3
2026-08-01 13:44,S06,FROST-S06,3.2
2026-08-01 13:44,S07,FROST-S07,8.0
2026-08-01 13:44,S08,FROST-S08,3.4
2026-08-01 13:44,S09,FROST-S09,3.6
2026-08-01 13:44,S10,FROST-S10,3.4
2026-08-01 13:44,S11,FROST-S11,3.7
2026-08-01 13:44,S12,FROST-S12,3.4
2026-08-01 14:14,S01,FROST-S01,3.6
2026-08-01 14:14,S02,FROST-S02,3.7
2026-08-01 14:14,S03,FROST-S03,7.8
2026-08-01 14:14,S04,FROST-S04,3.8
2026-08-01 14:14,S05,FROST-S05,3.3
2026-08-01 14:14,S06,FROST-S06,3.6
2026-08-01 14:14,S07,FROST-S07,8.4
2026-08-01 14:14,S08,FROST-S08,3.7
2026-08-01 14:14,S09,FROST-S09,3.3
2026-08-01 14:14,S10,FROST-S10,3.3
2026-08-01 14:14,S11,FROST-S11,3.4
2026-08-01 14:14,S12,FROST-S12,3.7
