ts,store_id,sku_id,cat,qty,amount
2026-07-18 22:12,S01,K0011,饮料,2,28.9
2026-07-18 22:33,S01,K0018,零食,3,13.77
2026-07-18 22:29,S01,K0039,日化,1,6.23
2026-07-18 22:18,S01,K0011,饮料,2,57.8
2026-07-18 22:03,S01,K0036,饮料,3,24.52
2026-07-18 22:03,S01,K0004,日化,1,38.34
2026-07-18 22:06,S01,K0026,饮料,1,34.14
2026-07-18 23:30,S01,K0014,日化,2,50.68
2026-07-18 22:58,S01,K0030,鲜食,2,22.79
2026-07-18 23:36,S01,K0016,饮料,3,15.96
2026-07-18 23:16,S01,K0038,零食,3,20.9
2026-07-18 23:03,S01,K0024,日化,1,52.7
2026-07-18 23:37,S01,K0006,饮料,1,9.36
2026-07-18 23:29,S01,K0010,鲜食,1,43.72
2026-07-19 00:13,S01,K0025,鲜食,3,40.32
2026-07-19 00:05,S01,K0034,日化,3,4.47
2026-07-19 01:37,S01,K0035,鲜食,2,20.58
2026-07-19 01:07,S01,K0008,零食,2,20.44
2026-07-19 02:35,S01,K0001,饮料,3,33.0
2026-07-19 02:37,S01,K0033,零食,1,25.55
2026-07-19 02:42,S01,K0020,鲜食,3,6.09
2026-07-19 02:12,S01,K0010,鲜食,1,21.86
2026-07-19 02:09,S01,K0039,日化,2,6.23
2026-07-19 03:45,S01,K0024,日化,2,26.35
2026-07-19 03:04,S01,K0004,日化,3,19.17
2026-07-19 03:35,S01,K0006,饮料,2,9.36
2026-07-19 04:31,S01,K0009,日化,2,10.05
2026-07-19 04:22,S01,K0017,乳品,3,67.26
2026-07-19 04:48,S01,K0014,日化,3,25.34
2026-07-19 04:14,S01,K0020,鲜食,3,12.18
2026-07-19 05:17,S01,K0034,日化,1,4.47
2026-07-19 04:53,S01,K0015,鲜食,2,13.89
2026-07-19 05:24,S01,K0038,零食,1,10.45
2026-07-19 04:53,S01,K0001,饮料,3,16.5
2026-07-19 04:53,S01,K0015,鲜食,1,27.78
2026-07-19 06:04,S01,K0033,零食,2,51.1
2026-07-19 06:23,S01,K0014,日化,1,50.68
2026-07-19 07:40,S01,K0031,饮料,2,30.57
2026-07-19 06:55,S01,K0007,乳品,3,47.6
2026-07-19 07:16,S01,K0023,零食,2,57.66
2026-07-19 07:52,S01,K0007,乳品,2,47.6
2026-07-19 08:04,S01,K0007,乳品,1,23.8
2026-07-19 08:57,S01,K0029,日化,2,29.54
2026-07-19 09:18,S01,K0018,零食,1,13.77
2026-07-19 09:40,S01,K0029,日化,3,29.54
2026-07-19 09:30,S01,K0004,日化,3,19.17
2026-07-19 09:48,S01,K0006,饮料,1,9.36
2026-07-19 09:20,S01,K0027,乳品,2,15.11
2026-07-19 09:46,S01,K0026,饮料,1,34.14
2026-07-19 08:49,S01,K0025,鲜食,2,40.32
2026-07-19 09:07,S01,K0030,鲜食,2,45.58
2026-07-19 09:01,S01,K0010,鲜食,2,21.86
2026-07-19 10:36,S01,K0038,零食,3,10.45
2026-07-19 09:52,S01,K0021,饮料,1,60.24
2026-07-19 10:59,S01,K0034,日化,1,4.47
2026-07-19 10:53,S01,K0012,乳品,3,3.21
2026-07-19 11:14,S01,K0016,饮料,1,7.98
2026-07-19 11:27,S01,K0038,零食,1,10.45
2026-07-19 11:31,S01,K0027,乳品,3,30.22
2026-07-19 11:02,S01,K0017,乳品,3,67.26
2026-07-19 11:05,S01,K0016,饮料,2,7.98
2026-07-19 11:18,S01,K0020,鲜食,2,6.09
2026-07-19 11:18,S01,K0001,饮料,3,16.5
2026-07-19 11:23,S01,K0005,鲜食,1,7.7
2026-07-19 12:45,S01,K0023,零食,1,28.83
2026-07-19 12:07,S01,K0024,日化,1,52.7
2026-07-19 12:34,S01,K0035,鲜食,2,10.29
2026-07-19 13:45,S01,K0007,乳品,1,47.6
2026-07-19 13:45,S01,K0008,零食,1,20.44
2026-07-19 13:07,S01,K0018,零食,3,13.77
2026-07-19 13:02,S01,K0022,乳品,3,44.64
2026-07-19 14:46,S01,K0017,乳品,1,33.63
2026-07-19 14:42,S01,K0028,零食,2,20.67
2026-07-19 14:10,S01,K0001,饮料,1,33.0
2026-07-19 14:36,S01,K0011,饮料,2,57.8
2026-07-19 13:49,S01,K0036,饮料,1,12.26
2026-07-18 22:23,S02,K0010,鲜食,1,43.72
2026-07-18 22:24,S02,K0038,零食,1,20.9
2026-07-18 21:51,S02,K0009,日化,2,20.1
2026-07-18 22:46,S02,K0003,零食,2,10.0
2026-07-18 22:31,S02,K0016,饮料,1,15.96
2026-07-18 22:45,S02,K0036,饮料,2,12.26
2026-07-18 22:44,S02,K0016,饮料,1,7.98
2026-07-18 23:00,S02,K0002,乳品,3,7.9
2026-07-18 23:40,S02,K0027,乳品,3,15.11
2026-07-18 22:59,S02,K0018,零食,3,13.77
2026-07-18 23:44,S02,K0025,鲜食,1,40.32
2026-07-18 23:01,S02,K0015,鲜食,2,27.78
2026-07-19 00:03,S02,K0015,鲜食,1,13.89
2026-07-19 00:10,S02,K0026,饮料,2,34.14
2026-07-19 00:11,S02,K0018,零食,3,27.54
2026-07-19 01:10,S02,K0035,鲜食,1,10.29
2026-07-19 01:00,S02,K0017,乳品,3,67.26
2026-07-19 00:55,S02,K0003,零食,3,20.0
2026-07-19 01:35,S02,K0023,零食,2,57.66
2026-07-19 01:56,S02,K0033,零食,2,25.55
2026-07-19 01:51,S02,K0017,乳品,3,67.26
2026-07-19 02:22,S02,K0001,饮料,3,16.5
2026-07-19 02:16,S02,K0024,日化,1,52.7
2026-07-19 03:31,S02,K0021,饮料,1,60.24
2026-07-19 03:08,S02,K0033,零食,3,51.1
2026-07-19 03:14,S02,K0021,饮料,3,60.24
2026-07-19 02:57,S02,K0036,饮料,1,24.52
2026-07-19 03:32,S02,K0025,鲜食,3,20.16
2026-07-19 03:25,S02,K0040,鲜食,2,23.8
2026-07-19 04:08,S02,K0001,饮料,2,16.5
2026-07-19 04:39,S02,K0028,零食,3,41.34
2026-07-19 04:17,S02,K0030,鲜食,2,22.79
2026-07-19 04:19,S02,K0033,零食,3,25.55
2026-07-19 04:07,S02,K0006,饮料,3,18.72
2026-07-19 04:41,S02,K0006,饮料,1,18.72
2026-07-19 04:58,S02,K0013,零食,1,28.79
2026-07-19 05:19,S02,K0016,饮料,3,7.98
2026-07-19 06:45,S02,K0027,乳品,3,15.11
2026-07-19 06:20,S02,K0025,鲜食,2,20.16
2026-07-19 06:30,S02,K0010,鲜食,3,21.86
2026-07-19 07:03,S02,K0028,零食,1,41.34
2026-07-19 07:24,S02,K0004,日化,1,19.17
2026-07-19 08:40,S02,K0009,日化,2,20.1
2026-07-19 08:28,S02,K0029,日化,3,59.08
2026-07-19 08:17,S02,K0036,饮料,1,24.52
2026-07-19 09:37,S02,K0017,乳品,1,67.26
2026-07-19 09:20,S02,K0034,日化,3,4.47
2026-07-19 09:17,S02,K0018,零食,1,27.54
2026-07-19 09:06,S02,K0016,饮料,2,15.96
2026-07-19 08:54,S02,K0035,鲜食,1,10.29
2026-07-19 10:33,S02,K0025,鲜食,1,20.16
2026-07-19 10:15,S02,K0005,鲜食,2,7.7
2026-07-19 10:18,S02,K0035,鲜食,2,10.29
2026-07-19 11:13,S02,K0027,乳品,3,15.11
2026-07-19 11:13,S02,K0037,乳品,2,5.55
2026-07-19 11:08,S02,K0023,零食,2,57.66
2026-07-19 12:40,S02,K0035,鲜食,3,10.29
2026-07-19 12:03,S02,K0032,乳品,2,42.96
2026-07-19 11:50,S02,K0032,乳品,2,42.96
2026-07-19 12:35,S02,K0026,饮料,1,68.28
2026-07-19 13:23,S02,K0040,鲜食,1,23.8
2026-07-19 13:25,S02,K0038,零食,3,10.45
2026-07-19 13:57,S02,K0028,零食,2,20.67
2026-07-19 14:05,S02,K0004,日化,2,38.34
2026-07-18 22:09,S03,K0030,鲜食,2,45.58
2026-07-18 22:37,S03,K0018,零食,2,27.54
2026-07-18 22:19,S03,K0006,饮料,1,9.36
2026-07-18 23:30,S03,K0015,鲜食,1,13.89
2026-07-18 23:04,S03,K0002,乳品,1,3.95
2026-07-18 22:58,S03,K0040,鲜食,1,11.9
2026-07-18 23:31,S03,K0031,饮料,1,30.57
2026-07-19 00:38,S03,K0017,乳品,2,33.63
2026-07-19 00:27,S03,K0039,日化,3,6.23
2026-07-19 00:08,S03,K0011,饮料,1,28.9
2026-07-19 01:32,S03,K0037,乳品,2,11.1
2026-07-19 00:53,S03,K0013,零食,3,28.79
2026-07-19 01:33,S03,K0007,乳品,2,23.8
2026-07-19 02:23,S03,K0023,零食,2,57.66
2026-07-19 02:21,S03,K0005,鲜食,3,7.7
2026-07-19 03:41,S03,K0027,乳品,2,15.11
2026-07-19 03:12,S03,K0028,零食,3,41.34
2026-07-19 04:00,S03,K0028,零食,3,41.34
2026-07-19 04:40,S03,K0040,鲜食,3,23.8
2026-07-19 04:16,S03,K0030,鲜食,3,45.58
2026-07-19 05:42,S03,K0016,饮料,1,15.96
2026-07-19 05:04,S03,K0029,日化,2,59.08
2026-07-19 04:50,S03,K0022,乳品,2,44.64
2026-07-19 06:02,S03,K0032,乳品,2,42.96
2026-07-19 06:06,S03,K0022,乳品,3,44.64
2026-07-19 07:01,S03,K0034,日化,1,4.47
2026-07-19 07:20,S03,K0027,乳品,3,15.11
2026-07-19 08:17,S03,K0032,乳品,1,21.48
2026-07-19 08:03,S03,K0019,日化,2,5.97
2026-07-19 08:31,S03,K0020,鲜食,3,12.18
2026-07-19 09:22,S03,K0036,饮料,2,24.52
2026-07-19 09:10,S03,K0036,饮料,2,24.52
2026-07-19 09:08,S03,K0018,零食,2,13.77
2026-07-19 09:35,S03,K0008,零食,1,40.88
2026-07-19 09:36,S03,K0008,零食,3,20.44
2026-07-19 10:36,S03,K0014,日化,2,50.68
2026-07-19 10:37,S03,K0038,零食,3,20.9
2026-07-19 10:42,S03,K0007,乳品,1,47.6
2026-07-19 11:00,S03,K0024,日化,2,26.35
2026-07-19 10:57,S03,K0035,鲜食,2,10.29
2026-07-19 11:24,S03,K0004,日化,2,19.17
2026-07-19 12:44,S03,K0007,乳品,1,47.6
2026-07-19 12:19,S03,K0031,饮料,2,61.14
2026-07-19 11:52,S03,K0012,乳品,2,6.42
2026-07-19 13:14,S03,K0005,鲜食,2,3.85
2026-07-19 13:29,S03,K0037,乳品,3,5.55
2026-07-19 14:40,S03,K0010,鲜食,3,43.72
2026-07-19 14:04,S03,K0006,饮料,1,18.72
2026-07-18 22:13,S04,K0034,日化,2,8.94
2026-07-18 22:44,S04,K0020,鲜食,3,12.18
2026-07-18 22:25,S04,K0020,鲜食,3,6.09
2026-07-18 22:36,S04,K0040,鲜食,1,11.9
2026-07-18 22:05,S04,K0014,日化,3,25.34
2026-07-18 23:00,S04,K0016,饮料,3,7.98
2026-07-18 22:49,S04,K0011,饮料,2,57.8
2026-07-18 23:19,S04,K0039,日化,2,6.23
2026-07-18 23:07,S04,K0015,鲜食,3,27.78
2026-07-19 00:32,S04,K0005,鲜食,1,7.7
2026-07-19 00:31,S04,K0038,零食,1,20.9
2026-07-19 00:23,S04,K0008,零食,1,20.44
2026-07-19 00:41,S04,K0018,零食,1,13.77
2026-07-18 23:59,S04,K0004,日化,2,38.34
2026-07-19 01:18,S04,K0008,零食,3,40.88
2026-07-19 01:06,S04,K0026,饮料,3,68.28
2026-07-19 00:54,S04,K0029,日化,3,29.54
2026-07-19 01:36,S04,K0028,零食,2,41.34
2026-07-19 00:54,S04,K0002,乳品,1,3.95
2026-07-19 01:51,S04,K0037,乳品,1,11.1
2026-07-19 02:30,S04,K0034,日化,2,8.94
2026-07-19 02:26,S04,K0012,乳品,2,6.42
2026-07-19 02:19,S04,K0006,饮料,2,18.72
2026-07-19 03:31,S04,K0021,饮料,1,30.12
2026-07-19 03:15,S04,K0022,乳品,3,44.64
2026-07-19 03:31,S04,K0019,日化,2,5.97
2026-07-19 02:54,S04,K0030,鲜食,2,45.58
2026-07-19 02:56,S04,K0021,饮料,2,30.12
2026-07-19 03:18,S04,K0035,鲜食,2,10.29
2026-07-19 03:22,S04,K0013,零食,2,57.58
2026-07-19 04:02,S04,K0004,日化,2,19.17
2026-07-19 04:17,S04,K0019,日化,3,11.94
2026-07-19 03:50,S04,K0008,零食,3,20.44
2026-07-19 04:08,S04,K0011,饮料,3,28.9
2026-07-19 04:15,S04,K0036,饮料,1,12.26
2026-07-19 04:18,S04,K0008,零食,1,20.44
2026-07-19 04:48,S04,K0032,乳品,3,42.96
2026-07-19 04:34,S04,K0033,零食,2,51.1
2026-07-19 04:19,S04,K0031,饮料,1,61.14
2026-07-19 05:01,S04,K0025,鲜食,3,20.16
2026-07-19 05:06,S04,K0005,鲜食,2,7.7
2026-07-19 05:06,S04,K0033,零食,1,51.1
2026-07-19 06:26,S04,K0038,零食,3,20.9
2026-07-19 06:17,S04,K0010,鲜食,3,43.72
2026-07-19 06:10,S04,K0023,零食,3,57.66
2026-07-19 06:48,S04,K0030,鲜食,2,22.79
2026-07-19 07:13,S04,K0037,乳品,1,11.1
2026-07-19 07:09,S04,K0003,零食,3,20.0
2026-07-19 07:13,S04,K0025,鲜食,3,20.16
2026-07-19 07:57,S04,K0003,零食,3,20.0
2026-07-19 08:44,S04,K0007,乳品,2,23.8
2026-07-19 08:47,S04,K0034,日化,2,4.47
2026-07-19 08:15,S04,K0010,鲜食,3,21.86
2026-07-19 08:19,S04,K0005,鲜食,2,7.7
2026-07-19 09:30,S04,K0026,饮料,1,68.28
2026-07-19 09:13,S04,K0035,鲜食,2,20.58
2026-07-19 08:51,S04,K0035,鲜食,3,10.29
2026-07-19 09:29,S04,K0016,饮料,3,15.96
2026-07-19 09:36,S04,K0015,鲜食,1,27.78
2026-07-19 09:37,S04,K0007,乳品,3,23.8
2026-07-19 08:59,S04,K0029,日化,3,59.08
2026-07-19 08:51,S04,K0002,乳品,2,3.95
2026-07-19 09:11,S04,K0019,日化,2,11.94
2026-07-19 09:04,S04,K0010,鲜食,3,43.72
2026-07-19 09:32,S04,K0037,乳品,1,5.55
2026-07-19 10:28,S04,K0006,饮料,2,9.36
2026-07-19 10:47,S04,K0032,乳品,3,21.48
2026-07-19 10:18,S04,K0015,鲜食,3,27.78
2026-07-19 10:05,S04,K0030,鲜食,3,22.79
2026-07-19 11:32,S04,K0019,日化,3,5.97
2026-07-19 11:17,S04,K0005,鲜食,2,7.7
2026-07-19 11:33,S04,K0028,零食,2,41.34
2026-07-19 11:01,S04,K0020,鲜食,2,12.18
2026-07-19 11:04,S04,K0007,乳品,2,47.6
2026-07-19 11:07,S04,K0037,乳品,3,11.1
2026-07-19 11:42,S04,K0002,乳品,3,7.9
2026-07-19 10:49,S04,K0018,零食,3,13.77
2026-07-19 11:36,S04,K0039,日化,2,12.46
2026-07-19 12:40,S04,K0039,日化,2,6.23
2026-07-19 12:28,S04,K0013,零食,2,28.79
2026-07-19 12:46,S04,K0007,乳品,3,23.8
2026-07-19 12:51,S04,K0029,日化,3,59.08
2026-07-19 12:54,S04,K0009,日化,2,20.1
2026-07-19 13:00,S04,K0027,乳品,1,15.11
2026-07-19 13:45,S04,K0035,鲜食,2,20.58
2026-07-19 14:47,S04,K0017,乳品,2,67.26
2026-07-19 14:40,S04,K0022,乳品,1,44.64
2026-07-19 13:58,S04,K0005,鲜食,1,7.7
2026-07-18 21:54,S05,K0024,日化,2,26.35
2026-07-18 22:23,S05,K0017,乳品,1,67.26
2026-07-18 22:32,S05,K0024,日化,3,52.7
2026-07-18 22:13,S05,K0038,零食,3,20.9
2026-07-18 22:32,S05,K0007,乳品,1,47.6
2026-07-18 22:28,S05,K0002,乳品,3,7.9
2026-07-18 23:30,S05,K0015,鲜食,1,27.78
2026-07-18 23:30,S05,K0020,鲜食,2,6.09
2026-07-18 22:51,S05,K0009,日化,1,20.1
2026-07-18 22:56,S05,K0032,乳品,1,21.48
2026-07-18 22:57,S05,K0035,鲜食,2,20.58
2026-07-18 23:31,S05,K0024,日化,3,52.7
2026-07-19 00:45,S05,K0010,鲜食,2,21.86
2026-07-19 00:28,S05,K0032,乳品,2,42.96
2026-07-19 00:33,S05,K0003,零食,2,10.0
2026-07-19 00:17,S05,K0029,日化,1,59.08
2026-07-19 01:23,S05,K0024,日化,3,52.7
2026-07-19 01:14,S05,K0004,日化,2,19.17
2026-07-19 01:54,S05,K0030,鲜食,3,22.79
2026-07-19 01:50,S05,K0039,日化,1,12.46
2026-07-19 03:39,S05,K0009,日化,3,10.05
2026-07-19 03:42,S05,K0005,鲜食,3,3.85
2026-07-19 03:02,S05,K0038,零食,1,20.9
2026-07-19 03:49,S05,K0039,日化,2,6.23
2026-07-19 04:23,S05,K0009,日化,2,10.05
2026-07-19 04:31,S05,K0008,零食,1,20.44
2026-07-19 05:39,S05,K0023,零食,1,57.66
2026-07-19 05:00,S05,K0002,乳品,2,3.95
2026-07-19 06:22,S05,K0027,乳品,1,15.11
2026-07-19 06:17,S05,K0031,饮料,2,30.57
2026-07-19 07:03,S05,K0033,零食,3,25.55
2026-07-19 07:08,S05,K0034,日化,2,4.47
2026-07-19 07:19,S05,K0004,日化,2,38.34
2026-07-19 08:20,S05,K0007,乳品,3,47.6
2026-07-19 08:46,S05,K0005,鲜食,1,7.7
2026-07-19 07:58,S05,K0039,日化,1,6.23
2026-07-19 08:28,S05,K0018,零食,3,27.54
2026-07-19 09:22,S05,K0039,日化,2,12.46
2026-07-19 09:27,S05,K0033,零食,2,25.55
2026-07-19 09:43,S05,K0008,零食,3,20.44
2026-07-19 09:17,S05,K0028,零食,1,41.34
2026-07-19 09:41,S05,K0022,乳品,2,44.64
2026-07-19 10:09,S05,K0007,乳品,2,47.6
2026-07-19 10:12,S05,K0017,乳品,1,67.26
2026-07-19 09:54,S05,K0005,鲜食,1,3.85
2026-07-19 09:55,S05,K0028,零食,3,41.34
2026-07-19 10:24,S05,K0009,日化,1,20.1
2026-07-19 11:15,S05,K0008,零食,2,40.88
2026-07-19 11:07,S05,K0004,日化,3,38.34
2026-07-19 10:55,S05,K0023,零食,3,28.83
2026-07-19 11:31,S05,K0010,鲜食,2,21.86
2026-07-19 11:11,S05,K0007,乳品,3,47.6
2026-07-19 11:37,S05,K0008,零食,2,20.44
2026-07-19 11:43,S05,K0028,零食,3,20.67
2026-07-19 11:50,S05,K0018,零食,1,27.54
2026-07-19 12:47,S05,K0020,鲜食,2,12.18
2026-07-19 12:00,S05,K0001,饮料,1,33.0
2026-07-19 11:58,S05,K0005,鲜食,3,3.85
2026-07-19 13:02,S05,K0034,日化,2,8.94
2026-07-19 13:10,S05,K0030,鲜食,1,45.58
2026-07-19 14:38,S05,K0021,饮料,3,30.12
2026-07-19 13:58,S05,K0004,日化,1,19.17
2026-07-19 14:06,S05,K0006,饮料,2,18.72
2026-07-18 22:17,S06,K0039,日化,2,12.46
2026-07-18 22:37,S06,K0014,日化,3,25.34
2026-07-18 22:16,S06,K0023,零食,1,57.66
2026-07-18 22:20,S06,K0038,零食,3,20.9
2026-07-18 22:03,S06,K0003,零食,2,10.0
2026-07-18 23:08,S06,K0014,日化,1,25.34
2026-07-18 23:07,S06,K0017,乳品,2,33.63
2026-07-19 00:36,S06,K0032,乳品,2,21.48
2026-07-19 00:13,S06,K0009,日化,3,10.05
2026-07-19 01:14,S06,K0005,鲜食,3,3.85
2026-07-19 00:50,S06,K0028,零食,2,20.67
2026-07-19 01:25,S06,K0021,饮料,2,60.24
2026-07-19 01:56,S06,K0019,日化,2,5.97
2026-07-19 01:59,S06,K0021,饮料,3,60.24
2026-07-19 01:54,S06,K0024,日化,2,26.35
2026-07-19 03:26,S06,K0028,零食,2,20.67
2026-07-19 03:44,S06,K0026,饮料,2,68.28
2026-07-19 03:10,S06,K0015,鲜食,1,13.89
2026-07-19 04:21,S06,K0034,日化,1,8.94
2026-07-19 04:35,S06,K0023,零食,3,28.83
2026-07-19 04:58,S06,K0007,乳品,2,23.8
2026-07-19 05:27,S06,K0012,乳品,1,3.21
2026-07-19 06:18,S06,K0032,乳品,3,42.96
2026-07-19 06:30,S06,K0037,乳品,3,11.1
2026-07-19 07:17,S06,K0010,鲜食,1,43.72
2026-07-19 07:29,S06,K0029,日化,2,59.08
2026-07-19 06:52,S06,K0038,零食,2,10.45
2026-07-19 08:17,S06,K0030,鲜食,1,22.79
2026-07-19 08:42,S06,K0024,日化,2,26.35
2026-07-19 08:28,S06,K0006,饮料,3,18.72
2026-07-19 09:24,S06,K0038,零食,3,10.45
2026-07-19 09:47,S06,K0029,日化,3,29.54
2026-07-19 09:27,S06,K0021,饮料,2,30.12
2026-07-19 09:17,S06,K0004,日化,1,38.34
2026-07-19 09:21,S06,K0006,饮料,3,9.36
2026-07-19 10:34,S06,K0016,饮料,2,15.96
2026-07-19 10:22,S06,K0034,日化,3,4.47
2026-07-19 11:47,S06,K0024,日化,2,52.7
2026-07-19 11:38,S06,K0027,乳品,2,15.11
2026-07-19 10:53,S06,K0022,乳品,2,22.32
2026-07-19 11:32,S06,K0036,饮料,2,24.52
2026-07-19 12:44,S06,K0039,日化,1,12.46
2026-07-19 12:26,S06,K0006,饮料,3,9.36
2026-07-19 12:08,S06,K0023,零食,3,57.66
2026-07-19 13:34,S06,K0039,日化,1,12.46
2026-07-19 13:13,S06,K0036,饮料,3,24.52
2026-07-19 13:54,S06,K0034,日化,3,8.94
2026-07-19 14:12,S06,K0033,零食,1,51.1
2026-07-18 22:02,S07,K0012,乳品,2,6.42
2026-07-18 22:03,S07,K0013,零食,1,28.79
2026-07-18 22:07,S07,K0005,鲜食,1,3.85
2026-07-18 22:45,S07,K0022,乳品,3,22.32
2026-07-18 22:13,S07,K0039,日化,1,6.23
2026-07-18 22:42,S07,K0012,乳品,3,3.21
2026-07-18 23:15,S07,K0003,零食,2,10.0
2026-07-18 23:28,S07,K0029,日化,2,59.08
2026-07-18 23:23,S07,K0015,鲜食,1,27.78
2026-07-18 23:46,S07,K0031,饮料,1,61.14
2026-07-18 23:17,S07,K0037,乳品,2,11.1
2026-07-18 23:21,S07,K0025,鲜食,3,40.32
2026-07-18 23:41,S07,K0011,饮料,1,28.9
2026-07-18 22:52,S07,K0017,乳品,3,67.26
2026-07-18 23:24,S07,K0024,日化,1,26.35
2026-07-19 00:37,S07,K0006,饮料,1,18.72
2026-07-19 00:46,S07,K0029,日化,3,29.54
2026-07-18 23:54,S07,K0028,零食,1,41.34
2026-07-19 00:48,S07,K0023,零食,1,57.66
2026-07-19 01:21,S07,K0026,饮料,2,34.14
2026-07-19 00:54,S07,K0025,鲜食,2,20.16
2026-07-19 02:48,S07,K0021,饮料,1,60.24
2026-07-19 01:57,S07,K0010,鲜食,1,43.72
2026-07-19 03:37,S07,K0009,日化,3,20.1
2026-07-19 03:28,S07,K0029,日化,1,29.54
2026-07-19 03:05,S07,K0002,乳品,1,3.95
2026-07-19 03:35,S07,K0036,饮料,3,24.52
2026-07-19 03:38,S07,K0008,零食,2,20.44
2026-07-19 02:56,S07,K0020,鲜食,1,6.09
2026-07-19 03:29,S07,K0027,乳品,3,30.22
2026-07-19 02:56,S07,K0005,鲜食,2,3.85
2026-07-19 03:25,S07,K0033,零食,1,25.55
2026-07-19 03:49,S07,K0028,零食,3,41.34
2026-07-19 04:25,S07,K0016,饮料,2,7.98
2026-07-19 04:22,S07,K0006,饮料,2,9.36
2026-07-19 04:23,S07,K0034,日化,3,4.47
2026-07-19 04:44,S07,K0025,鲜食,2,20.16
2026-07-19 04:12,S07,K0025,鲜食,2,20.16
2026-07-19 05:11,S07,K0005,鲜食,1,3.85
2026-07-19 05:36,S07,K0038,零食,2,10.45
2026-07-19 05:11,S07,K0003,零食,3,20.0
2026-07-19 05:42,S07,K0012,乳品,3,6.42
2026-07-19 06:40,S07,K0012,乳品,1,3.21
2026-07-19 05:51,S07,K0030,鲜食,2,22.79
2026-07-19 06:39,S07,K0003,零食,1,10.0
2026-07-19 06:48,S07,K0021,饮料,2,60.24
2026-07-19 06:19,S07,K0035,鲜食,2,10.29
2026-07-19 07:11,S07,K0019,日化,1,11.94
2026-07-19 06:56,S07,K0018,零食,2,27.54
2026-07-19 07:36,S07,K0026,饮料,2,68.28
2026-07-19 08:20,S07,K0012,乳品,3,6.42
2026-07-19 08:48,S07,K0024,日化,3,52.7
2026-07-19 08:35,S07,K0006,饮料,2,9.36
2026-07-19 08:27,S07,K0028,零食,1,41.34
2026-07-19 08:54,S07,K0007,乳品,2,47.6
2026-07-19 09:17,S07,K0020,鲜食,3,12.18
2026-07-19 09:33,S07,K0011,饮料,2,57.8
2026-07-19 08:51,S07,K0029,日化,3,59.08
2026-07-19 09:16,S07,K0040,鲜食,2,11.9
2026-07-19 09:31,S07,K0005,鲜食,3,7.7
2026-07-19 09:21,S07,K0024,日化,3,26.35
2026-07-19 10:43,S07,K0010,鲜食,3,43.72
2026-07-19 09:57,S07,K0003,零食,1,10.0
2026-07-19 11:13,S07,K0024,日化,3,26.35
2026-07-19 10:58,S07,K0039,日化,3,12.46
2026-07-19 11:12,S07,K0024,日化,2,26.35
2026-07-19 10:57,S07,K0037,乳品,3,11.1
2026-07-19 11:09,S07,K0026,饮料,3,68.28
2026-07-19 10:56,S07,K0016,饮料,1,7.98
2026-07-19 11:22,S07,K0032,乳品,2,21.48
2026-07-19 12:34,S07,K0017,乳品,2,33.63
2026-07-19 12:07,S07,K0040,鲜食,3,23.8
2026-07-19 11:56,S07,K0013,零食,1,28.79
2026-07-19 12:00,S07,K0029,日化,3,59.08
2026-07-19 13:31,S07,K0021,饮料,2,30.12
2026-07-19 13:23,S07,K0036,饮料,2,24.52
2026-07-19 14:39,S07,K0012,乳品,2,3.21
2026-07-19 14:01,S07,K0008,零食,1,20.44
2026-07-19 13:50,S07,K0032,乳品,2,42.96
2026-07-18 21:57,S08,K0036,饮料,3,12.26
2026-07-18 22:08,S08,K0005,鲜食,2,7.7
2026-07-18 22:15,S08,K0034,日化,2,4.47
2026-07-18 22:09,S08,K0009,日化,3,10.05
2026-07-18 22:18,S08,K0029,日化,3,59.08
2026-07-18 23:29,S08,K0036,饮料,3,12.26
2026-07-18 23:16,S08,K0009,日化,3,10.05
2026-07-18 23:22,S08,K0008,零食,1,40.88
2026-07-19 00:09,S08,K0011,饮料,3,28.9
2026-07-19 00:22,S08,K0023,零食,2,28.83
2026-07-19 01:29,S08,K0013,零食,3,57.58
2026-07-19 01:29,S08,K0009,日化,2,10.05
2026-07-19 01:30,S08,K0033,零食,1,25.55
2026-07-19 02:35,S08,K0040,鲜食,3,23.8
2026-07-19 01:51,S08,K0037,乳品,1,5.55
2026-07-19 03:05,S08,K0037,乳品,3,5.55
2026-07-19 03:15,S08,K0037,乳品,3,5.55
2026-07-19 04:07,S08,K0035,鲜食,3,20.58
2026-07-19 04:04,S08,K0031,饮料,3,61.14
2026-07-19 04:18,S08,K0020,鲜食,1,6.09
2026-07-19 04:17,S08,K0011,饮料,2,57.8
2026-07-19 04:02,S08,K0030,鲜食,2,22.79
2026-07-19 05:35,S08,K0021,饮料,2,60.24
2026-07-19 05:37,S08,K0009,日化,2,10.05
2026-07-19 05:04,S08,K0021,饮料,2,30.12
2026-07-19 06:04,S08,K0029,日化,1,29.54
2026-07-19 06:07,S08,K0004,日化,2,38.34
2026-07-19 06:44,S08,K0016,饮料,1,15.96
2026-07-19 07:01,S08,K0021,饮料,1,60.24
2026-07-19 07:18,S08,K0033,零食,2,51.1
2026-07-19 06:50,S08,K0032,乳品,1,42.96
2026-07-19 07:18,S08,K0033,零食,1,25.55
2026-07-19 07:52,S08,K0023,零食,1,57.66
2026-07-19 08:27,S08,K0032,乳品,3,42.96
2026-07-19 08:23,S08,K0019,日化,1,5.97
2026-07-19 07:57,S08,K0028,零食,2,41.34
2026-07-19 09:12,S08,K0026,饮料,1,68.28
2026-07-19 09:25,S08,K0004,日化,3,19.17
2026-07-19 09:24,S08,K0024,日化,2,26.35
2026-07-19 09:21,S08,K0025,鲜食,2,40.32
2026-07-19 09:32,S08,K0040,鲜食,3,11.9
2026-07-19 08:55,S08,K0009,日化,2,20.1
2026-07-19 09:24,S08,K0022,乳品,2,22.32
2026-07-19 09:27,S08,K0013,零食,3,57.58
2026-07-19 09:51,S08,K0003,零食,1,10.0
2026-07-19 10:40,S08,K0022,乳品,2,44.64
2026-07-19 10:27,S08,K0010,鲜食,3,21.86
2026-07-19 10:48,S08,K0021,饮料,3,60.24
2026-07-19 10:14,S08,K0011,饮料,3,57.8
2026-07-19 10:10,S08,K0038,零食,3,20.9
2026-07-19 11:08,S08,K0037,乳品,2,5.55
2026-07-19 11:10,S08,K0024,日化,3,26.35
2026-07-19 11:26,S08,K0027,乳品,2,15.11
2026-07-19 11:19,S08,K0039,日化,2,6.23
2026-07-19 11:26,S08,K0004,日化,2,19.17
2026-07-19 11:29,S08,K0034,日化,3,8.94
2026-07-19 11:41,S08,K0010,鲜食,3,21.86
2026-07-19 12:33,S08,K0037,乳品,1,5.55
2026-07-19 12:17,S08,K0002,乳品,2,7.9
2026-07-19 13:33,S08,K0027,乳品,1,30.22
2026-07-19 13:38,S08,K0033,零食,3,51.1
2026-07-19 14:34,S08,K0004,日化,1,19.17
2026-07-19 14:09,S08,K0036,饮料,3,24.52
2026-07-19 14:13,S08,K0034,日化,2,4.47
2026-07-19 14:47,S08,K0030,鲜食,3,45.58
2026-07-18 22:28,S09,K0017,乳品,2,33.63
2026-07-18 22:06,S09,K0016,饮料,3,15.96
2026-07-18 22:08,S09,K0015,鲜食,2,13.89
2026-07-18 22:09,S09,K0032,乳品,2,42.96
2026-07-18 22:56,S09,K0019,日化,3,11.94
2026-07-18 23:41,S09,K0026,饮料,2,34.14
2026-07-18 22:51,S09,K0019,日化,2,5.97
2026-07-18 23:48,S09,K0023,零食,2,57.66
2026-07-19 00:01,S09,K0014,日化,3,50.68
2026-07-19 00:33,S09,K0036,饮料,2,12.26
2026-07-19 00:28,S09,K0007,乳品,3,23.8
2026-07-19 01:31,S09,K0004,日化,3,19.17
2026-07-19 00:52,S09,K0015,鲜食,1,27.78
2026-07-19 01:55,S09,K0031,饮料,3,30.57
2026-07-19 02:24,S09,K0001,饮料,1,33.0
2026-07-19 02:19,S09,K0031,饮料,3,30.57
2026-07-19 03:07,S09,K0021,饮料,3,30.12
2026-07-19 03:30,S09,K0006,饮料,3,9.36
2026-07-19 03:36,S09,K0035,鲜食,3,10.29
2026-07-19 03:15,S09,K0012,乳品,1,3.21
2026-07-19 04:00,S09,K0032,乳品,3,42.96
2026-07-19 03:49,S09,K0003,零食,2,10.0
2026-07-19 04:07,S09,K0022,乳品,2,44.64
2026-07-19 04:43,S09,K0009,日化,3,20.1
2026-07-19 04:01,S09,K0018,零食,1,27.54
2026-07-19 05:30,S09,K0030,鲜食,2,22.79
2026-07-19 05:36,S09,K0001,饮料,2,33.0
2026-07-19 06:28,S09,K0012,乳品,3,6.42
2026-07-19 06:21,S09,K0028,零食,2,20.67
2026-07-19 07:00,S09,K0007,乳品,1,47.6
2026-07-19 07:48,S09,K0021,饮料,1,30.12
2026-07-19 07:13,S09,K0017,乳品,1,67.26
2026-07-19 08:08,S09,K0022,乳品,3,22.32
2026-07-19 08:30,S09,K0017,乳品,2,33.63
2026-07-19 08:31,S09,K0004,日化,1,38.34
2026-07-19 09:14,S09,K0011,饮料,3,57.8
2026-07-19 09:29,S09,K0008,零食,2,40.88
2026-07-19 09:03,S09,K0040,鲜食,1,11.9
2026-07-19 08:58,S09,K0031,饮料,2,61.14
2026-07-19 10:47,S09,K0036,饮料,2,12.26
2026-07-19 10:32,S09,K0016,饮料,3,7.98
2026-07-19 10:17,S09,K0034,日化,3,8.94
2026-07-19 10:47,S09,K0005,鲜食,3,3.85
2026-07-19 10:42,S09,K0004,日化,3,19.17
2026-07-19 10:58,S09,K0035,鲜食,1,20.58
2026-07-19 11:17,S09,K0034,日化,1,4.47
2026-07-19 11:20,S09,K0038,零食,1,20.9
2026-07-19 11:18,S09,K0004,日化,1,38.34
2026-07-19 11:25,S09,K0030,鲜食,1,45.58
2026-07-19 11:35,S09,K0020,鲜食,1,12.18
2026-07-19 12:36,S09,K0001,饮料,1,16.5
2026-07-19 12:16,S09,K0003,零食,2,10.0
2026-07-19 11:52,S09,K0035,鲜食,1,20.58
2026-07-19 13:15,S09,K0019,日化,1,5.97
2026-07-19 13:12,S09,K0027,乳品,2,30.22
2026-07-19 13:54,S09,K0025,鲜食,3,20.16
2026-07-19 13:56,S09,K0023,零食,1,57.66
2026-07-19 13:57,S09,K0034,日化,3,4.47
2026-07-18 22:08,S10,K0002,乳品,2,7.9
2026-07-18 22:13,S10,K0035,鲜食,1,10.29
2026-07-18 22:58,S10,K0023,零食,2,28.83
2026-07-18 22:51,S10,K0008,零食,3,40.88
2026-07-18 23:38,S10,K0040,鲜食,1,11.9
2026-07-18 22:53,S10,K0014,日化,1,25.34
2026-07-18 23:27,S10,K0029,日化,3,29.54
2026-07-18 23:36,S10,K0016,饮料,1,15.96
2026-07-18 23:03,S10,K0029,日化,3,29.54
2026-07-18 22:57,S10,K0004,日化,3,38.34
2026-07-18 23:41,S10,K0015,鲜食,3,27.78
2026-07-19 00:08,S10,K0016,饮料,1,7.98
2026-07-19 00:08,S10,K0027,乳品,2,15.11
2026-07-19 00:26,S10,K0036,饮料,3,12.26
2026-07-19 00:24,S10,K0028,零食,2,20.67
2026-07-19 01:39,S10,K0025,鲜食,3,40.32
2026-07-19 01:15,S10,K0027,乳品,1,30.22
2026-07-19 01:00,S10,K0025,鲜食,3,40.32
2026-07-19 01:43,S10,K0016,饮料,1,15.96
2026-07-19 02:47,S10,K0030,鲜食,1,45.58
2026-07-19 02:24,S10,K0027,乳品,3,15.11
2026-07-19 02:04,S10,K0025,鲜食,2,20.16
2026-07-19 03:48,S10,K0006,饮料,2,18.72
2026-07-19 03:23,S10,K0006,饮料,3,9.36
2026-07-19 03:06,S10,K0004,日化,2,19.17
2026-07-19 03:01,S10,K0005,鲜食,3,3.85
2026-07-19 03:02,S10,K0031,饮料,2,61.14
2026-07-19 03:02,S10,K0001,饮料,1,16.5
2026-07-19 03:47,S10,K0031,饮料,1,30.57
2026-07-19 04:24,S10,K0016,饮料,2,15.96
2026-07-19 04:18,S10,K0025,鲜食,3,40.32
2026-07-19 04:05,S10,K0020,鲜食,2,12.18
2026-07-19 03:55,S10,K0030,鲜食,3,45.58
2026-07-19 04:47,S10,K0021,饮料,1,60.24
2026-07-19 04:15,S10,K0021,饮料,1,30.12
2026-07-19 03:50,S10,K0010,鲜食,2,43.72
2026-07-19 03:58,S10,K0019,日化,1,11.94
2026-07-19 05:25,S10,K0025,鲜食,1,40.32
2026-07-19 05:30,S10,K0036,饮料,3,24.52
2026-07-19 05:37,S10,K0017,乳品,2,67.26
2026-07-19 06:35,S10,K0011,饮料,2,28.9
2026-07-19 06:35,S10,K0009,日化,3,20.1
2026-07-19 06:47,S10,K0012,乳品,3,3.21
2026-07-19 05:51,S10,K0034,日化,1,4.47
2026-07-19 06:15,S10,K0001,饮料,1,16.5
2026-07-19 06:49,S10,K0010,鲜食,1,43.72
2026-07-19 06:52,S10,K0024,日化,3,52.7
2026-07-19 07:49,S10,K0002,乳品,3,7.9
2026-07-19 07:50,S10,K0001,饮料,3,33.0
2026-07-19 08:07,S10,K0035,鲜食,1,20.58
2026-07-19 07:55,S10,K0012,乳品,1,3.21
2026-07-19 08:01,S10,K0016,饮料,3,15.96
2026-07-19 09:39,S10,K0018,零食,2,13.77
2026-07-19 09:14,S10,K0024,日化,2,26.35
2026-07-19 09:08,S10,K0015,鲜食,3,13.89
2026-07-19 08:54,S10,K0003,零食,2,20.0
2026-07-19 09:24,S10,K0025,鲜食,2,20.16
2026-07-19 09:33,S10,K0001,饮料,1,16.5
2026-07-19 09:43,S10,K0032,乳品,2,42.96
2026-07-19 10:46,S10,K0007,乳品,3,23.8
2026-07-19 10:02,S10,K0015,鲜食,3,27.78
2026-07-19 09:51,S10,K0018,零食,1,27.54
2026-07-19 10:25,S10,K0035,鲜食,3,10.29
2026-07-19 10:48,S10,K0012,乳品,2,3.21
2026-07-19 10:26,S10,K0014,日化,1,50.68
2026-07-19 10:08,S10,K0005,鲜食,1,3.85
2026-07-19 10:42,S10,K0037,乳品,2,11.1
2026-07-19 10:37,S10,K0025,鲜食,3,20.16
2026-07-19 10:21,S10,K0006,饮料,3,18.72
2026-07-19 09:55,S10,K0004,日化,2,19.17
2026-07-19 11:27,S10,K0022,乳品,3,44.64
2026-07-19 10:50,S10,K0021,饮料,3,60.24
2026-07-19 11:20,S10,K0029,日化,1,59.08
2026-07-19 12:00,S10,K0028,零食,3,41.34
2026-07-19 12:38,S10,K0006,饮料,3,18.72
2026-07-19 12:34,S10,K0016,饮料,1,7.98
2026-07-19 11:58,S10,K0018,零食,2,13.77
2026-07-19 12:09,S10,K0025,鲜食,2,20.16
2026-07-19 13:08,S10,K0001,饮料,2,33.0
2026-07-19 12:55,S10,K0018,零食,1,13.77
2026-07-19 14:17,S10,K0028,零食,3,41.34
2026-07-19 13:50,S10,K0007,乳品,1,47.6
2026-07-19 13:54,S10,K0036,饮料,3,24.52
2026-07-18 22:07,S11,K0001,饮料,2,33.0
2026-07-18 22:35,S11,K0006,饮料,3,9.36
2026-07-18 22:22,S11,K0037,乳品,1,11.1
2026-07-18 21:57,S11,K0011,饮料,2,57.8
2026-07-18 22:20,S11,K0018,零食,1,13.77
2026-07-18 23:06,S11,K0028,零食,2,41.34
2026-07-18 23:39,S11,K0031,饮料,1,61.14
2026-07-18 23:04,S11,K0017,乳品,3,67.26
2026-07-19 00:01,S11,K0040,鲜食,2,11.9
2026-07-19 00:08,S11,K0009,日化,1,20.1
2026-07-19 00:42,S11,K0022,乳品,3,44.64
2026-07-19 00:17,S11,K0022,乳品,2,44.64
2026-07-19 00:57,S11,K0039,日化,2,12.46
2026-07-19 01:33,S11,K0039,日化,1,12.46
2026-07-19 01:00,S11,K0021,饮料,2,60.24
2026-07-19 01:36,S11,K0019,日化,3,11.94
2026-07-19 02:09,S11,K0016,饮料,2,15.96
2026-07-19 02:12,S11,K0026,饮料,1,34.14
2026-07-19 02:23,S11,K0038,零食,1,10.45
2026-07-19 02:34,S11,K0030,鲜食,1,45.58
2026-07-19 03:41,S11,K0005,鲜食,2,7.7
2026-07-19 03:29,S11,K0009,日化,2,10.05
2026-07-19 03:31,S11,K0017,乳品,1,67.26
2026-07-19 02:53,S11,K0025,鲜食,2,40.32
2026-07-19 04:23,S11,K0026,饮料,3,68.28
2026-07-19 03:51,S11,K0035,鲜食,2,10.29
2026-07-19 04:38,S11,K0007,乳品,1,47.6
2026-07-19 04:30,S11,K0011,饮料,3,28.9
2026-07-19 04:30,S11,K0037,乳品,3,11.1
2026-07-19 04:39,S11,K0022,乳品,2,22.32
2026-07-19 05:05,S11,K0007,乳品,1,23.8
2026-07-19 05:12,S11,K0029,日化,2,59.08
2026-07-19 06:33,S11,K0038,零食,3,10.45
2026-07-19 05:50,S11,K0023,零食,2,28.83
2026-07-19 06:15,S11,K0019,日化,1,5.97
2026-07-19 06:11,S11,K0010,鲜食,2,43.72
2026-07-19 07:22,S11,K0014,日化,2,50.68
2026-07-19 06:55,S11,K0031,饮料,2,61.14
2026-07-19 06:53,S11,K0021,饮料,2,30.12
2026-07-19 07:50,S11,K0008,零食,2,20.44
2026-07-19 08:48,S11,K0011,饮料,3,28.9
2026-07-19 08:00,S11,K0034,日化,3,4.47
2026-07-19 08:24,S11,K0022,乳品,2,44.64
2026-07-19 09:29,S11,K0026,饮料,1,34.14
2026-07-19 09:14,S11,K0028,零食,1,20.67
2026-07-19 09:26,S11,K0029,日化,2,59.08
2026-07-19 10:02,S11,K0014,日化,2,25.34
2026-07-19 09:55,S11,K0037,乳品,3,5.55
2026-07-19 11:01,S11,K0021,饮料,2,30.12
2026-07-19 11:31,S11,K0017,乳品,2,67.26
2026-07-19 11:13,S11,K0039,日化,3,12.46
2026-07-19 10:56,S11,K0038,零食,2,20.9
2026-07-19 12:00,S11,K0040,鲜食,3,23.8
2026-07-19 12:26,S11,K0040,鲜食,1,11.9
2026-07-19 11:56,S11,K0021,饮料,1,60.24
2026-07-19 13:12,S11,K0012,乳品,3,3.21
2026-07-19 13:13,S11,K0033,零食,2,25.55
2026-07-19 14:16,S11,K0025,鲜食,1,40.32
2026-07-19 14:33,S11,K0035,鲜食,3,10.29
2026-07-19 13:59,S11,K0036,饮料,2,24.52
2026-07-19 14:00,S11,K0009,日化,2,20.1
2026-07-18 21:49,S12,K0023,零食,2,28.83
2026-07-18 22:41,S12,K0013,零食,2,57.58
2026-07-18 23:15,S12,K0032,乳品,3,42.96
2026-07-18 22:59,S12,K0032,乳品,1,21.48
2026-07-18 23:07,S12,K0015,鲜食,1,27.78
2026-07-18 23:23,S12,K0015,鲜食,2,13.89
2026-07-18 23:25,S12,K0030,鲜食,3,45.58
2026-07-18 23:56,S12,K0037,乳品,2,11.1
2026-07-19 00:41,S12,K0035,鲜食,1,20.58
2026-07-19 00:55,S12,K0028,零食,3,20.67
2026-07-19 01:44,S12,K0020,鲜食,1,12.18
2026-07-19 02:44,S12,K0023,零食,1,57.66
2026-07-19 02:38,S12,K0008,零食,1,20.44
2026-07-19 02:33,S12,K0038,零食,2,20.9
2026-07-19 02:57,S12,K0040,鲜食,1,11.9
2026-07-19 03:25,S12,K0004,日化,2,38.34
2026-07-19 03:23,S12,K0039,日化,1,12.46
2026-07-19 04:25,S12,K0019,日化,2,5.97
2026-07-19 04:37,S12,K0009,日化,2,10.05
2026-07-19 04:44,S12,K0018,零食,3,13.77
2026-07-19 04:04,S12,K0009,日化,1,20.1
2026-07-19 05:20,S12,K0026,饮料,1,68.28
2026-07-19 05:13,S12,K0027,乳品,2,15.11
2026-07-19 06:21,S12,K0026,饮料,3,68.28
2026-07-19 06:18,S12,K0024,日化,2,52.7
2026-07-19 07:35,S12,K0006,饮料,2,18.72
2026-07-19 07:39,S12,K0005,鲜食,3,7.7
2026-07-19 08:41,S12,K0028,零食,1,41.34
2026-07-19 08:09,S12,K0018,零食,2,27.54
2026-07-19 08:57,S12,K0037,乳品,3,11.1
2026-07-19 09:46,S12,K0022,乳品,3,22.32
2026-07-19 08:55,S12,K0003,零食,3,20.0
2026-07-19 08:56,S12,K0002,乳品,1,7.9
2026-07-19 08:49,S12,K0030,鲜食,2,22.79
2026-07-19 09:45,S12,K0009,日化,3,20.1
2026-07-19 09:54,S12,K0018,零食,3,27.54
2026-07-19 09:54,S12,K0017,乳品,2,33.63
2026-07-19 10:14,S12,K0004,日化,3,38.34
2026-07-19 11:30,S12,K0028,零食,1,20.67
2026-07-19 11:02,S12,K0001,饮料,2,16.5
2026-07-19 11:26,S12,K0009,日化,1,20.1
2026-07-19 12:33,S12,K0001,饮料,2,16.5
2026-07-19 12:33,S12,K0028,零食,1,41.34
2026-07-19 13:13,S12,K0015,鲜食,1,13.89
2026-07-19 13:09,S12,K0007,乳品,2,47.6
2026-07-19 14:38,S12,K0025,鲜食,1,20.16
2026-07-19 14:22,S12,K0005,鲜食,3,3.85
2026-07-19 22:11,S01,K0029,日化,3,29.54
2026-07-19 22:47,S01,K0010,鲜食,2,43.72
2026-07-19 21:54,S01,K0014,日化,1,25.34
2026-07-19 22:26,S01,K0008,零食,3,40.88
2026-07-19 23:09,S01,K0028,零食,1,20.67
2026-07-19 23:30,S01,K0018,零食,1,13.77
2026-07-19 23:27,S01,K0036,饮料,3,24.52
2026-07-19 23:43,S01,K0002,乳品,3,7.9
2026-07-19 23:22,S01,K0014,日化,3,25.34
2026-07-19 23:07,S01,K0026,饮料,3,34.14
2026-07-19 23:20,S01,K0016,饮料,2,7.98
2026-07-20 00:29,S01,K0032,乳品,3,21.48
2026-07-20 00:45,S01,K0034,日化,1,8.94
2026-07-19 23:57,S01,K0021,饮料,2,60.24
2026-07-20 01:32,S01,K0035,鲜食,1,20.58
2026-07-20 00:50,S01,K0005,鲜食,3,3.85
2026-07-20 01:05,S01,K0001,饮料,1,16.5
2026-07-20 01:39,S01,K0004,日化,2,38.34
2026-07-20 02:33,S01,K0028,零食,2,20.67
2026-07-20 02:23,S01,K0035,鲜食,3,10.29
2026-07-20 01:54,S01,K0018,零食,2,13.77
2026-07-20 02:47,S01,K0033,零食,1,25.55
2026-07-20 02:09,S01,K0035,鲜食,2,10.29
2026-07-20 03:35,S01,K0028,零食,1,20.67
2026-07-20 02:54,S01,K0016,饮料,2,7.98
2026-07-20 03:28,S01,K0030,鲜食,3,22.79
2026-07-20 03:31,S01,K0020,鲜食,3,6.09
2026-07-20 02:49,S01,K0008,零食,3,20.44
2026-07-20 02:59,S01,K0001,饮料,2,33.0
2026-07-20 04:12,S01,K0011,饮料,1,57.8
2026-07-20 04:38,S01,K0008,零食,1,40.88
2026-07-20 04:06,S01,K0028,零食,3,20.67
2026-07-20 04:34,S01,K0017,乳品,3,33.63
2026-07-20 04:18,S01,K0032,乳品,3,42.96
2026-07-20 04:20,S01,K0004,日化,3,19.17
2026-07-20 05:05,S01,K0011,饮料,1,28.9
2026-07-20 05:36,S01,K0015,鲜食,3,13.89
2026-07-20 05:43,S01,K0003,零食,1,10.0
2026-07-20 05:19,S01,K0003,零食,2,20.0
2026-07-20 06:48,S01,K0012,乳品,1,6.42
2026-07-20 06:09,S01,K0015,鲜食,1,27.78
2026-07-20 06:06,S01,K0021,饮料,1,60.24
2026-07-20 07:32,S01,K0033,零食,1,25.55
2026-07-20 07:40,S01,K0015,鲜食,3,13.89
2026-07-20 08:45,S01,K0005,鲜食,2,7.7
2026-07-20 08:09,S01,K0020,鲜食,1,12.18
2026-07-20 08:12,S01,K0001,饮料,1,33.0
2026-07-20 08:39,S01,K0037,乳品,2,5.55
2026-07-20 08:12,S01,K0030,鲜食,3,45.58
2026-07-20 09:37,S01,K0035,鲜食,1,10.29
2026-07-20 09:48,S01,K0001,饮料,2,16.5
2026-07-20 09:23,S01,K0015,鲜食,2,13.89
2026-07-20 08:49,S01,K0022,乳品,3,44.64
2026-07-20 08:55,S01,K0020,鲜食,1,6.09
2026-07-20 09:52,S01,K0032,乳品,1,42.96
2026-07-20 09:51,S01,K0006,饮料,1,18.72
2026-07-20 10:18,S01,K0024,日化,3,26.35
2026-07-20 09:55,S01,K0038,零食,3,10.45
2026-07-20 09:53,S01,K0026,饮料,3,34.14
2026-07-20 10:31,S01,K0028,零食,1,20.67
2026-07-20 10:05,S01,K0019,日化,2,11.94
2026-07-20 10:09,S01,K0021,饮料,2,60.24
2026-07-20 11:01,S01,K0005,鲜食,1,3.85
2026-07-20 10:55,S01,K0010,鲜食,1,43.72
2026-07-20 11:09,S01,K0030,鲜食,2,22.79
2026-07-20 11:11,S01,K0035,鲜食,1,20.58
2026-07-20 11:18,S01,K0020,鲜食,2,6.09
2026-07-20 12:40,S01,K0011,饮料,3,57.8
2026-07-20 11:51,S01,K0039,日化,1,12.46
2026-07-20 13:34,S01,K0006,饮料,1,18.72
2026-07-20 13:21,S01,K0026,饮料,1,68.28
2026-07-20 13:41,S01,K0017,乳品,1,33.63
2026-07-20 14:24,S01,K0029,日化,3,29.54
2026-07-20 14:18,S01,K0007,乳品,1,23.8
2026-07-20 13:49,S01,K0008,零食,1,20.44
2026-07-20 14:01,S01,K0009,日化,2,20.1
2026-07-20 14:26,S01,K0006,饮料,3,18.72
2026-07-19 21:53,S02,K0002,乳品,1,7.9
2026-07-19 21:54,S02,K0009,日化,2,10.05
2026-07-19 22:52,S02,K0030,鲜食,1,45.58
2026-07-19 23:20,S02,K0026,饮料,1,68.28
2026-07-20 00:00,S02,K0028,零食,2,20.67
2026-07-20 00:06,S02,K0012,乳品,2,6.42
2026-07-19 23:51,S02,K0010,鲜食,3,21.86
2026-07-20 00:20,S02,K0019,日化,2,11.94
2026-07-20 01:06,S02,K0006,饮料,2,9.36
2026-07-20 01:01,S02,K0027,乳品,3,15.11
2026-07-20 02:39,S02,K0035,鲜食,1,20.58
2026-07-20 02:19,S02,K0023,零食,3,57.66
2026-07-20 02:47,S02,K0023,零食,3,57.66
2026-07-20 02:06,S02,K0025,鲜食,1,20.16
2026-07-20 03:03,S02,K0039,日化,1,12.46
2026-07-20 03:40,S02,K0004,日化,2,38.34
2026-07-20 03:03,S02,K0038,零食,1,10.45
2026-07-20 03:31,S02,K0016,饮料,1,15.96
2026-07-20 04:37,S02,K0004,日化,1,38.34
2026-07-20 04:48,S02,K0023,零食,1,28.83
2026-07-20 04:26,S02,K0016,饮料,2,15.96
2026-07-20 03:50,S02,K0038,零食,3,20.9
2026-07-20 04:25,S02,K0037,乳品,1,5.55
2026-07-20 04:23,S02,K0032,乳品,2,21.48
2026-07-20 04:54,S02,K0003,零食,1,10.0
2026-07-20 05:03,S02,K0039,日化,1,12.46
2026-07-20 05:10,S02,K0001,饮料,3,16.5
2026-07-20 06:34,S02,K0022,乳品,1,44.64
2026-07-20 05:50,S02,K0004,日化,1,19.17
2026-07-20 07:44,S02,K0034,日化,2,4.47
2026-07-20 07:34,S02,K0024,日化,3,52.7
2026-07-20 08:10,S02,K0007,乳品,2,47.6
2026-07-20 07:59,S02,K0009,日化,3,20.1
2026-07-20 08:30,S02,K0032,乳品,2,21.48
2026-07-20 08:33,S02,K0036,饮料,3,24.52
2026-07-20 09:41,S02,K0038,零食,1,20.9
2026-07-20 09:35,S02,K0020,鲜食,3,12.18
2026-07-20 09:00,S02,K0009,日化,3,10.05
2026-07-20 10:14,S02,K0037,乳品,3,5.55
2026-07-20 10:27,S02,K0012,乳品,2,3.21
2026-07-20 09:55,S02,K0037,乳品,2,5.55
2026-07-20 10:36,S02,K0022,乳品,1,22.32
2026-07-20 10:09,S02,K0023,零食,1,28.83
2026-07-20 10:17,S02,K0022,乳品,1,44.64
2026-07-20 10:04,S02,K0014,日化,3,25.34
2026-07-20 11:39,S02,K0017,乳品,1,33.63
2026-07-20 11:13,S02,K0004,日化,2,38.34
2026-07-20 11:45,S02,K0011,饮料,2,57.8
2026-07-20 11:11,S02,K0025,鲜食,3,40.32
2026-07-20 12:39,S02,K0031,饮料,3,30.57
2026-07-20 12:17,S02,K0011,饮料,1,28.9
2026-07-20 13:09,S02,K0002,乳品,2,3.95
2026-07-20 13:10,S02,K0005,鲜食,1,7.7
2026-07-20 13:35,S02,K0011,饮料,1,28.9
2026-07-20 14:28,S02,K0039,日化,2,6.23
2026-07-20 14:30,S02,K0028,零食,1,41.34
2026-07-20 13:52,S02,K0011,饮料,1,57.8
2026-07-19 22:15,S03,K0013,零食,3,57.58
2026-07-19 22:08,S03,K0019,日化,1,5.97
2026-07-19 22:14,S03,K0004,日化,3,38.34
2026-07-19 23:12,S03,K0004,日化,1,38.34
2026-07-19 23:07,S03,K0006,饮料,3,18.72
2026-07-19 22:55,S03,K0013,零食,1,28.79
2026-07-19 23:54,S03,K0019,日化,2,5.97
2026-07-20 00:39,S03,K0020,鲜食,2,12.18
2026-07-20 00:54,S03,K0017,乳品,3,67.26
2026-07-20 01:12,S03,K0012,乳品,2,6.42
2026-07-20 01:17,S03,K0012,乳品,1,6.42
2026-07-20 02:05,S03,K0030,鲜食,1,45.58
2026-07-20 01:52,S03,K0037,乳品,1,5.55
2026-07-20 02:31,S03,K0006,饮料,2,18.72
2026-07-20 02:52,S03,K0036,饮料,2,24.52
2026-07-20 03:32,S03,K0035,鲜食,2,10.29
2026-07-20 03:08,S03,K0031,饮料,1,61.14
2026-07-20 04:25,S03,K0033,零食,3,25.55
2026-07-20 04:37,S03,K0008,零食,2,20.44
2026-07-20 05:40,S03,K0014,日化,1,25.34
2026-07-20 05:16,S03,K0003,零食,1,20.0
2026-07-20 06:42,S03,K0010,鲜食,3,43.72
2026-07-20 06:47,S03,K0021,饮料,3,30.12
2026-07-20 07:24,S03,K0025,鲜食,2,40.32
2026-07-20 07:22,S03,K0018,零食,2,13.77
2026-07-20 08:15,S03,K0008,零食,1,20.44
2026-07-20 08:26,S03,K0037,乳品,3,5.55
2026-07-20 08:25,S03,K0007,乳品,1,47.6
2026-07-20 09:45,S03,K0023,零食,2,57.66
2026-07-20 09:30,S03,K0025,鲜食,2,40.32
2026-07-20 09:00,S03,K0003,零食,2,20.0
2026-07-20 09:28,S03,K0010,鲜食,3,43.72
2026-07-20 09:14,S03,K0003,零食,2,10.0
2026-07-20 09:36,S03,K0004,日化,2,38.34
2026-07-20 10:10,S03,K0002,乳品,2,7.9
2026-07-20 10:42,S03,K0018,零食,2,13.77
2026-07-20 09:57,S03,K0015,鲜食,2,27.78
2026-07-20 10:06,S03,K0021,饮料,3,60.24
2026-07-20 11:01,S03,K0006,饮料,2,9.36
2026-07-20 11:36,S03,K0027,乳品,2,30.22
2026-07-20 11:21,S03,K0004,日化,1,19.17
2026-07-20 11:34,S03,K0020,鲜食,3,12.18
2026-07-20 11:38,S03,K0009,日化,3,10.05
2026-07-20 11:01,S03,K0012,乳品,1,3.21
2026-07-20 12:18,S03,K0003,零食,1,20.0
2026-07-20 12:06,S03,K0013,零食,2,57.58
2026-07-20 13:32,S03,K0008,零食,1,20.44
2026-07-20 13:20,S03,K0024,日化,3,52.7
2026-07-20 13:44,S03,K0012,乳品,2,6.42
2026-07-20 14:42,S03,K0011,饮料,2,28.9
2026-07-20 13:50,S03,K0019,日化,2,5.97
2026-07-20 14:43,S03,K0011,饮料,3,28.9
2026-07-19 22:32,S04,K0015,鲜食,1,27.78
2026-07-19 22:21,S04,K0027,乳品,1,15.11
2026-07-19 22:47,S04,K0031,饮料,1,30.57
2026-07-19 22:40,S04,K0039,日化,1,6.23
2026-07-19 22:27,S04,K0017,乳品,2,67.26
2026-07-19 23:43,S04,K0025,鲜食,2,40.32
2026-07-19 23:02,S04,K0017,乳品,2,67.26
2026-07-19 23:41,S04,K0034,日化,3,8.94
2026-07-19 22:55,S04,K0038,零食,1,20.9
2026-07-19 23:30,S04,K0036,饮料,3,24.52
2026-07-19 23:32,S04,K0020,鲜食,1,12.18
2026-07-19 23:10,S04,K0005,鲜食,2,7.7
2026-07-19 23:05,S04,K0018,零食,3,27.54
2026-07-20 00:22,S04,K0010,鲜食,1,21.86
2026-07-20 00:14,S04,K0039,日化,3,12.46
2026-07-20 00:35,S04,K0009,日化,1,20.1
2026-07-20 01:47,S04,K0017,乳品,2,67.26
2026-07-20 01:36,S04,K0025,鲜食,1,20.16
2026-07-20 01:35,S04,K0022,乳品,3,22.32
2026-07-20 01:29,S04,K0035,鲜食,2,20.58
2026-07-20 02:42,S04,K0011,饮料,3,28.9
2026-07-20 01:55,S04,K0019,日化,2,5.97
2026-07-20 02:35,S04,K0017,乳品,3,33.63
2026-07-20 02:30,S04,K0022,乳品,1,22.32
2026-07-20 03:36,S04,K0015,鲜食,2,27.78
2026-07-20 03:12,S04,K0022,乳品,2,44.64
2026-07-20 03:43,S04,K0030,鲜食,1,45.58
2026-07-20 03:44,S04,K0004,日化,3,19.17
2026-07-20 03:45,S04,K0031,饮料,1,30.57
2026-07-20 03:22,S04,K0025,鲜食,2,40.32
2026-07-20 03:44,S04,K0004,日化,1,19.17
2026-07-20 04:15,S04,K0022,乳品,3,44.64
2026-07-20 04:09,S04,K0010,鲜食,3,21.86
2026-07-20 04:20,S04,K0006,饮料,2,9.36
2026-07-20 04:29,S04,K0021,饮料,1,30.12
2026-07-20 04:06,S04,K0029,日化,1,29.54
2026-07-20 05:39,S04,K0032,乳品,1,21.48
2026-07-20 05:16,S04,K0040,鲜食,3,23.8
2026-07-20 05:16,S04,K0026,饮料,2,68.28
2026-07-20 06:23,S04,K0003,零食,1,20.0
2026-07-20 06:46,S04,K0001,饮料,2,16.5
2026-07-20 07:29,S04,K0001,饮料,3,16.5
2026-07-20 07:33,S04,K0015,鲜食,2,27.78
2026-07-20 08:13,S04,K0007,乳品,3,47.6
2026-07-20 07:53,S04,K0011,饮料,1,57.8
2026-07-20 08:18,S04,K0019,日化,3,11.94
2026-07-20 09:10,S04,K0009,日化,2,20.1
2026-07-20 08:59,S04,K0013,零食,2,28.79
2026-07-20 09:03,S04,K0015,鲜食,3,13.89
2026-07-20 09:35,S04,K0014,日化,1,25.34
2026-07-20 09:12,S04,K0008,零食,3,20.44
2026-07-20 09:45,S04,K0025,鲜食,3,40.32
2026-07-20 09:28,S04,K0035,鲜食,1,10.29
2026-07-20 09:30,S04,K0007,乳品,1,23.8
2026-07-20 10:17,S04,K0027,乳品,2,15.11
2026-07-20 10:05,S04,K0036,饮料,2,12.26
2026-07-20 10:33,S04,K0014,日化,3,25.34
2026-07-20 11:31,S04,K0027,乳品,1,30.22
2026-07-20 11:27,S04,K0040,鲜食,3,11.9
2026-07-20 11:42,S04,K0027,乳品,1,15.11
2026-07-20 10:56,S04,K0019,日化,1,11.94
2026-07-20 11:27,S04,K0013,零食,1,57.58
2026-07-20 11:01,S04,K0034,日化,2,8.94
2026-07-20 11:51,S04,K0011,饮料,3,57.8
2026-07-20 12:33,S04,K0014,日化,2,50.68
2026-07-20 11:49,S04,K0016,饮料,1,7.98
2026-07-20 12:42,S04,K0008,零食,3,40.88
2026-07-20 13:38,S04,K0006,饮料,3,9.36
2026-07-20 13:46,S04,K0007,乳品,2,23.8
2026-07-20 13:07,S04,K0030,鲜食,2,45.58
2026-07-20 14:41,S04,K0007,乳品,1,23.8
2026-07-20 14:12,S04,K0019,日化,3,11.94
2026-07-19 21:55,S05,K0008,零食,1,20.44
2026-07-19 22:31,S05,K0009,日化,3,10.05
2026-07-19 22:11,S05,K0022,乳品,2,44.64
2026-07-19 22:12,S05,K0006,饮料,2,9.36
2026-07-19 22:14,S05,K0008,零食,2,40.88
2026-07-19 23:33,S05,K0025,鲜食,2,40.32
2026-07-19 22:56,S05,K0011,饮料,1,28.9
2026-07-19 22:55,S05,K0011,饮料,2,57.8
2026-07-19 23:32,S05,K0037,乳品,2,5.55
2026-07-20 00:38,S05,K0025,鲜食,2,20.16
2026-07-20 00:19,S05,K0009,日化,2,10.05
2026-07-20 00:17,S05,K0027,乳品,1,15.11
2026-07-20 00:30,S05,K0017,乳品,2,33.63
2026-07-20 01:38,S05,K0034,日化,3,4.47
2026-07-20 01:22,S05,K0022,乳品,3,22.32
2026-07-20 01:31,S05,K0028,零食,3,20.67
2026-07-20 01:11,S05,K0031,饮料,3,61.14
2026-07-20 02:46,S05,K0036,饮料,3,12.26
2026-07-20 02:30,S05,K0001,饮料,1,33.0
2026-07-20 02:53,S05,K0011,饮料,2,57.8
2026-07-20 03:10,S05,K0016,饮料,2,7.98
2026-07-20 03:03,S05,K0033,零食,3,51.1
2026-07-20 03:41,S05,K0026,饮料,1,34.14
2026-07-20 03:17,S05,K0030,鲜食,3,45.58
2026-07-20 04:17,S05,K0032,乳品,2,21.48
2026-07-20 04:36,S05,K0032,乳品,3,21.48
2026-07-20 05:15,S05,K0026,饮料,1,34.14
2026-07-20 05:39,S05,K0006,饮料,3,18.72
2026-07-20 06:02,S05,K0036,饮料,3,24.52
2026-07-20 06:12,S05,K0022,乳品,1,22.32
2026-07-20 06:10,S05,K0030,鲜食,3,45.58
2026-07-20 06:34,S05,K0024,日化,2,26.35
2026-07-20 06:49,S05,K0015,鲜食,2,27.78
2026-07-20 07:24,S05,K0019,日化,3,11.94
2026-07-20 07:51,S05,K0007,乳品,1,47.6
2026-07-20 08:41,S05,K0009,日化,3,20.1
2026-07-20 08:05,S05,K0007,乳品,3,23.8
2026-07-20 07:56,S05,K0013,零食,2,28.79
2026-07-20 09:34,S05,K0013,零食,2,28.79
2026-07-20 08:51,S05,K0027,乳品,3,15.11
2026-07-20 09:18,S05,K0029,日化,3,29.54
2026-07-20 08:49,S05,K0032,乳品,3,21.48
2026-07-20 09:48,S05,K0036,饮料,2,24.52
2026-07-20 10:33,S05,K0012,乳品,3,3.21
2026-07-20 09:55,S05,K0009,日化,2,20.1
2026-07-20 10:45,S05,K0033,零食,2,51.1
2026-07-20 10:47,S05,K0039,日化,3,6.23
2026-07-20 10:14,S05,K0018,零食,2,27.54
2026-07-20 10:40,S05,K0029,日化,1,29.54
2026-07-20 11:33,S05,K0039,日化,3,12.46
2026-07-20 11:44,S05,K0036,饮料,2,12.26
2026-07-20 11:02,S05,K0013,零食,3,57.58
2026-07-20 11:47,S05,K0023,零食,3,28.83
2026-07-20 11:21,S05,K0012,乳品,3,6.42
2026-07-20 12:37,S05,K0008,零食,2,40.88
2026-07-20 12:25,S05,K0038,零食,3,20.9
2026-07-20 12:07,S05,K0035,鲜食,2,10.29
2026-07-20 11:55,S05,K0034,日化,1,8.94
2026-07-20 13:31,S05,K0004,日化,1,19.17
2026-07-20 13:37,S05,K0018,零食,1,27.54
2026-07-20 13:58,S05,K0017,乳品,1,67.26
2026-07-20 14:37,S05,K0014,日化,3,25.34
2026-07-20 14:41,S05,K0023,零食,2,28.83
2026-07-20 14:44,S05,K0040,鲜食,3,11.9
2026-07-19 22:21,S06,K0016,饮料,3,15.96
2026-07-19 22:48,S06,K0004,日化,2,38.34
2026-07-19 22:39,S06,K0027,乳品,3,30.22
2026-07-19 21:52,S06,K0036,饮料,1,24.52
2026-07-19 22:28,S06,K0013,零食,2,28.79
2026-07-19 23:23,S06,K0038,零食,3,10.45
2026-07-19 23:07,S06,K0013,零食,2,28.79
2026-07-19 23:00,S06,K0005,鲜食,1,3.85
2026-07-19 22:51,S06,K0025,鲜食,2,40.32
2026-07-19 23:59,S06,K0009,日化,3,20.1
2026-07-20 00:10,S06,K0001,饮料,2,16.5
2026-07-19 23:58,S06,K0003,零食,2,10.0
2026-07-20 01:39,S06,K0032,乳品,3,42.96
2026-07-20 01:39,S06,K0005,鲜食,3,7.7
2026-07-20 01:03,S06,K0034,日化,1,4.47
2026-07-20 02:23,S06,K0027,乳品,3,30.22
2026-07-20 02:11,S06,K0006,饮料,1,9.36
2026-07-20 03:12,S06,K0022,乳品,2,22.32
2026-07-20 03:22,S06,K0040,鲜食,2,11.9
2026-07-20 03:31,S06,K0008,零食,2,40.88
2026-07-20 03:46,S06,K0016,饮料,3,7.98
2026-07-20 04:13,S06,K0021,饮料,1,60.24
2026-07-20 04:23,S06,K0017,乳品,3,67.26
2026-07-20 05:41,S06,K0034,日化,2,8.94
2026-07-20 04:51,S06,K0032,乳品,2,21.48
2026-07-20 05:54,S06,K0033,零食,1,25.55
2026-07-20 06:23,S06,K0035,鲜食,1,10.29
2026-07-20 06:31,S06,K0014,日化,3,25.34
2026-07-20 07:02,S06,K0007,乳品,3,47.6
2026-07-20 07:36,S06,K0005,鲜食,3,3.85
2026-07-20 07:18,S06,K0002,乳品,3,7.9
2026-07-20 07:53,S06,K0006,饮料,1,9.36
2026-07-20 08:24,S06,K0017,乳品,1,33.63
2026-07-20 09:13,S06,K0027,乳品,2,30.22
2026-07-20 09:09,S06,K0028,零食,1,41.34
2026-07-20 09:23,S06,K0008,零食,1,20.44
2026-07-20 08:51,S06,K0038,零食,3,10.45
2026-07-20 09:55,S06,K0033,零食,2,51.1
2026-07-20 09:54,S06,K0039,日化,2,12.46
2026-07-20 10:14,S06,K0025,鲜食,3,20.16
2026-07-20 09:59,S06,K0031,饮料,3,30.57
2026-07-20 11:39,S06,K0026,饮料,3,68.28
2026-07-20 11:08,S06,K0010,鲜食,3,43.72
2026-07-20 11:24,S06,K0001,饮料,3,16.5
2026-07-20 11:49,S06,K0003,零食,3,20.0
2026-07-20 12:24,S06,K0035,鲜食,1,20.58
2026-07-20 13:02,S06,K0023,零食,2,28.83
2026-07-20 13:00,S06,K0011,饮料,1,57.8
2026-07-20 14:00,S06,K0008,零食,3,20.44
2026-07-20 14:18,S06,K0036,饮料,3,12.26
2026-07-19 22:05,S07,K0005,鲜食,1,3.85
2026-07-19 22:20,S07,K0038,零食,2,20.9
2026-07-19 22:31,S07,K0009,日化,3,10.05
2026-07-19 22:07,S07,K0007,乳品,3,23.8
2026-07-19 22:09,S07,K0013,零食,2,57.58
2026-07-19 22:28,S07,K0022,乳品,3,44.64
2026-07-19 23:25,S07,K0037,乳品,2,11.1
2026-07-19 22:59,S07,K0028,零食,1,41.34
2026-07-19 23:39,S07,K0016,饮料,1,15.96
2026-07-19 23:42,S07,K0018,零食,2,13.77
2026-07-20 00:18,S07,K0031,饮料,2,61.14
2026-07-20 00:20,S07,K0020,鲜食,3,6.09
2026-07-20 00:30,S07,K0012,乳品,3,3.21
2026-07-20 00:43,S07,K0018,零食,1,13.77
2026-07-20 01:35,S07,K0005,鲜食,1,3.85
2026-07-20 01:29,S07,K0033,零食,1,51.1
2026-07-20 01:02,S07,K0038,零食,1,20.9
2026-07-20 01:46,S07,K0035,鲜食,3,20.58
2026-07-20 02:14,S07,K0024,日化,1,52.7
2026-07-20 02:18,S07,K0009,日化,3,10.05
2026-07-20 02:12,S07,K0026,饮料,3,34.14
2026-07-20 03:32,S07,K0040,鲜食,1,11.9
2026-07-20 02:59,S07,K0029,日化,1,29.54
2026-07-20 03:11,S07,K0031,饮料,1,30.57
2026-07-20 03:03,S07,K0032,乳品,1,42.96
2026-07-20 03:03,S07,K0024,日化,1,26.35
2026-07-20 04:19,S07,K0025,鲜食,2,20.16
2026-07-20 04:30,S07,K0003,零食,2,10.0
2026-07-20 04:29,S07,K0034,日化,2,8.94
2026-07-20 04:23,S07,K0038,零食,3,10.45
2026-07-20 04:30,S07,K0025,鲜食,2,40.32
2026-07-20 04:30,S07,K0038,零食,1,20.9
2026-07-20 04:47,S07,K0025,鲜食,1,40.32
2026-07-20 05:20,S07,K0023,零食,2,28.83
2026-07-20 05:45,S07,K0033,零食,1,51.1
2026-07-20 05:03,S07,K0011,饮料,1,57.8
2026-07-20 04:58,S07,K0014,日化,1,25.34
2026-07-20 06:34,S07,K0039,日化,1,6.23
2026-07-20 06:40,S07,K0027,乳品,2,15.11
2026-07-20 06:32,S07,K0031,饮料,2,61.14
2026-07-20 06:26,S07,K0014,日化,1,50.68
2026-07-20 06:51,S07,K0016,饮料,1,7.98
2026-07-20 07:29,S07,K0009,日化,3,10.05
2026-07-20 07:59,S07,K0004,日化,2,19.17
2026-07-20 08:14,S07,K0034,日化,3,4.47
2026-07-20 07:54,S07,K0019,日化,1,11.94
2026-07-20 09:44,S07,K0031,饮料,2,30.57
2026-07-20 09:42,S07,K0015,鲜食,2,13.89
2026-07-20 09:41,S07,K0038,零食,1,20.9
2026-07-20 09:35,S07,K0011,饮料,3,57.8
2026-07-20 09:27,S07,K0030,鲜食,3,22.79
2026-07-20 09:13,S07,K0015,鲜食,2,13.89
2026-07-20 08:50,S07,K0007,乳品,1,47.6
2026-07-20 09:27,S07,K0010,鲜食,1,21.86
2026-07-20 09:46,S07,K0031,饮料,3,30.57
2026-07-20 09:21,S07,K0035,鲜食,1,10.29
2026-07-20 09:31,S07,K0031,饮料,1,30.57
2026-07-20 10:15,S07,K0034,日化,2,4.47
2026-07-20 10:16,S07,K0034,日化,1,8.94
2026-07-20 10:11,S07,K0025,鲜食,3,20.16
2026-07-20 09:57,S07,K0028,零食,2,41.34
2026-07-20 10:47,S07,K0015,鲜食,1,27.78
2026-07-20 10:45,S07,K0039,日化,3,12.46
2026-07-20 10:01,S07,K0017,乳品,1,33.63
2026-07-20 10:22,S07,K0037,乳品,1,5.55
2026-07-20 11:33,S07,K0014,日化,2,50.68
2026-07-20 10:55,S07,K0024,日化,1,52.7
2026-07-20 11:05,S07,K0038,零食,2,20.9
2026-07-20 11:12,S07,K0037,乳品,3,11.1
2026-07-20 11:37,S07,K0026,饮料,1,68.28
2026-07-20 11:39,S07,K0036,饮料,3,24.52
2026-07-20 11:12,S07,K0012,乳品,3,6.42
2026-07-20 11:08,S07,K0017,乳品,3,67.26
2026-07-20 12:43,S07,K0009,日化,3,10.05
2026-07-20 12:17,S07,K0015,鲜食,3,13.89
2026-07-20 12:02,S07,K0007,乳品,3,47.6
2026-07-20 12:40,S07,K0022,乳品,3,22.32
2026-07-20 12:13,S07,K0011,饮料,3,28.9
2026-07-20 13:19,S07,K0010,鲜食,3,43.72
2026-07-20 12:53,S07,K0006,饮料,2,9.36
2026-07-20 14:27,S07,K0006,饮料,1,18.72
2026-07-20 14:28,S07,K0026,饮料,3,68.28
2026-07-20 13:52,S07,K0039,日化,1,12.46
2026-07-20 13:49,S07,K0029,日化,1,59.08
2026-07-19 22:39,S08,K0003,零食,3,10.0
2026-07-19 21:59,S08,K0040,鲜食,3,11.9
2026-07-19 22:04,S08,K0024,日化,3,26.35
2026-07-19 23:06,S08,K0006,饮料,2,18.72
2026-07-19 23:14,S08,K0026,饮料,3,34.14
2026-07-19 22:49,S08,K0034,日化,3,4.47
2026-07-20 00:07,S08,K0036,饮料,3,24.52
2026-07-20 00:41,S08,K0023,零食,2,28.83
2026-07-20 01:18,S08,K0013,零食,2,28.79
2026-07-20 01:00,S08,K0017,乳品,2,33.63
2026-07-20 00:53,S08,K0036,饮料,3,24.52
2026-07-20 00:56,S08,K0022,乳品,3,44.64
2026-07-20 02:05,S08,K0037,乳品,3,11.1
2026-07-20 02:25,S08,K0025,鲜食,2,20.16
2026-07-20 02:38,S08,K0022,乳品,2,44.64
2026-07-20 02:44,S08,K0038,零食,1,20.9
2026-07-20 02:53,S08,K0017,乳品,2,33.63
2026-07-20 03:40,S08,K0015,鲜食,2,27.78
2026-07-20 04:23,S08,K0034,日化,1,8.94
2026-07-20 04:07,S08,K0016,饮料,1,15.96
2026-07-20 03:53,S08,K0022,乳品,3,22.32
2026-07-20 04:09,S08,K0031,饮料,2,30.57
2026-07-20 05:00,S08,K0018,零食,3,13.77
2026-07-20 05:36,S08,K0032,乳品,1,21.48
2026-07-20 05:44,S08,K0016,饮料,2,7.98
2026-07-20 05:01,S08,K0015,鲜食,1,27.78
2026-07-20 05:56,S08,K0007,乳品,1,47.6
2026-07-20 05:49,S08,K0040,鲜食,3,11.9
2026-07-20 07:28,S08,K0024,日化,2,52.7
2026-07-20 07:44,S08,K0037,乳品,2,11.1
2026-07-20 07:37,S08,K0012,乳品,3,6.42
2026-07-20 08:37,S08,K0015,鲜食,3,13.89
2026-07-20 08:22,S08,K0004,日化,2,38.34
2026-07-20 07:51,S08,K0035,鲜食,3,20.58
2026-07-20 09:18,S08,K0012,乳品,1,6.42
2026-07-20 09:33,S08,K0021,饮料,1,30.12
2026-07-20 09:13,S08,K0014,日化,3,25.34
2026-07-20 09:12,S08,K0021,饮料,3,60.24
2026-07-20 09:24,S08,K0012,乳品,2,3.21
2026-07-20 10:28,S08,K0031,饮料,2,61.14
2026-07-20 10:20,S08,K0012,乳品,2,3.21
2026-07-20 10:33,S08,K0027,乳品,2,30.22
2026-07-20 10:06,S08,K0026,饮料,2,34.14
2026-07-20 11:25,S08,K0009,日化,3,10.05
2026-07-20 11:35,S08,K0007,乳品,2,23.8
2026-07-20 11:16,S08,K0036,饮料,2,12.26
2026-07-20 11:40,S08,K0010,鲜食,3,21.86
2026-07-20 11:40,S08,K0031,饮料,1,30.57
2026-07-20 11:20,S08,K0027,乳品,1,30.22
2026-07-20 12:05,S08,K0020,鲜食,3,6.09
2026-07-20 11:55,S08,K0026,饮料,3,34.14
2026-07-20 12:02,S08,K0004,日化,2,38.34
2026-07-20 13:17,S08,K0007,乳品,3,47.6
2026-07-20 13:12,S08,K0017,乳品,2,67.26
2026-07-20 12:50,S08,K0023,零食,2,28.83
2026-07-20 13:44,S08,K0023,零食,3,28.83
2026-07-20 14:30,S08,K0037,乳品,3,5.55
2026-07-20 14:11,S08,K0019,日化,2,11.94
2026-07-20 14:45,S08,K0029,日化,1,59.08
2026-07-20 14:07,S08,K0040,鲜食,2,11.9
2026-07-19 22:15,S09,K0022,乳品,3,44.64
2026-07-19 21:54,S09,K0005,鲜食,1,7.7
2026-07-19 22:09,S09,K0015,鲜食,2,27.78
2026-07-19 23:30,S09,K0039,日化,2,12.46
2026-07-19 23:38,S09,K0029,日化,2,59.08
2026-07-19 22:59,S09,K0027,乳品,1,15.11
2026-07-19 23:35,S09,K0009,日化,1,20.1
2026-07-19 23:59,S09,K0014,日化,2,25.34
2026-07-19 23:53,S09,K0007,乳品,2,23.8
2026-07-20 01:22,S09,K0026,饮料,1,34.14
2026-07-20 01:28,S09,K0017,乳品,1,33.63
2026-07-20 02:03,S09,K0020,鲜食,1,12.18
2026-07-20 02:29,S09,K0029,日化,1,29.54
2026-07-20 02:42,S09,K0034,日化,1,4.47
2026-07-20 03:44,S09,K0023,零食,2,57.66
2026-07-20 03:44,S09,K0030,鲜食,3,45.58
2026-07-20 04:33,S09,K0009,日化,3,10.05
2026-07-20 04:27,S09,K0038,零食,2,20.9
2026-07-20 04:29,S09,K0034,日化,3,8.94
2026-07-20 04:19,S09,K0023,零食,3,28.83
2026-07-20 04:17,S09,K0006,饮料,2,18.72
2026-07-20 04:58,S09,K0017,乳品,2,33.63
2026-07-20 05:22,S09,K0001,饮料,1,33.0
2026-07-20 05:19,S09,K0019,日化,3,5.97
2026-07-20 06:08,S09,K0031,饮料,1,61.14
2026-07-20 06:27,S09,K0019,日化,1,5.97
2026-07-20 06:12,S09,K0036,饮料,1,24.52
2026-07-20 07:04,S09,K0026,饮料,1,68.28
2026-07-20 07:03,S09,K0025,鲜食,2,20.16
2026-07-20 07:29,S09,K0028,零食,1,41.34
2026-07-20 08:40,S09,K0035,鲜食,2,20.58
2026-07-20 08:43,S09,K0013,零食,1,28.79
2026-07-20 08:07,S09,K0009,日化,1,20.1
2026-07-20 09:06,S09,K0029,日化,3,59.08
2026-07-20 09:09,S09,K0013,零食,1,28.79
2026-07-20 09:23,S09,K0004,日化,1,19.17
2026-07-20 09:07,S09,K0007,乳品,2,23.8
2026-07-20 09:35,S09,K0029,日化,1,29.54
2026-07-20 08:58,S09,K0006,饮料,1,18.72
2026-07-20 10:15,S09,K0022,乳品,2,44.64
2026-07-20 10:18,S09,K0024,日化,3,26.35
2026-07-20 09:54,S09,K0022,乳品,1,22.32
2026-07-20 10:53,S09,K0026,饮料,3,68.28
2026-07-20 11:01,S09,K0012,乳品,2,6.42
2026-07-20 10:56,S09,K0001,饮料,3,16.5
2026-07-20 11:38,S09,K0025,鲜食,2,20.16
2026-07-20 12:18,S09,K0013,零食,3,28.79
2026-07-20 12:31,S09,K0034,日化,1,8.94
2026-07-20 13:48,S09,K0020,鲜食,2,6.09
2026-07-20 13:36,S09,K0003,零食,3,10.0
2026-07-20 13:19,S09,K0017,乳品,3,67.26
2026-07-20 14:45,S09,K0024,日化,1,26.35
2026-07-20 14:04,S09,K0008,零食,3,40.88
2026-07-19 21:59,S10,K0001,饮料,2,16.5
2026-07-19 22:39,S10,K0026,饮料,1,34.14
2026-07-19 22:26,S10,K0003,零食,3,20.0
2026-07-19 21:58,S10,K0039,日化,2,6.23
2026-07-19 21:59,S10,K0016,饮料,2,7.98
2026-07-19 22:10,S10,K0040,鲜食,3,11.9
2026-07-19 22:11,S10,K0004,日化,3,19.17
2026-07-19 23:20,S10,K0009,日化,1,20.1
2026-07-19 23:39,S10,K0036,饮料,3,24.52
2026-07-19 23:35,S10,K0029,日化,1,29.54
2026-07-20 00:35,S10,K0023,零食,1,57.66
2026-07-20 00:20,S10,K0003,零食,3,20.0
2026-07-20 00:07,S10,K0036,饮料,3,24.52
2026-07-20 00:25,S10,K0013,零食,1,57.58
2026-07-20 00:35,S10,K0021,饮料,2,60.24
2026-07-20 01:22,S10,K0005,鲜食,1,7.7
2026-07-20 01:41,S10,K0019,日化,2,11.94
2026-07-20 00:49,S10,K0030,鲜食,3,45.58
2026-07-20 02:28,S10,K0002,乳品,2,3.95
2026-07-20 02:35,S10,K0021,饮料,1,60.24
2026-07-20 02:22,S10,K0013,零食,3,57.58
2026-07-20 03:07,S10,K0040,鲜食,2,23.8
2026-07-20 02:56,S10,K0021,饮料,1,30.12
2026-07-20 03:42,S10,K0003,零食,1,10.0
2026-07-20 03:01,S10,K0003,零食,1,20.0
2026-07-20 03:51,S10,K0007,乳品,3,47.6
2026-07-20 04:22,S10,K0032,乳品,3,42.96
2026-07-20 04:12,S10,K0004,日化,1,19.17
2026-07-20 04:48,S10,K0001,饮料,1,33.0
2026-07-20 04:18,S10,K0006,饮料,3,9.36
2026-07-20 05:36,S10,K0036,饮料,2,24.52
2026-07-20 05:41,S10,K0004,日化,3,38.34
2026-07-20 04:51,S10,K0034,日化,3,4.47
2026-07-20 04:53,S10,K0020,鲜食,1,6.09
2026-07-20 06:23,S10,K0015,鲜食,2,13.89
2026-07-20 06:22,S10,K0013,零食,3,28.79
2026-07-20 07:36,S10,K0036,饮料,3,24.52
2026-07-20 07:38,S10,K0007,乳品,3,47.6
2026-07-20 07:33,S10,K0030,鲜食,3,45.58
2026-07-20 08:39,S10,K0011,饮料,1,57.8
2026-07-20 08:10,S10,K0033,零食,3,25.55
2026-07-20 09:17,S10,K0039,日化,2,12.46
2026-07-20 09:09,S10,K0036,饮料,2,24.52
2026-07-20 09:41,S10,K0028,零食,3,41.34
2026-07-20 09:04,S10,K0039,日化,3,6.23
2026-07-20 09:38,S10,K0025,鲜食,3,40.32
2026-07-20 09:17,S10,K0024,日化,2,52.7
2026-07-20 09:35,S10,K0001,饮料,1,33.0
2026-07-20 08:50,S10,K0039,日化,3,6.23
2026-07-20 08:49,S10,K0020,鲜食,2,6.09
2026-07-20 09:43,S10,K0014,日化,2,25.34
2026-07-20 10:21,S10,K0036,饮料,3,12.26
2026-07-20 09:51,S10,K0007,乳品,2,47.6
2026-07-20 09:57,S10,K0010,鲜食,2,43.72
2026-07-20 10:04,S10,K0038,零食,1,20.9
2026-07-20 09:54,S10,K0020,鲜食,3,12.18
2026-07-20 10:47,S10,K0037,乳品,1,5.55
2026-07-20 11:00,S10,K0031,饮料,2,30.57
2026-07-20 11:30,S10,K0039,日化,2,6.23
2026-07-20 11:13,S10,K0037,乳品,1,5.55
2026-07-20 11:11,S10,K0022,乳品,2,44.64
2026-07-20 11:44,S10,K0008,零食,1,20.44
2026-07-20 10:52,S10,K0025,鲜食,2,20.16
2026-07-20 11:23,S10,K0021,饮料,3,30.12
2026-07-20 12:33,S10,K0033,零食,1,25.55
2026-07-20 12:32,S10,K0004,日化,3,38.34
2026-07-20 12:37,S10,K0029,日化,3,29.54
2026-07-20 12:16,S10,K0015,鲜食,2,27.78
2026-07-20 13:10,S10,K0009,日化,1,20.1
2026-07-20 13:36,S10,K0037,乳品,1,11.1
2026-07-20 12:54,S10,K0017,乳品,2,67.26
2026-07-20 14:19,S10,K0009,日化,3,10.05
2026-07-20 14:14,S10,K0032,乳品,3,21.48
2026-07-20 14:28,S10,K0036,饮料,3,12.26
2026-07-19 22:06,S11,K0005,鲜食,2,7.7
2026-07-19 21:54,S11,K0037,乳品,1,11.1
2026-07-19 22:12,S11,K0028,零食,2,20.67
2026-07-19 23:27,S11,K0023,零食,3,28.83
2026-07-19 22:59,S11,K0020,鲜食,2,12.18
2026-07-19 22:58,S11,K0040,鲜食,2,11.9
2026-07-19 23:01,S11,K0015,鲜食,3,27.78
2026-07-19 23:56,S11,K0006,饮料,3,9.36
2026-07-20 00:28,S11,K0016,饮料,1,15.96
2026-07-20 01:33,S11,K0022,乳品,1,44.64
2026-07-20 01:19,S11,K0029,日化,1,59.08
2026-07-20 02:02,S11,K0035,鲜食,1,20.58
2026-07-20 02:19,S11,K0036,饮料,3,12.26
2026-07-20 03:13,S11,K0002,乳品,3,3.95
2026-07-20 02:59,S11,K0017,乳品,1,67.26
2026-07-20 03:39,S11,K0013,零食,3,57.58
2026-07-20 03:18,S11,K0004,日化,3,19.17
2026-07-20 03:13,S11,K0005,鲜食,3,7.7
2026-07-20 03:44,S11,K0024,日化,1,26.35
2026-07-20 03:44,S11,K0019,日化,3,11.94
2026-07-20 04:21,S11,K0025,鲜食,3,20.16
2026-07-20 04:20,S11,K0021,饮料,3,30.12
2026-07-20 04:01,S11,K0012,乳品,3,6.42
2026-07-20 04:51,S11,K0002,乳品,1,7.9
2026-07-20 05:20,S11,K0022,乳品,2,22.32
2026-07-20 05:11,S11,K0002,乳品,3,7.9
2026-07-20 05:29,S11,K0023,零食,2,28.83
2026-07-20 06:40,S11,K0018,零食,1,27.54
2026-07-20 06:45,S11,K0025,鲜食,1,40.32
2026-07-20 05:58,S11,K0015,鲜食,2,27.78
2026-07-20 05:54,S11,K0009,日化,3,20.1
2026-07-20 07:44,S11,K0040,鲜食,3,11.9
2026-07-20 07:04,S11,K0027,乳品,3,15.11
2026-07-20 07:08,S11,K0028,零食,3,41.34
2026-07-20 07:23,S11,K0029,日化,1,29.54
2026-07-20 08:26,S11,K0009,日化,3,10.05
2026-07-20 08:08,S11,K0009,日化,3,10.05
2026-07-20 08:47,S11,K0028,零食,1,20.67
2026-07-20 07:53,S11,K0021,饮料,3,30.12
2026-07-20 09:42,S11,K0021,饮料,1,30.12
2026-07-20 09:45,S11,K0021,饮料,2,60.24
2026-07-20 09:17,S11,K0020,鲜食,3,12.18
2026-07-20 09:55,S11,K0013,零食,1,28.79
2026-07-20 10:37,S11,K0002,乳品,3,7.9
2026-07-20 10:25,S11,K0039,日化,3,6.23
2026-07-20 11:03,S11,K0015,鲜食,3,13.89
2026-07-20 10:54,S11,K0023,零食,3,57.66
2026-07-20 11:21,S11,K0009,日化,3,20.1
2026-07-20 11:00,S11,K0024,日化,2,52.7
2026-07-20 10:57,S11,K0031,饮料,1,30.57
2026-07-20 10:51,S11,K0015,鲜食,2,13.89
2026-07-20 12:03,S11,K0027,乳品,3,15.11
2026-07-20 11:53,S11,K0014,日化,1,50.68
2026-07-20 12:20,S11,K0040,鲜食,3,23.8
2026-07-20 13:16,S11,K0016,饮料,2,7.98
2026-07-20 13:36,S11,K0039,日化,2,12.46
2026-07-20 13:28,S11,K0026,饮料,3,34.14
2026-07-20 14:17,S11,K0007,乳品,2,23.8
2026-07-20 14:22,S11,K0016,饮料,3,15.96
2026-07-20 14:24,S11,K0003,零食,2,10.0
2026-07-20 14:07,S11,K0013,零食,2,57.58
2026-07-19 22:18,S12,K0019,日化,1,11.94
2026-07-19 22:28,S12,K0019,日化,1,5.97
2026-07-19 22:42,S12,K0030,鲜食,3,45.58
2026-07-19 22:35,S12,K0006,饮料,3,9.36
2026-07-19 23:46,S12,K0038,零食,3,10.45
2026-07-19 23:15,S12,K0026,饮料,2,68.28
2026-07-19 23:00,S12,K0002,乳品,2,3.95
2026-07-20 00:05,S12,K0006,饮料,2,9.36
2026-07-19 23:54,S12,K0008,零食,1,40.88
2026-07-19 23:54,S12,K0024,日化,3,52.7
2026-07-20 01:24,S12,K0025,鲜食,2,20.16
2026-07-20 01:47,S12,K0011,饮料,2,28.9
2026-07-20 02:00,S12,K0010,鲜食,3,21.86
2026-07-20 02:08,S12,K0027,乳品,2,30.22
2026-07-20 02:56,S12,K0012,乳品,1,3.21
2026-07-20 03:28,S12,K0001,饮料,2,16.5
2026-07-20 03:20,S12,K0030,鲜食,2,22.79
2026-07-20 03:45,S12,K0039,日化,2,6.23
2026-07-20 04:31,S12,K0038,零食,2,20.9
2026-07-20 04:17,S12,K0027,乳品,1,15.11
2026-07-20 04:45,S12,K0016,饮料,3,15.96
2026-07-20 05:00,S12,K0004,日化,1,19.17
2026-07-20 04:51,S12,K0023,零食,1,28.83
2026-07-20 06:47,S12,K0022,乳品,1,22.32
2026-07-20 06:15,S12,K0007,乳品,1,23.8
2026-07-20 06:28,S12,K0019,日化,3,5.97
2026-07-20 07:12,S12,K0038,零食,1,10.45
2026-07-20 07:09,S12,K0020,鲜食,2,12.18
2026-07-20 07:37,S12,K0005,鲜食,2,3.85
2026-07-20 07:57,S12,K0031,饮料,1,61.14
2026-07-20 08:22,S12,K0022,乳品,2,22.32
2026-07-20 08:28,S12,K0014,日化,1,25.34
2026-07-20 08:54,S12,K0034,日化,2,8.94
2026-07-20 09:27,S12,K0028,零食,2,41.34
2026-07-20 09:25,S12,K0034,日化,3,8.94
2026-07-20 09:28,S12,K0009,日化,3,20.1
2026-07-20 09:35,S12,K0034,日化,3,8.94
2026-07-20 09:40,S12,K0032,乳品,1,21.48
2026-07-20 09:49,S12,K0013,零食,1,28.79
2026-07-20 10:29,S12,K0030,鲜食,1,22.79
2026-07-20 10:15,S12,K0040,鲜食,2,11.9
2026-07-20 10:11,S12,K0022,乳品,3,22.32
2026-07-20 11:33,S12,K0013,零食,2,57.58
2026-07-20 11:08,S12,K0005,鲜食,2,7.7
2026-07-20 12:32,S12,K0008,零食,2,40.88
2026-07-20 12:35,S12,K0026,饮料,3,34.14
2026-07-20 13:10,S12,K0013,零食,2,57.58
2026-07-20 13:40,S12,K0031,饮料,1,30.57
2026-07-20 14:29,S12,K0010,鲜食,2,43.72
2026-07-20 14:39,S12,K0030,鲜食,2,22.79
2026-07-20 14:08,S12,K0034,日化,3,8.94
2026-07-20 22:25,S01,K0014,日化,3,50.68
2026-07-20 21:53,S01,K0023,零食,1,57.66
2026-07-20 23:13,S01,K0022,乳品,3,22.32
2026-07-20 23:27,S01,K0037,乳品,2,5.55
2026-07-21 00:34,S01,K0020,鲜食,2,6.09
2026-07-21 00:15,S01,K0018,零食,1,27.54
2026-07-21 01:17,S01,K0024,日化,2,26.35
2026-07-21 01:08,S01,K0034,日化,1,4.47
2026-07-21 01:39,S01,K0024,日化,1,26.35
2026-07-21 02:21,S01,K0029,日化,1,59.08
2026-07-21 01:58,S01,K0033,零食,1,51.1
2026-07-21 03:08,S01,K0034,日化,2,4.47
2026-07-21 03:41,S01,K0007,乳品,3,23.8
2026-07-21 03:35,S01,K0014,日化,1,50.68
2026-07-21 03:34,S01,K0025,鲜食,3,20.16
2026-07-21 03:08,S01,K0001,饮料,1,16.5
2026-07-21 03:18,S01,K0022,乳品,1,22.32
2026-07-21 03:38,S01,K0034,日化,3,8.94
2026-07-21 03:25,S01,K0002,乳品,2,3.95
2026-07-21 03:01,S01,K0021,饮料,1,60.24
2026-07-21 04:09,S01,K0035,鲜食,2,10.29
2026-07-21 03:58,S01,K0018,零食,1,27.54
2026-07-21 03:49,S01,K0008,零食,3,20.44
2026-07-21 04:23,S01,K0014,日化,2,50.68
2026-07-21 03:58,S01,K0018,零食,3,27.54
2026-07-21 04:04,S01,K0037,乳品,1,5.55
2026-07-21 05:46,S01,K0040,鲜食,2,23.8
2026-07-21 04:57,S01,K0004,日化,1,38.34
2026-07-21 04:55,S01,K0004,日化,2,19.17
2026-07-21 05:16,S01,K0006,饮料,2,9.36
2026-07-21 06:11,S01,K0040,鲜食,2,23.8
2026-07-21 06:34,S01,K0013,零食,3,28.79
2026-07-21 06:25,S01,K0030,鲜食,1,22.79
2026-07-21 05:55,S01,K0030,鲜食,2,45.58
2026-07-21 06:19,S01,K0030,鲜食,1,22.79
2026-07-21 07:05,S01,K0040,鲜食,2,23.8
2026-07-21 07:33,S01,K0012,乳品,3,6.42
2026-07-21 07:18,S01,K0021,饮料,2,30.12
2026-07-21 07:56,S01,K0031,饮料,2,61.14
2026-07-21 08:43,S01,K0030,鲜食,1,45.58
2026-07-21 09:25,S01,K0039,日化,1,6.23
2026-07-21 09:41,S01,K0026,饮料,3,34.14
2026-07-21 09:24,S01,K0021,饮料,3,30.12
2026-07-21 09:23,S01,K0020,鲜食,2,12.18
2026-07-21 09:15,S01,K0038,零食,1,10.45
2026-07-21 08:59,S01,K0036,饮料,2,24.52
2026-07-21 09:10,S01,K0005,鲜食,1,7.7
2026-07-21 10:39,S01,K0037,乳品,2,5.55
2026-07-21 10:31,S01,K0012,乳品,3,3.21
2026-07-21 10:42,S01,K0037,乳品,2,5.55
2026-07-21 10:27,S01,K0038,零食,2,20.9
2026-07-21 09:55,S01,K0036,饮料,2,12.26
2026-07-21 10:14,S01,K0020,鲜食,1,6.09
2026-07-21 10:38,S01,K0039,日化,2,12.46
2026-07-21 10:30,S01,K0032,乳品,3,21.48
2026-07-21 11:41,S01,K0014,日化,1,25.34
2026-07-21 11:31,S01,K0010,鲜食,1,43.72
2026-07-21 11:07,S01,K0035,鲜食,2,20.58
2026-07-21 12:32,S01,K0014,日化,2,50.68
2026-07-21 12:39,S01,K0037,乳品,3,11.1
2026-07-21 12:34,S01,K0028,零食,2,20.67
2026-07-21 13:21,S01,K0040,鲜食,2,11.9
2026-07-21 12:52,S01,K0019,日化,2,5.97
2026-07-21 14:41,S01,K0036,饮料,2,12.26
2026-07-21 14:44,S01,K0019,日化,1,5.97
2026-07-20 22:14,S02,K0038,零食,3,20.9
2026-07-20 22:14,S02,K0025,鲜食,2,40.32
2026-07-20 22:02,S02,K0035,鲜食,3,10.29
2026-07-20 21:57,S02,K0031,饮料,1,61.14
2026-07-20 22:42,S02,K0024,日化,2,26.35
2026-07-20 22:57,S02,K0009,日化,1,10.05
2026-07-20 22:58,S02,K0002,乳品,3,7.9
2026-07-20 22:57,S02,K0028,零食,1,20.67
2026-07-20 23:44,S02,K0027,乳品,2,30.22
2026-07-21 00:18,S02,K0012,乳品,3,6.42
2026-07-21 00:41,S02,K0036,饮料,2,24.52
2026-07-21 00:03,S02,K0023,零食,1,57.66
2026-07-20 23:49,S02,K0039,日化,3,12.46
2026-07-21 01:34,S02,K0016,饮料,3,15.96
2026-07-21 01:48,S02,K0027,乳品,3,30.22
2026-07-21 00:51,S02,K0003,零食,3,20.0
2026-07-21 00:56,S02,K0024,日化,3,52.7
2026-07-21 01:58,S02,K0006,饮料,3,18.72
2026-07-21 02:22,S02,K0030,鲜食,1,22.79
2026-07-21 02:19,S02,K0016,饮料,3,7.98
2026-07-21 02:40,S02,K0035,鲜食,3,20.58
2026-07-21 03:46,S02,K0004,日化,2,19.17
2026-07-21 03:18,S02,K0031,饮料,3,61.14
2026-07-21 03:35,S02,K0037,乳品,2,11.1
2026-07-21 03:40,S02,K0023,零食,2,57.66
2026-07-21 02:51,S02,K0011,饮料,3,57.8
2026-07-21 03:05,S02,K0037,乳品,1,11.1
2026-07-21 04:25,S02,K0011,饮料,1,57.8
2026-07-21 03:50,S02,K0040,鲜食,2,23.8
2026-07-21 03:57,S02,K0006,饮料,3,9.36
2026-07-21 04:05,S02,K0018,零食,1,27.54
2026-07-21 04:43,S02,K0018,零食,2,13.77
2026-07-21 04:27,S02,K0008,零食,1,20.44
2026-07-21 05:12,S02,K0029,日化,1,59.08
2026-07-21 05:20,S02,K0016,饮料,1,7.98
2026-07-21 04:54,S02,K0022,乳品,1,22.32
2026-07-21 05:37,S02,K0032,乳品,2,42.96
2026-07-21 06:35,S02,K0029,日化,3,29.54
2026-07-21 06:25,S02,K0014,日化,3,50.68
2026-07-21 07:37,S02,K0017,乳品,1,33.63
2026-07-21 07:18,S02,K0011,饮料,2,57.8
2026-07-21 08:36,S02,K0031,饮料,3,30.57
2026-07-21 08:32,S02,K0025,鲜食,3,40.32
2026-07-21 08:05,S02,K0031,饮料,1,61.14
2026-07-21 09:48,S02,K0019,日化,2,11.94
2026-07-21 09:22,S02,K0021,饮料,3,30.12
2026-07-21 10:29,S02,K0035,鲜食,2,20.58
2026-07-21 10:47,S02,K0040,鲜食,3,23.8
2026-07-21 11:06,S02,K0018,零食,1,27.54
2026-07-21 11:14,S02,K0038,零食,2,10.45
2026-07-21 11:38,S02,K0038,零食,1,20.9
2026-07-21 11:09,S02,K0012,乳品,3,3.21
2026-07-21 12:42,S02,K0001,饮料,1,16.5
2026-07-21 11:55,S02,K0027,乳品,3,15.11
2026-07-21 12:11,S02,K0029,日化,1,59.08
2026-07-21 12:01,S02,K0017,乳品,1,33.63
2026-07-21 12:52,S02,K0006,饮料,3,9.36
2026-07-21 13:29,S02,K0039,日化,1,6.23
2026-07-21 13:43,S02,K0006,饮料,3,9.36
2026-07-21 13:31,S02,K0025,鲜食,3,20.16
2026-07-21 14:05,S02,K0012,乳品,2,6.42
2026-07-21 14:29,S02,K0005,鲜食,2,7.7
2026-07-20 22:05,S03,K0021,饮料,1,30.12
2026-07-20 22:38,S03,K0018,零食,1,27.54
2026-07-20 22:10,S03,K0025,鲜食,1,40.32
2026-07-20 22:00,S03,K0017,乳品,2,33.63
2026-07-20 22:48,S03,K0032,乳品,1,42.96
2026-07-20 22:55,S03,K0032,乳品,1,42.96
2026-07-20 23:28,S03,K0014,日化,3,25.34
2026-07-20 23:34,S03,K0029,日化,2,29.54
2026-07-20 23:53,S03,K0005,鲜食,3,7.7
2026-07-20 23:50,S03,K0029,日化,2,29.54
2026-07-21 01:31,S03,K0003,零食,2,20.0
2026-07-21 01:33,S03,K0010,鲜食,2,43.72
2026-07-21 02:34,S03,K0033,零食,2,51.1
2026-07-21 02:14,S03,K0028,零食,3,20.67
2026-07-21 03:13,S03,K0001,饮料,3,33.0
2026-07-21 03:25,S03,K0008,零食,3,40.88
2026-07-21 03:32,S03,K0022,乳品,2,44.64
2026-07-21 04:12,S03,K0006,饮料,3,18.72
2026-07-21 04:42,S03,K0006,饮料,2,18.72
2026-07-21 05:24,S03,K0012,乳品,1,6.42
2026-07-21 05:08,S03,K0013,零食,3,57.58
2026-07-21 06:20,S03,K0023,零食,1,57.66
2026-07-21 05:57,S03,K0013,零食,1,28.79
2026-07-21 07:04,S03,K0038,零食,2,20.9
2026-07-21 07:39,S03,K0005,鲜食,3,7.7
2026-07-21 08:42,S03,K0035,鲜食,2,10.29
2026-07-21 08:10,S03,K0003,零食,1,20.0
2026-07-21 08:14,S03,K0003,零食,1,10.0
2026-07-21 09:32,S03,K0030,鲜食,3,22.79
2026-07-21 09:03,S03,K0038,零食,1,10.45
2026-07-21 09:20,S03,K0010,鲜食,3,21.86
2026-07-21 09:47,S03,K0031,饮料,3,30.57
2026-07-21 09:33,S03,K0016,饮料,3,7.98
2026-07-21 09:00,S03,K0001,饮料,3,16.5
2026-07-21 10:18,S03,K0007,乳品,3,23.8
2026-07-21 09:53,S03,K0038,零食,1,10.45
2026-07-21 10:27,S03,K0032,乳品,3,21.48
2026-07-21 10:40,S03,K0005,鲜食,1,7.7
2026-07-21 11:09,S03,K0026,饮料,1,34.14
2026-07-21 11:42,S03,K0021,饮料,1,30.12
2026-07-21 11:00,S03,K0038,零食,2,10.45
2026-07-21 11:06,S03,K0008,零食,1,40.88
2026-07-21 12:24,S03,K0024,日化,1,52.7
2026-07-21 12:48,S03,K0016,饮料,3,7.98
2026-07-21 13:39,S03,K0007,乳品,3,47.6
2026-07-21 12:50,S03,K0011,饮料,2,28.9
2026-07-21 14:00,S03,K0001,饮料,1,33.0
2026-07-21 14:33,S03,K0027,乳品,2,15.11
2026-07-20 22:29,S04,K0010,鲜食,2,43.72
2026-07-20 22:04,S04,K0027,乳品,1,15.11
2026-07-20 22:00,S04,K0039,日化,3,12.46
2026-07-20 21:54,S04,K0040,鲜食,3,23.8
2026-07-20 22:15,S04,K0023,零食,1,28.83
2026-07-20 23:22,S04,K0008,零食,1,40.88
2026-07-20 23:21,S04,K0035,鲜食,1,20.58
2026-07-20 23:06,S04,K0014,日化,1,25.34
2026-07-20 23:39,S04,K0008,零食,1,40.88
2026-07-20 23:00,S04,K0032,乳品,1,21.48
2026-07-21 00:07,S04,K0024,日化,1,52.7
2026-07-21 00:10,S04,K0017,乳品,3,67.26
2026-07-21 01:36,S04,K0007,乳品,1,23.8
2026-07-21 01:39,S04,K0011,饮料,1,57.8
2026-07-21 02:46,S04,K0005,鲜食,1,7.7
2026-07-21 02:26,S04,K0038,零食,2,20.9
2026-07-21 03:03,S04,K0021,饮料,1,60.24
2026-07-21 02:55,S04,K0015,鲜食,1,27.78
2026-07-21 03:13,S04,K0013,零食,1,28.79
2026-07-21 03:26,S04,K0031,饮料,2,30.57
2026-07-21 02:58,S04,K0028,零食,1,41.34
2026-07-21 04:12,S04,K0025,鲜食,1,40.32
2026-07-21 04:29,S04,K0013,零食,2,57.58
2026-07-21 04:10,S04,K0013,零食,1,28.79
2026-07-21 03:52,S04,K0037,乳品,2,5.55
2026-07-21 05:18,S04,K0030,鲜食,2,22.79
2026-07-21 05:03,S04,K0022,乳品,2,22.32
2026-07-21 06:24,S04,K0037,乳品,1,5.55
2026-07-21 06:43,S04,K0027,乳品,3,30.22
2026-07-21 06:26,S04,K0014,日化,2,50.68
2026-07-21 07:35,S04,K0001,饮料,2,16.5
2026-07-21 07:09,S04,K0016,饮料,2,7.98
2026-07-21 06:58,S04,K0038,零食,3,10.45
2026-07-21 06:51,S04,K0027,乳品,1,30.22
2026-07-21 08:22,S04,K0028,零食,2,41.34
2026-07-21 08:17,S04,K0007,乳品,2,23.8
2026-07-21 09:37,S04,K0036,饮料,1,24.52
2026-07-21 08:57,S04,K0014,日化,2,50.68
2026-07-21 09:30,S04,K0016,饮料,1,7.98
2026-07-21 09:59,S04,K0020,鲜食,3,12.18
2026-07-21 10:36,S04,K0037,乳品,3,5.55
2026-07-21 10:18,S04,K0030,鲜食,1,45.58
2026-07-21 10:39,S04,K0012,乳品,2,6.42
2026-07-21 10:44,S04,K0001,饮料,3,16.5
2026-07-21 10:46,S04,K0025,鲜食,3,40.32
2026-07-21 09:51,S04,K0034,日化,2,8.94
2026-07-21 10:33,S04,K0018,零食,3,13.77
2026-07-21 10:28,S04,K0006,饮料,2,9.36
2026-07-21 11:45,S04,K0024,日化,1,26.35
2026-07-21 11:12,S04,K0025,鲜食,2,20.16
2026-07-21 11:12,S04,K0024,日化,1,26.35
2026-07-21 11:34,S04,K0036,饮料,1,12.26
2026-07-21 11:04,S04,K0022,乳品,3,22.32
2026-07-21 11:36,S04,K0031,饮料,3,30.57
2026-07-21 11:09,S04,K0015,鲜食,2,27.78
2026-07-21 11:32,S04,K0033,零食,2,51.1
2026-07-21 10:53,S04,K0004,日化,2,38.34
2026-07-21 11:20,S04,K0029,日化,3,29.54
2026-07-21 12:32,S04,K0035,鲜食,3,20.58
2026-07-21 12:28,S04,K0029,日化,2,29.54
2026-07-21 12:46,S04,K0013,零食,2,28.79
2026-07-21 12:14,S04,K0006,饮料,1,18.72
2026-07-21 11:55,S04,K0005,鲜食,1,7.7
2026-07-21 13:20,S04,K0010,鲜食,1,21.86
2026-07-21 13:29,S04,K0034,日化,1,8.94
2026-07-21 14:48,S04,K0035,鲜食,1,20.58
2026-07-21 14:15,S04,K0023,零食,2,28.83
2026-07-21 14:01,S04,K0019,日化,1,5.97
2026-07-21 14:42,S04,K0015,鲜食,3,27.78
2026-07-21 14:26,S04,K0027,乳品,2,30.22
2026-07-20 22:31,S05,K0038,零食,3,20.9
2026-07-20 22:08,S05,K0030,鲜食,3,22.79
2026-07-20 21:59,S05,K0020,鲜食,2,6.09
2026-07-20 22:12,S05,K0031,饮料,2,30.57
2026-07-20 22:11,S05,K0010,鲜食,2,43.72
2026-07-20 23:48,S05,K0040,鲜食,1,23.8
2026-07-20 23:00,S05,K0012,乳品,3,3.21
2026-07-20 23:04,S05,K0011,饮料,1,28.9
2026-07-20 23:57,S05,K0037,乳品,2,11.1
2026-07-21 00:00,S05,K0024,日化,1,26.35
2026-07-21 00:11,S05,K0021,饮料,1,60.24
2026-07-21 00:59,S05,K0035,鲜食,3,20.58
2026-07-21 01:47,S05,K0008,零食,1,40.88
2026-07-21 01:38,S05,K0032,乳品,1,42.96
2026-07-21 01:49,S05,K0010,鲜食,3,43.72
2026-07-21 02:19,S05,K0019,日化,2,5.97
2026-07-21 02:35,S05,K0037,乳品,2,11.1
2026-07-21 03:35,S05,K0008,零食,2,20.44
2026-07-21 03:32,S05,K0009,日化,3,10.05
2026-07-21 02:50,S05,K0020,鲜食,2,6.09
2026-07-21 03:11,S05,K0029,日化,1,59.08
2026-07-21 03:27,S05,K0004,日化,3,19.17
2026-07-21 03:22,S05,K0038,零食,1,20.9
2026-07-21 02:50,S05,K0013,零食,1,57.58
2026-07-21 04:21,S05,K0006,饮料,2,9.36
2026-07-21 04:09,S05,K0032,乳品,3,21.48
2026-07-21 04:14,S05,K0024,日化,1,52.7
2026-07-21 04:13,S05,K0024,日化,2,26.35
2026-07-21 04:11,S05,K0019,日化,2,11.94
2026-07-21 04:44,S05,K0029,日化,3,29.54
2026-07-21 04:35,S05,K0014,日化,2,50.68
2026-07-21 04:59,S05,K0019,日化,3,11.94
2026-07-21 04:57,S05,K0027,乳品,3,15.11
2026-07-21 05:02,S05,K0010,鲜食,2,43.72
2026-07-21 05:53,S05,K0022,乳品,3,44.64
2026-07-21 05:49,S05,K0006,饮料,2,18.72
2026-07-21 06:00,S05,K0027,乳品,3,30.22
2026-07-21 06:37,S05,K0037,乳品,1,5.55
2026-07-21 07:07,S05,K0025,鲜食,3,40.32
2026-07-21 07:41,S05,K0003,零食,2,20.0
2026-07-21 08:36,S05,K0036,饮料,2,12.26
2026-07-21 08:39,S05,K0002,乳品,1,3.95
2026-07-21 08:08,S05,K0017,乳品,3,67.26
2026-07-21 09:15,S05,K0019,日化,1,11.94
2026-07-21 08:50,S05,K0016,饮料,1,15.96
2026-07-21 10:27,S05,K0005,鲜食,3,7.7
2026-07-21 10:19,S05,K0038,零食,3,20.9
2026-07-21 10:29,S05,K0017,乳品,3,67.26
2026-07-21 10:12,S05,K0008,零食,3,20.44
2026-07-21 09:59,S05,K0017,乳品,3,33.63
2026-07-21 11:18,S05,K0021,饮料,3,30.12
2026-07-21 10:59,S05,K0023,零食,1,57.66
2026-07-21 11:15,S05,K0024,日化,3,52.7
2026-07-21 12:07,S05,K0019,日化,3,5.97
2026-07-21 12:01,S05,K0033,零食,3,25.55
2026-07-21 13:37,S05,K0039,日化,1,12.46
2026-07-21 13:41,S05,K0021,饮料,3,60.24
2026-07-21 13:55,S05,K0024,日化,3,52.7
2026-07-21 13:49,S05,K0010,鲜食,1,43.72
2026-07-21 14:38,S05,K0024,日化,2,52.7
2026-07-20 21:55,S06,K0011,饮料,1,28.9
2026-07-20 22:03,S06,K0033,零食,1,25.55
2026-07-20 22:18,S06,K0027,乳品,1,15.11
2026-07-20 22:48,S06,K0009,日化,1,20.1
2026-07-20 23:33,S06,K0020,鲜食,2,6.09
2026-07-20 23:45,S06,K0029,日化,3,59.08
2026-07-20 23:34,S06,K0012,乳品,2,3.21
2026-07-20 23:03,S06,K0008,零食,1,20.44
2026-07-20 23:57,S06,K0020,鲜食,1,6.09
2026-07-21 00:16,S06,K0006,饮料,3,9.36
2026-07-21 01:38,S06,K0002,乳品,2,7.9
2026-07-21 01:01,S06,K0003,零食,1,10.0
2026-07-21 01:56,S06,K0031,饮料,2,30.57
2026-07-21 02:08,S06,K0005,鲜食,3,3.85
2026-07-21 03:47,S06,K0008,零食,3,20.44
2026-07-21 03:46,S06,K0038,零食,1,10.45
2026-07-21 03:54,S06,K0002,乳品,1,7.9
2026-07-21 04:11,S06,K0038,零食,2,10.45
2026-07-21 04:38,S06,K0033,零食,3,25.55
2026-07-21 04:25,S06,K0033,零食,1,25.55
2026-07-21 05:02,S06,K0034,日化,3,4.47
2026-07-21 04:59,S06,K0019,日化,3,5.97
2026-07-21 06:47,S06,K0014,日化,3,50.68
2026-07-21 06:33,S06,K0024,日化,3,26.35
2026-07-21 07:00,S06,K0007,乳品,2,47.6
2026-07-21 07:02,S06,K0028,零食,3,20.67
2026-07-21 06:56,S06,K0027,乳品,2,15.11
2026-07-21 08:22,S06,K0008,零食,1,40.88
2026-07-21 08:34,S06,K0024,日化,2,26.35
2026-07-21 08:09,S06,K0006,饮料,2,9.36
2026-07-21 09:18,S06,K0019,日化,3,11.94
2026-07-21 09:03,S06,K0029,日化,3,59.08
2026-07-21 09:43,S06,K0019,日化,2,5.97
2026-07-21 09:46,S06,K0005,鲜食,2,7.7
2026-07-21 08:49,S06,K0012,乳品,3,6.42
2026-07-21 10:17,S06,K0026,饮料,3,34.14
2026-07-21 09:58,S06,K0008,零食,2,40.88
2026-07-21 11:36,S06,K0007,乳品,1,23.8
2026-07-21 11:01,S06,K0024,日化,2,26.35
2026-07-21 11:43,S06,K0039,日化,2,6.23
2026-07-21 11:42,S06,K0015,鲜食,2,27.78
2026-07-21 11:37,S06,K0018,零食,3,27.54
2026-07-21 11:11,S06,K0026,饮料,2,68.28
2026-07-21 12:06,S06,K0033,零食,1,51.1
2026-07-21 11:56,S06,K0007,乳品,2,47.6
2026-07-21 12:03,S06,K0032,乳品,3,21.48
2026-07-21 13:36,S06,K0007,乳品,1,23.8
2026-07-21 13:32,S06,K0032,乳品,1,21.48
2026-07-21 14:32,S06,K0039,日化,2,6.23
2026-07-21 14:28,S06,K0020,鲜食,3,6.09
2026-07-21 14:31,S06,K0005,鲜食,3,7.7
2026-07-20 22:07,S07,K0013,零食,3,57.58
2026-07-20 22:21,S07,K0032,乳品,2,42.96
2026-07-20 22:23,S07,K0035,鲜食,1,10.29
2026-07-20 22:45,S07,K0028,零食,1,41.34
2026-07-20 22:09,S07,K0029,日化,2,59.08
2026-07-20 21:51,S07,K0030,鲜食,1,22.79
2026-07-20 22:31,S07,K0036,饮料,2,12.26
2026-07-20 22:16,S07,K0032,乳品,1,42.96
2026-07-20 22:20,S07,K0025,鲜食,1,40.32
2026-07-20 23:24,S07,K0031,饮料,1,30.57
2026-07-20 23:05,S07,K0026,饮料,2,68.28
2026-07-20 23:32,S07,K0040,鲜食,2,23.8
2026-07-20 22:52,S07,K0021,饮料,1,30.12
2026-07-20 23:42,S07,K0009,日化,2,20.1
2026-07-20 22:50,S07,K0038,零食,3,20.9
2026-07-20 22:55,S07,K0025,鲜食,2,40.32
2026-07-20 23:15,S07,K0023,零食,2,28.83
2026-07-20 23:04,S07,K0016,饮料,1,15.96
2026-07-21 00:44,S07,K0005,鲜食,2,3.85
2026-07-20 23:59,S07,K0022,乳品,1,44.64
2026-07-21 01:31,S07,K0030,鲜食,2,45.58
2026-07-21 00:50,S07,K0018,零食,3,27.54
2026-07-21 02:13,S07,K0021,饮料,3,60.24
2026-07-21 02:25,S07,K0021,饮料,1,60.24
2026-07-21 03:10,S07,K0014,日化,2,50.68
2026-07-21 03:28,S07,K0011,饮料,2,57.8
2026-07-21 03:01,S07,K0028,零食,2,20.67
2026-07-21 04:05,S07,K0019,日化,1,11.94
2026-07-21 04:14,S07,K0037,乳品,1,5.55
2026-07-21 03:55,S07,K0038,零食,3,20.9
2026-07-21 03:53,S07,K0018,零食,3,27.54
2026-07-21 04:02,S07,K0028,零食,2,20.67
2026-07-21 05:40,S07,K0033,零食,2,51.1
2026-07-21 05:09,S07,K0035,鲜食,1,20.58
2026-07-21 05:05,S07,K0026,饮料,3,68.28
2026-07-21 05:00,S07,K0036,饮料,1,12.26
2026-07-21 06:31,S07,K0014,日化,3,50.68
2026-07-21 06:48,S07,K0018,零食,3,27.54
2026-07-21 06:35,S07,K0037,乳品,3,5.55
2026-07-21 06:01,S07,K0034,日化,2,8.94
2026-07-21 06:04,S07,K0010,鲜食,1,43.72
2026-07-21 07:09,S07,K0027,乳品,1,15.11
2026-07-21 07:06,S07,K0027,乳品,2,15.11
2026-07-21 07:32,S07,K0017,乳品,3,33.63
2026-07-21 07:04,S07,K0026,饮料,1,34.14
2026-07-21 06:50,S07,K0013,零食,1,57.58
2026-07-21 08:24,S07,K0032,乳品,2,42.96
2026-07-21 08:01,S07,K0003,零食,1,20.0
2026-07-21 07:50,S07,K0009,日化,2,20.1
2026-07-21 08:00,S07,K0036,饮料,3,12.26
2026-07-21 08:39,S07,K0032,乳品,1,21.48
2026-07-21 09:27,S07,K0021,饮料,2,30.12
2026-07-21 09:46,S07,K0027,乳品,2,15.11
2026-07-21 09:42,S07,K0026,饮料,3,34.14
2026-07-21 10:25,S07,K0008,零食,3,20.44
2026-07-21 10:31,S07,K0034,日化,3,8.94
2026-07-21 10:45,S07,K0032,乳品,1,21.48
2026-07-21 09:56,S07,K0039,日化,2,12.46
2026-07-21 10:36,S07,K0038,零食,2,10.45
2026-07-21 10:58,S07,K0014,日化,1,25.34
2026-07-21 11:06,S07,K0014,日化,2,50.68
2026-07-21 11:44,S07,K0017,乳品,3,33.63
2026-07-21 11:23,S07,K0032,乳品,2,21.48
2026-07-21 11:23,S07,K0021,饮料,2,60.24
2026-07-21 11:06,S07,K0016,饮料,1,15.96
2026-07-21 11:34,S07,K0031,饮料,2,61.14
2026-07-21 11:30,S07,K0002,乳品,3,3.95
2026-07-21 12:05,S07,K0016,饮料,3,15.96
2026-07-21 12:29,S07,K0020,鲜食,3,12.18
2026-07-21 13:44,S07,K0035,鲜食,1,20.58
2026-07-21 12:49,S07,K0025,鲜食,2,40.32
2026-07-21 14:48,S07,K0006,饮料,1,18.72
2026-07-21 14:44,S07,K0014,日化,1,50.68
2026-07-21 14:45,S07,K0021,饮料,3,60.24
2026-07-21 14:06,S07,K0003,零食,1,20.0
2026-07-20 22:48,S08,K0027,乳品,2,30.22
2026-07-20 22:41,S08,K0007,乳品,1,47.6
2026-07-20 21:53,S08,K0033,零食,2,51.1
2026-07-20 22:35,S08,K0039,日化,3,12.46
2026-07-20 22:33,S08,K0030,鲜食,1,22.79
2026-07-20 23:29,S08,K0012,乳品,2,3.21
2026-07-20 23:14,S08,K0001,饮料,1,33.0
2026-07-20 23:25,S08,K0021,饮料,1,30.12
2026-07-20 23:04,S08,K0011,饮料,3,28.9
2026-07-20 23:32,S08,K0039,日化,2,12.46
2026-07-20 23:19,S08,K0029,日化,3,29.54
2026-07-20 23:00,S08,K0017,乳品,3,67.26
2026-07-20 23:54,S08,K0013,零食,2,57.58
2026-07-21 00:14,S08,K0012,乳品,2,3.21
2026-07-20 23:50,S08,K0002,乳品,3,3.95
2026-07-21 01:01,S08,K0030,鲜食,2,22.79
2026-07-21 01:14,S08,K0004,日化,3,38.34
2026-07-21 01:58,S08,K0017,乳品,1,67.26
2026-07-21 02:25,S08,K0011,饮料,1,28.9
2026-07-21 02:16,S08,K0034,日化,2,8.94
2026-07-21 02:03,S08,K0008,零食,3,20.44
2026-07-21 03:07,S08,K0018,零食,3,27.54
2026-07-21 02:57,S08,K0025,鲜食,2,20.16
2026-07-21 03:02,S08,K0039,日化,2,6.23
2026-07-21 04:15,S08,K0012,乳品,1,3.21
2026-07-21 04:05,S08,K0019,日化,1,11.94
2026-07-21 04:12,S08,K0016,饮料,3,15.96
2026-07-21 03:49,S08,K0006,饮料,2,9.36
2026-07-21 04:33,S08,K0021,饮料,2,30.12
2026-07-21 05:34,S08,K0025,鲜食,2,40.32
2026-07-21 04:55,S08,K0005,鲜食,3,3.85
2026-07-21 05:10,S08,K0004,日化,1,38.34
2026-07-21 05:27,S08,K0023,零食,3,28.83
2026-07-21 06:21,S08,K0017,乳品,3,67.26
2026-07-21 06:14,S08,K0020,鲜食,3,12.18
2026-07-21 06:51,S08,K0036,饮料,3,12.26
2026-07-21 06:59,S08,K0017,乳品,3,67.26
2026-07-21 07:57,S08,K0030,鲜食,1,45.58
2026-07-21 08:16,S08,K0034,日化,1,8.94
2026-07-21 08:09,S08,K0008,零食,1,20.44
2026-07-21 09:36,S08,K0018,零食,2,27.54
2026-07-21 09:46,S08,K0019,日化,2,11.94
2026-07-21 09:09,S08,K0034,日化,2,4.47
2026-07-21 09:36,S08,K0021,饮料,2,30.12
2026-07-21 09:43,S08,K0036,饮料,3,24.52
2026-07-21 09:58,S08,K0013,零食,1,28.79
2026-07-21 09:51,S08,K0012,乳品,2,6.42
2026-07-21 11:16,S08,K0030,鲜食,1,45.58
2026-07-21 11:17,S08,K0003,零食,2,20.0
2026-07-21 11:20,S08,K0030,鲜食,1,22.79
2026-07-21 11:54,S08,K0023,零食,1,57.66
2026-07-21 12:42,S08,K0012,乳品,1,6.42
2026-07-21 13:02,S08,K0038,零食,3,10.45
2026-07-21 13:38,S08,K0034,日化,3,4.47
2026-07-21 13:47,S08,K0027,乳品,1,15.11
2026-07-21 13:32,S08,K0032,乳品,1,42.96
2026-07-21 14:32,S08,K0019,日化,3,5.97
2026-07-21 14:12,S08,K0026,饮料,3,34.14
2026-07-20 21:50,S09,K0010,鲜食,1,43.72
2026-07-20 22:18,S09,K0031,饮料,3,61.14
2026-07-20 22:31,S09,K0039,日化,1,12.46
2026-07-20 22:30,S09,K0003,零食,3,20.0
2026-07-20 22:57,S09,K0037,乳品,1,5.55
2026-07-20 23:09,S09,K0019,日化,1,5.97
2026-07-20 23:27,S09,K0036,饮料,2,12.26
2026-07-20 23:05,S09,K0026,饮料,1,34.14
2026-07-20 23:50,S09,K0006,饮料,1,9.36
2026-07-21 00:38,S09,K0025,鲜食,2,40.32
2026-07-20 23:56,S09,K0010,鲜食,2,43.72
2026-07-21 01:46,S09,K0020,鲜食,3,6.09
2026-07-21 01:31,S09,K0023,零食,1,57.66
2026-07-21 01:01,S09,K0033,零食,2,51.1
2026-07-21 02:06,S09,K0031,饮料,3,61.14
2026-07-21 02:37,S09,K0006,饮料,2,18.72
2026-07-21 02:00,S09,K0040,鲜食,2,23.8
2026-07-21 03:21,S09,K0003,零食,2,20.0
2026-07-21 03:30,S09,K0015,鲜食,3,13.89
2026-07-21 04:29,S09,K0034,日化,3,4.47
2026-07-21 04:18,S09,K0019,日化,2,5.97
2026-07-21 04:08,S09,K0031,饮料,1,30.57
2026-07-21 04:42,S09,K0020,鲜食,1,12.18
2026-07-21 04:25,S09,K0019,日化,1,5.97
2026-07-21 04:55,S09,K0033,零食,3,51.1
2026-07-21 04:55,S09,K0027,乳品,2,30.22
2026-07-21 06:26,S09,K0017,乳品,1,33.63
2026-07-21 06:36,S09,K0008,零食,3,40.88
2026-07-21 06:39,S09,K0012,乳品,1,6.42
2026-07-21 07:15,S09,K0006,饮料,3,18.72
2026-07-21 07:26,S09,K0021,饮料,3,60.24
2026-07-21 08:40,S09,K0040,鲜食,2,23.8
2026-07-21 08:02,S09,K0012,乳品,1,3.21
2026-07-21 08:05,S09,K0039,日化,3,6.23
2026-07-21 08:50,S09,K0035,鲜食,1,20.58
2026-07-21 08:49,S09,K0008,零食,1,40.88
2026-07-21 09:33,S09,K0030,鲜食,2,45.58
2026-07-21 09:28,S09,K0020,鲜食,3,12.18
2026-07-21 09:40,S09,K0026,饮料,2,34.14
2026-07-21 09:49,S09,K0009,日化,1,10.05
2026-07-21 10:33,S09,K0002,乳品,1,3.95
2026-07-21 10:19,S09,K0014,日化,3,25.34
2026-07-21 11:42,S09,K0028,零食,3,20.67
2026-07-21 11:08,S09,K0006,饮料,2,9.36
2026-07-21 11:16,S09,K0031,饮料,1,30.57
2026-07-21 12:36,S09,K0010,鲜食,3,43.72
2026-07-21 12:19,S09,K0032,乳品,1,42.96
2026-07-21 13:07,S09,K0013,零食,3,57.58
2026-07-21 13:10,S09,K0004,日化,1,19.17
2026-07-21 14:43,S09,K0027,乳品,2,30.22
2026-07-21 14:20,S09,K0003,零食,2,20.0
2026-07-21 14:26,S09,K0033,零食,3,51.1
2026-07-20 22:22,S10,K0004,日化,1,38.34
2026-07-20 22:09,S10,K0037,乳品,3,5.55
2026-07-20 22:46,S10,K0018,零食,3,27.54
2026-07-20 21:56,S10,K0031,饮料,2,61.14
2026-07-20 22:33,S10,K0029,日化,2,29.54
2026-07-20 23:35,S10,K0019,日化,1,11.94
2026-07-20 23:17,S10,K0023,零食,1,28.83
2026-07-20 23:47,S10,K0038,零食,3,20.9
2026-07-20 23:43,S10,K0039,日化,3,12.46
2026-07-21 00:35,S10,K0019,日化,3,11.94
2026-07-21 00:42,S10,K0027,乳品,3,30.22
2026-07-21 00:40,S10,K0031,饮料,1,30.57
2026-07-21 01:31,S10,K0006,饮料,2,9.36
2026-07-21 01:01,S10,K0012,乳品,1,6.42
2026-07-21 01:39,S10,K0007,乳品,2,47.6
2026-07-21 01:04,S10,K0020,鲜食,1,6.09
2026-07-21 02:45,S10,K0023,零食,2,57.66
2026-07-21 02:00,S10,K0011,饮料,3,28.9
2026-07-21 03:16,S10,K0022,乳品,1,22.32
2026-07-21 03:24,S10,K0008,零食,1,40.88
2026-07-21 03:10,S10,K0017,乳品,2,33.63
2026-07-21 04:43,S10,K0010,鲜食,3,21.86
2026-07-21 04:48,S10,K0004,日化,2,38.34
2026-07-21 03:55,S10,K0008,零食,3,20.44
2026-07-21 03:51,S10,K0036,饮料,3,12.26
2026-07-21 04:29,S10,K0011,饮料,1,28.9
2026-07-21 03:59,S10,K0024,日化,3,52.7
2026-07-21 05:20,S10,K0033,零食,3,25.55
2026-07-21 05:30,S10,K0010,鲜食,2,43.72
2026-07-21 04:56,S10,K0009,日化,1,20.1
2026-07-21 05:38,S10,K0027,乳品,1,15.11
2026-07-21 05:10,S10,K0031,饮料,2,30.57
2026-07-21 06:12,S10,K0018,零食,3,27.54
2026-07-21 06:29,S10,K0024,日化,3,26.35
2026-07-21 07:15,S10,K0034,日化,1,4.47
2026-07-21 07:15,S10,K0028,零食,2,41.34
2026-07-21 07:39,S10,K0034,日化,3,8.94
2026-07-21 07:58,S10,K0029,日化,1,29.54
2026-07-21 08:10,S10,K0006,饮料,2,18.72
2026-07-21 08:52,S10,K0028,零食,2,20.67
2026-07-21 09:46,S10,K0010,鲜食,3,21.86
2026-07-21 09:07,S10,K0034,日化,2,8.94
2026-07-21 09:44,S10,K0036,饮料,2,24.52
2026-07-21 10:41,S10,K0001,饮料,2,16.5
2026-07-21 10:17,S10,K0026,饮料,3,34.14
2026-07-21 10:28,S10,K0035,鲜食,3,20.58
2026-07-21 10:45,S10,K0023,零食,3,57.66
2026-07-21 10:45,S10,K0013,零食,2,28.79
2026-07-21 10:23,S10,K0003,零食,2,20.0
2026-07-21 10:22,S10,K0009,日化,3,20.1
2026-07-21 11:21,S10,K0006,饮料,3,18.72
2026-07-21 11:10,S10,K0034,日化,3,4.47
2026-07-21 10:50,S10,K0002,乳品,3,7.9
2026-07-21 11:42,S10,K0016,饮料,2,15.96
2026-07-21 10:56,S10,K0033,零食,3,25.55
2026-07-21 12:29,S10,K0017,乳品,3,67.26
2026-07-21 11:52,S10,K0008,零食,3,20.44
2026-07-21 12:08,S10,K0029,日化,3,29.54
2026-07-21 12:10,S10,K0030,鲜食,1,22.79
2026-07-21 13:07,S10,K0020,鲜食,3,6.09
2026-07-21 13:22,S10,K0025,鲜食,3,20.16
2026-07-21 13:09,S10,K0007,乳品,3,23.8
2026-07-21 13:18,S10,K0024,日化,1,26.35
2026-07-21 13:54,S10,K0027,乳品,1,15.11
2026-07-21 14:45,S10,K0028,零食,1,41.34
2026-07-21 14:17,S10,K0014,日化,1,50.68
2026-07-21 14:14,S10,K0034,日化,3,8.94
2026-07-21 14:26,S10,K0017,乳品,2,67.26
2026-07-20 22:35,S11,K0032,乳品,2,21.48
2026-07-20 22:21,S11,K0010,鲜食,1,43.72
2026-07-20 21:57,S11,K0030,鲜食,3,22.79
2026-07-20 22:18,S11,K0014,日化,2,25.34
2026-07-20 22:24,S11,K0011,饮料,2,28.9
2026-07-20 22:56,S11,K0027,乳品,1,30.22
2026-07-20 23:07,S11,K0037,乳品,1,5.55
2026-07-20 23:12,S11,K0008,零食,2,40.88
2026-07-20 23:07,S11,K0020,鲜食,2,6.09
2026-07-20 22:58,S11,K0010,鲜食,3,43.72
2026-07-20 23:48,S11,K0004,日化,2,38.34
2026-07-21 00:41,S11,K0012,乳品,3,6.42
2026-07-20 23:56,S11,K0001,饮料,3,33.0
2026-07-21 01:15,S11,K0003,零食,2,20.0
2026-07-21 01:17,S11,K0037,乳品,2,11.1
2026-07-21 01:57,S11,K0039,日化,1,12.46
2026-07-21 02:31,S11,K0029,日化,2,29.54
2026-07-21 01:54,S11,K0021,饮料,3,60.24
2026-07-21 03:46,S11,K0015,鲜食,2,27.78
2026-07-21 02:51,S11,K0035,鲜食,3,20.58
2026-07-21 03:30,S11,K0018,零食,1,13.77
2026-07-21 03:25,S11,K0002,乳品,3,7.9
2026-07-21 03:30,S11,K0036,饮料,1,12.26
2026-07-21 04:23,S11,K0040,鲜食,3,11.9
2026-07-21 04:22,S11,K0037,乳品,1,11.1
2026-07-21 04:46,S11,K0033,零食,1,25.55
2026-07-21 05:00,S11,K0035,鲜食,1,20.58
2026-07-21 05:04,S11,K0014,日化,3,50.68
2026-07-21 05:40,S11,K0006,饮料,3,18.72
2026-07-21 05:26,S11,K0026,饮料,1,68.28
2026-07-21 06:16,S11,K0022,乳品,1,44.64
2026-07-21 06:44,S11,K0002,乳品,3,7.9
2026-07-21 06:54,S11,K0017,乳品,1,33.63
2026-07-21 06:59,S11,K0035,鲜食,2,10.29
2026-07-21 07:05,S11,K0012,乳品,1,3.21
2026-07-21 08:32,S11,K0027,乳品,1,15.11
2026-07-21 08:09,S11,K0040,鲜食,1,11.9
2026-07-21 08:08,S11,K0004,日化,2,19.17
2026-07-21 09:15,S11,K0010,鲜食,2,43.72
2026-07-21 09:41,S11,K0025,鲜食,1,20.16
2026-07-21 09:04,S11,K0013,零食,3,28.79
2026-07-21 09:21,S11,K0032,乳品,3,42.96
2026-07-21 09:52,S11,K0018,零食,2,27.54
2026-07-21 10:15,S11,K0036,饮料,1,24.52
2026-07-21 11:29,S11,K0027,乳品,1,15.11
2026-07-21 11:24,S11,K0018,零食,3,13.77
2026-07-21 12:30,S11,K0036,饮料,1,24.52
2026-07-21 12:15,S11,K0037,乳品,2,5.55
2026-07-21 13:02,S11,K0033,零食,1,51.1
2026-07-21 12:59,S11,K0035,鲜食,1,20.58
2026-07-21 13:17,S11,K0036,饮料,1,12.26
2026-07-21 13:42,S11,K0030,鲜食,3,45.58
2026-07-21 13:49,S11,K0011,饮料,1,57.8
2026-07-21 14:27,S11,K0018,零食,2,27.54
2026-07-21 14:42,S11,K0023,零食,3,28.83
2026-07-21 14:42,S11,K0038,零食,3,20.9
2026-07-20 22:36,S12,K0011,饮料,3,28.9
2026-07-20 21:54,S12,K0020,鲜食,2,6.09
2026-07-20 23:06,S12,K0036,饮料,2,12.26
2026-07-20 23:21,S12,K0040,鲜食,2,23.8
2026-07-20 23:37,S12,K0017,乳品,3,67.26
2026-07-21 00:31,S12,K0016,饮料,2,15.96
2026-07-21 00:18,S12,K0014,日化,3,50.68
2026-07-21 00:47,S12,K0002,乳品,3,3.95
2026-07-21 01:19,S12,K0039,日化,1,6.23
2026-07-21 01:15,S12,K0012,乳品,3,6.42
2026-07-21 01:54,S12,K0035,鲜食,3,10.29
2026-07-21 01:50,S12,K0035,鲜食,3,20.58
2026-07-21 02:11,S12,K0008,零食,2,40.88
2026-07-21 03:42,S12,K0012,乳品,3,3.21
2026-07-21 03:18,S12,K0008,零食,2,20.44
2026-07-21 02:49,S12,K0029,日化,1,29.54
2026-07-21 03:32,S12,K0018,零食,3,27.54
2026-07-21 02:54,S12,K0013,零食,3,57.58
2026-07-21 04:20,S12,K0015,鲜食,2,13.89
2026-07-21 04:20,S12,K0018,零食,3,13.77
2026-07-21 04:01,S12,K0001,饮料,3,33.0
2026-07-21 05:25,S12,K0018,零食,3,27.54
2026-07-21 05:24,S12,K0011,饮料,1,28.9
2026-07-21 05:57,S12,K0038,零食,3,10.45
2026-07-21 06:05,S12,K0009,日化,3,10.05
2026-07-21 07:43,S12,K0013,零食,3,28.79
2026-07-21 07:28,S12,K0035,鲜食,2,20.58
2026-07-21 07:16,S12,K0001,饮料,3,16.5
2026-07-21 08:43,S12,K0028,零食,2,41.34
2026-07-21 08:32,S12,K0008,零食,3,40.88
2026-07-21 08:12,S12,K0032,乳品,3,21.48
2026-07-21 09:06,S12,K0004,日化,2,38.34
2026-07-21 08:49,S12,K0021,饮料,2,30.12
2026-07-21 08:54,S12,K0022,乳品,3,22.32
2026-07-21 09:53,S12,K0028,零食,1,20.67
2026-07-21 10:10,S12,K0011,饮料,2,28.9
2026-07-21 09:50,S12,K0007,乳品,2,47.6
2026-07-21 11:40,S12,K0038,零食,3,20.9
2026-07-21 11:04,S12,K0017,乳品,1,67.26
2026-07-21 12:42,S12,K0022,乳品,1,44.64
2026-07-21 12:39,S12,K0034,日化,1,4.47
2026-07-21 13:29,S12,K0007,乳品,2,23.8
2026-07-21 12:52,S12,K0006,饮料,1,18.72
2026-07-21 13:45,S12,K0021,饮料,3,30.12
2026-07-21 14:47,S12,K0004,日化,2,19.17
2026-07-21 14:28,S12,K0020,鲜食,3,12.18
2026-07-21 22:32,S01,K0007,乳品,1,23.8
2026-07-21 22:43,S01,K0019,日化,2,11.94
2026-07-21 22:28,S01,K0007,乳品,2,23.8
2026-07-21 23:13,S01,K0030,鲜食,2,45.58
2026-07-21 23:28,S01,K0040,鲜食,1,23.8
2026-07-22 00:22,S01,K0030,鲜食,2,22.79
2026-07-21 23:55,S01,K0007,乳品,1,23.8
2026-07-22 00:57,S01,K0037,乳品,3,11.1
2026-07-22 01:15,S01,K0023,零食,2,57.66
2026-07-22 01:04,S01,K0012,乳品,1,3.21
2026-07-22 02:08,S01,K0009,日化,3,20.1
2026-07-22 02:30,S01,K0033,零食,2,51.1
2026-07-22 03:19,S01,K0010,鲜食,2,43.72
2026-07-22 03:12,S01,K0019,日化,1,5.97
2026-07-22 03:04,S01,K0004,日化,3,19.17
2026-07-22 03:11,S01,K0028,零食,1,20.67
2026-07-22 04:10,S01,K0005,鲜食,1,7.7
2026-07-22 04:27,S01,K0030,鲜食,3,45.58
2026-07-22 04:25,S01,K0038,零食,2,20.9
2026-07-22 04:10,S01,K0027,乳品,1,15.11
2026-07-22 04:45,S01,K0030,鲜食,1,45.58
2026-07-22 05:29,S01,K0001,饮料,1,16.5
2026-07-22 05:28,S01,K0030,鲜食,1,22.79
2026-07-22 05:36,S01,K0031,饮料,2,61.14
2026-07-22 06:00,S01,K0026,饮料,1,68.28
2026-07-22 05:53,S01,K0001,饮料,2,16.5
2026-07-22 05:56,S01,K0036,饮料,1,24.52
2026-07-22 07:29,S01,K0013,零食,3,57.58
2026-07-22 06:50,S01,K0003,零食,1,10.0
2026-07-22 07:00,S01,K0019,日化,1,11.94
2026-07-22 07:10,S01,K0012,乳品,3,3.21
2026-07-22 07:01,S01,K0012,乳品,1,3.21
2026-07-22 07:50,S01,K0007,乳品,3,23.8
2026-07-22 08:30,S01,K0025,鲜食,1,40.32
2026-07-22 08:08,S01,K0014,日化,2,25.34
2026-07-22 08:40,S01,K0024,日化,2,26.35
2026-07-22 09:45,S01,K0040,鲜食,2,11.9
2026-07-22 08:58,S01,K0008,零食,1,20.44
2026-07-22 09:23,S01,K0013,零食,2,57.58
2026-07-22 09:27,S01,K0021,饮料,2,30.12
2026-07-22 09:37,S01,K0003,零食,3,10.0
2026-07-22 09:07,S01,K0035,鲜食,1,20.58
2026-07-22 08:52,S01,K0016,饮料,3,15.96
2026-07-22 09:43,S01,K0009,日化,3,20.1
2026-07-22 09:35,S01,K0014,日化,1,50.68
2026-07-22 08:53,S01,K0040,鲜食,1,23.8
2026-07-22 10:20,S01,K0024,日化,3,52.7
2026-07-22 10:09,S01,K0012,乳品,3,6.42
2026-07-22 10:33,S01,K0034,日化,2,8.94
2026-07-22 10:06,S01,K0031,饮料,3,61.14
2026-07-22 10:30,S01,K0038,零食,1,10.45
2026-07-22 10:46,S01,K0015,鲜食,1,27.78
2026-07-22 10:14,S01,K0016,饮料,1,15.96
2026-07-22 10:45,S01,K0028,零食,2,20.67
2026-07-22 10:05,S01,K0024,日化,3,26.35
2026-07-22 10:37,S01,K0009,日化,1,20.1
2026-07-22 11:11,S01,K0034,日化,1,4.47
2026-07-22 11:21,S01,K0030,鲜食,3,45.58
2026-07-22 11:17,S01,K0028,零食,2,41.34
2026-07-22 11:12,S01,K0027,乳品,2,30.22
2026-07-22 11:13,S01,K0018,零食,1,13.77
2026-07-22 11:03,S01,K0029,日化,2,29.54
2026-07-22 11:46,S01,K0023,零食,1,57.66
2026-07-22 11:21,S01,K0033,零食,3,25.55
2026-07-22 11:48,S01,K0018,零食,1,13.77
2026-07-22 12:12,S01,K0005,鲜食,1,3.85
2026-07-22 12:01,S01,K0022,乳品,3,44.64
2026-07-22 13:36,S01,K0020,鲜食,3,12.18
2026-07-22 13:34,S01,K0013,零食,3,28.79
2026-07-22 13:47,S01,K0035,鲜食,2,10.29
2026-07-22 13:07,S01,K0020,鲜食,2,12.18
2026-07-22 14:37,S01,K0038,零食,3,10.45
2026-07-22 14:30,S01,K0031,饮料,3,30.57
2026-07-22 14:03,S01,K0026,饮料,1,34.14
2026-07-22 14:03,S01,K0031,饮料,3,61.14
2026-07-22 14:10,S01,K0030,鲜食,1,45.58
2026-07-21 22:38,S02,K0028,零食,3,41.34
2026-07-21 22:17,S02,K0014,日化,2,25.34
2026-07-21 21:57,S02,K0024,日化,3,26.35
2026-07-21 23:20,S02,K0001,饮料,3,33.0
2026-07-21 23:03,S02,K0022,乳品,2,44.64
2026-07-21 23:37,S02,K0026,饮料,3,68.28
2026-07-21 23:26,S02,K0021,饮料,1,30.12
2026-07-22 00:10,S02,K0010,鲜食,3,43.72
2026-07-22 00:02,S02,K0025,鲜食,2,20.16
2026-07-22 01:01,S02,K0025,鲜食,2,20.16
2026-07-22 01:25,S02,K0022,乳品,2,44.64
2026-07-22 00:59,S02,K0006,饮料,1,9.36
2026-07-22 01:41,S02,K0003,零食,3,20.0
2026-07-22 02:01,S02,K0012,乳品,1,6.42
2026-07-22 02:02,S02,K0019,日化,1,11.94
2026-07-22 02:53,S02,K0034,日化,2,4.47
2026-07-22 03:22,S02,K0024,日化,1,26.35
2026-07-22 03:44,S02,K0021,饮料,2,60.24
2026-07-22 02:56,S02,K0011,饮料,1,57.8
2026-07-22 03:36,S02,K0031,饮料,1,61.14
2026-07-22 02:57,S02,K0014,日化,1,50.68
2026-07-22 03:41,S02,K0028,零食,3,41.34
2026-07-22 04:25,S02,K0039,日化,2,6.23
2026-07-22 04:34,S02,K0033,零食,3,51.1
2026-07-22 04:01,S02,K0018,零食,1,13.77
2026-07-22 05:41,S02,K0005,鲜食,2,3.85
2026-07-22 05:10,S02,K0034,日化,3,8.94
2026-07-22 05:18,S02,K0030,鲜食,3,22.79
2026-07-22 06:07,S02,K0006,饮料,3,18.72
2026-07-22 06:33,S02,K0023,零食,3,57.66
2026-07-22 06:28,S02,K0026,饮料,1,68.28
2026-07-22 06:00,S02,K0016,饮料,3,15.96
2026-07-22 07:47,S02,K0025,鲜食,3,20.16
2026-07-22 06:55,S02,K0037,乳品,2,5.55
2026-07-22 07:45,S02,K0016,饮料,1,15.96
2026-07-22 08:07,S02,K0035,鲜食,3,10.29
2026-07-22 08:47,S02,K0014,日化,2,50.68
2026-07-22 07:56,S02,K0036,饮料,2,12.26
2026-07-22 08:21,S02,K0007,乳品,2,47.6
2026-07-22 09:05,S02,K0011,饮料,1,28.9
2026-07-22 08:50,S02,K0030,鲜食,1,45.58
2026-07-22 09:10,S02,K0025,鲜食,3,40.32
2026-07-22 09:14,S02,K0013,零食,1,28.79
2026-07-22 08:56,S02,K0017,乳品,3,33.63
2026-07-22 10:20,S02,K0030,鲜食,2,22.79
2026-07-22 10:24,S02,K0006,饮料,3,9.36
2026-07-22 09:57,S02,K0029,日化,2,59.08
2026-07-22 09:59,S02,K0011,饮料,1,28.9
2026-07-22 10:56,S02,K0019,日化,3,11.94
2026-07-22 10:53,S02,K0011,饮料,3,28.9
2026-07-22 10:58,S02,K0018,零食,2,27.54
2026-07-22 12:34,S02,K0014,日化,1,25.34
2026-07-22 12:33,S02,K0029,日化,1,29.54
2026-07-22 13:17,S02,K0020,鲜食,1,6.09
2026-07-22 13:38,S02,K0004,日化,2,19.17
2026-07-22 13:12,S02,K0016,饮料,1,7.98
2026-07-22 14:15,S02,K0002,乳品,1,3.95
2026-07-22 14:41,S02,K0022,乳品,1,22.32
2026-07-21 22:40,S03,K0007,乳品,3,23.8
2026-07-21 21:51,S03,K0011,饮料,2,28.9
2026-07-21 22:09,S03,K0021,饮料,3,30.12
2026-07-21 23:14,S03,K0035,鲜食,2,10.29
2026-07-21 23:02,S03,K0015,鲜食,1,27.78
2026-07-21 23:00,S03,K0021,饮料,1,60.24
2026-07-22 00:13,S03,K0001,饮料,1,33.0
2026-07-21 23:53,S03,K0015,鲜食,3,27.78
2026-07-22 00:12,S03,K0040,鲜食,1,11.9
2026-07-22 01:08,S03,K0027,乳品,3,30.22
2026-07-22 01:34,S03,K0007,乳品,3,23.8
2026-07-22 02:27,S03,K0007,乳品,2,47.6
2026-07-22 02:10,S03,K0009,日化,1,20.1
2026-07-22 01:53,S03,K0031,饮料,2,30.57
2026-07-22 03:21,S03,K0025,鲜食,3,20.16
2026-07-22 03:26,S03,K0033,零食,3,25.55
2026-07-22 02:50,S03,K0015,鲜食,3,13.89
2026-07-22 03:04,S03,K0020,鲜食,3,12.18
2026-07-22 03:28,S03,K0016,饮料,1,7.98
2026-07-22 04:20,S03,K0024,日化,2,26.35
2026-07-22 04:13,S03,K0010,鲜食,1,21.86
2026-07-22 04:48,S03,K0016,饮料,3,15.96
2026-07-22 05:06,S03,K0009,日化,2,10.05
2026-07-22 05:39,S03,K0034,日化,2,8.94
2026-07-22 05:03,S03,K0002,乳品,3,7.9
2026-07-22 06:02,S03,K0016,饮料,3,7.98
2026-07-22 06:40,S03,K0016,饮料,3,7.98
2026-07-22 06:44,S03,K0039,日化,2,12.46
2026-07-22 07:29,S03,K0029,日化,1,29.54
2026-07-22 06:53,S03,K0032,乳品,1,21.48
2026-07-22 07:57,S03,K0014,日化,1,25.34
2026-07-22 08:24,S03,K0038,零食,1,10.45
2026-07-22 09:16,S03,K0006,饮料,3,18.72
2026-07-22 08:59,S03,K0020,鲜食,3,6.09
2026-07-22 09:16,S03,K0016,饮料,1,7.98
2026-07-22 09:07,S03,K0020,鲜食,3,12.18
2026-07-22 09:06,S03,K0013,零食,2,28.79
2026-07-22 09:14,S03,K0024,日化,2,26.35
2026-07-22 10:16,S03,K0029,日化,3,59.08
2026-07-22 10:41,S03,K0010,鲜食,2,21.86
2026-07-22 10:16,S03,K0025,鲜食,1,40.32
2026-07-22 10:23,S03,K0039,日化,1,6.23
2026-07-22 10:13,S03,K0017,乳品,2,67.26
2026-07-22 11:13,S03,K0019,日化,3,11.94
2026-07-22 11:10,S03,K0005,鲜食,1,7.7
2026-07-22 10:58,S03,K0013,零食,1,28.79
2026-07-22 11:44,S03,K0001,饮料,3,33.0
2026-07-22 11:14,S03,K0032,乳品,2,42.96
2026-07-22 12:20,S03,K0025,鲜食,2,20.16
2026-07-22 12:45,S03,K0027,乳品,1,15.11
2026-07-22 12:48,S03,K0025,鲜食,3,20.16
2026-07-22 13:05,S03,K0028,零食,3,41.34
2026-07-22 13:34,S03,K0033,零食,2,51.1
2026-07-22 14:48,S03,K0025,鲜食,2,20.16
2026-07-22 14:19,S03,K0016,饮料,1,15.96
2026-07-21 22:05,S04,K0010,鲜食,3,43.72
2026-07-21 22:05,S04,K0010,鲜食,1,21.86
2026-07-21 23:38,S04,K0008,零食,1,40.88
2026-07-21 23:34,S04,K0026,饮料,3,34.14
2026-07-21 23:59,S04,K0028,零食,2,41.34
2026-07-22 00:21,S04,K0020,鲜食,3,12.18
2026-07-22 00:08,S04,K0038,零食,3,20.9
2026-07-22 01:29,S04,K0007,乳品,3,47.6
2026-07-22 01:06,S04,K0010,鲜食,3,21.86
2026-07-22 01:49,S04,K0020,鲜食,1,12.18
2026-07-22 01:55,S04,K0001,饮料,1,33.0
2026-07-22 02:15,S04,K0034,日化,3,8.94
2026-07-22 01:59,S04,K0028,零食,1,41.34
2026-07-22 02:34,S04,K0012,乳品,1,3.21
2026-07-22 03:21,S04,K0012,乳品,1,6.42
2026-07-22 03:41,S04,K0037,乳品,1,5.55
2026-07-22 02:52,S04,K0013,零食,3,28.79
2026-07-22 03:05,S04,K0013,零食,2,57.58
2026-07-22 02:55,S04,K0040,鲜食,3,11.9
2026-07-22 03:07,S04,K0006,饮料,1,18.72
2026-07-22 03:06,S04,K0008,零食,1,40.88
2026-07-22 03:26,S04,K0002,乳品,1,7.9
2026-07-22 03:32,S04,K0032,乳品,1,21.48
2026-07-22 04:37,S04,K0018,零食,1,13.77
2026-07-22 04:02,S04,K0007,乳品,3,23.8
2026-07-22 05:22,S04,K0039,日化,2,12.46
2026-07-22 05:37,S04,K0031,饮料,2,61.14
2026-07-22 05:12,S04,K0022,乳品,3,44.64
2026-07-22 05:41,S04,K0021,饮料,1,60.24
2026-07-22 05:13,S04,K0026,饮料,3,34.14
2026-07-22 06:40,S04,K0022,乳品,1,22.32
2026-07-22 06:44,S04,K0030,鲜食,3,45.58
2026-07-22 05:50,S04,K0009,日化,3,10.05
2026-07-22 06:06,S04,K0034,日化,3,4.47
2026-07-22 07:28,S04,K0029,日化,3,59.08
2026-07-22 07:15,S04,K0033,零食,3,25.55
2026-07-22 07:29,S04,K0001,饮料,2,16.5
2026-07-22 07:44,S04,K0024,日化,1,52.7
2026-07-22 08:27,S04,K0015,鲜食,2,27.78
2026-07-22 08:39,S04,K0040,鲜食,1,23.8
2026-07-22 08:48,S04,K0028,零食,2,20.67
2026-07-22 08:07,S04,K0025,鲜食,3,20.16
2026-07-22 08:44,S04,K0010,鲜食,3,21.86
2026-07-22 09:39,S04,K0032,乳品,1,42.96
2026-07-22 09:44,S04,K0036,饮料,2,12.26
2026-07-22 08:56,S04,K0029,日化,2,29.54
2026-07-22 09:02,S04,K0016,饮料,1,7.98
2026-07-22 10:34,S04,K0028,零食,1,20.67
2026-07-22 10:46,S04,K0021,饮料,2,60.24
2026-07-22 10:35,S04,K0015,鲜食,2,27.78
2026-07-22 11:48,S04,K0009,日化,3,20.1
2026-07-22 11:39,S04,K0006,饮料,3,18.72
2026-07-22 11:48,S04,K0015,鲜食,3,13.89
2026-07-22 12:47,S04,K0025,鲜食,3,40.32
2026-07-22 12:43,S04,K0036,饮料,2,12.26
2026-07-22 12:05,S04,K0015,鲜食,1,27.78
2026-07-22 11:56,S04,K0006,饮料,1,18.72
2026-07-22 13:25,S04,K0008,零食,2,20.44
2026-07-22 13:13,S04,K0021,饮料,3,30.12
2026-07-22 12:52,S04,K0020,鲜食,3,6.09
2026-07-22 14:09,S04,K0028,零食,2,20.67
2026-07-22 14:31,S04,K0034,日化,3,4.47
2026-07-22 14:14,S04,K0007,乳品,1,47.6
2026-07-22 13:58,S04,K0021,饮料,2,30.12
2026-07-22 14:32,S04,K0032,乳品,2,21.48
2026-07-21 21:58,S05,K0019,日化,3,5.97
2026-07-21 22:09,S05,K0039,日化,2,6.23
2026-07-21 22:43,S05,K0018,零食,3,27.54
2026-07-21 22:20,S05,K0014,日化,2,50.68
2026-07-21 22:40,S05,K0004,日化,2,19.17
2026-07-21 22:43,S05,K0014,日化,3,25.34
2026-07-21 23:48,S05,K0004,日化,1,38.34
2026-07-21 23:08,S05,K0026,饮料,3,34.14
2026-07-21 23:24,S05,K0002,乳品,2,7.9
2026-07-21 23:32,S05,K0028,零食,2,41.34
2026-07-21 23:14,S05,K0026,饮料,1,68.28
2026-07-21 23:33,S05,K0019,日化,1,11.94
2026-07-21 22:57,S05,K0007,乳品,2,23.8
2026-07-22 00:18,S05,K0020,鲜食,3,6.09
2026-07-21 23:57,S05,K0037,乳品,2,11.1
2026-07-22 00:46,S05,K0019,日化,1,5.97
2026-07-22 00:40,S05,K0014,日化,3,25.34
2026-07-22 01:12,S05,K0001,饮料,3,16.5
2026-07-22 01:13,S05,K0010,鲜食,2,21.86
2026-07-22 00:55,S05,K0004,日化,2,38.34
2026-07-22 00:52,S05,K0012,乳品,1,6.42
2026-07-22 01:58,S05,K0028,零食,3,41.34
2026-07-22 01:51,S05,K0016,饮料,1,7.98
2026-07-22 02:20,S05,K0026,饮料,2,34.14
2026-07-22 02:38,S05,K0025,鲜食,3,20.16
2026-07-22 03:06,S05,K0025,鲜食,3,40.32
2026-07-22 02:49,S05,K0024,日化,1,26.35
2026-07-22 02:56,S05,K0006,饮料,2,9.36
2026-07-22 03:26,S05,K0002,乳品,3,7.9
2026-07-22 03:33,S05,K0018,零食,3,13.77
2026-07-22 04:13,S05,K0012,乳品,2,6.42
2026-07-22 04:25,S05,K0020,鲜食,1,6.09
2026-07-22 03:53,S05,K0021,饮料,3,30.12
2026-07-22 04:41,S05,K0026,饮料,3,34.14
2026-07-22 04:24,S05,K0026,饮料,3,68.28
2026-07-22 04:22,S05,K0005,鲜食,3,3.85
2026-07-22 05:00,S05,K0008,零食,3,20.44
2026-07-22 05:24,S05,K0001,饮料,2,33.0
2026-07-22 05:57,S05,K0003,零食,3,10.0
2026-07-22 05:54,S05,K0011,饮料,3,57.8
2026-07-22 06:56,S05,K0006,饮料,3,18.72
2026-07-22 07:23,S05,K0024,日化,1,52.7
2026-07-22 08:04,S05,K0001,饮料,2,16.5
2026-07-22 08:46,S05,K0034,日化,2,8.94
2026-07-22 08:25,S05,K0009,日化,2,20.1
2026-07-22 08:47,S05,K0034,日化,2,4.47
2026-07-22 09:31,S05,K0007,乳品,1,23.8
2026-07-22 09:01,S05,K0003,零食,1,20.0
2026-07-22 08:57,S05,K0014,日化,3,25.34
2026-07-22 09:11,S05,K0038,零食,2,10.45
2026-07-22 09:16,S05,K0040,鲜食,1,23.8
2026-07-22 09:13,S05,K0017,乳品,3,33.63
2026-07-22 09:18,S05,K0026,饮料,1,68.28
2026-07-22 10:33,S05,K0028,零食,1,20.67
2026-07-22 10:29,S05,K0005,鲜食,3,7.7
2026-07-22 10:34,S05,K0013,零食,2,28.79
2026-07-22 10:41,S05,K0027,乳品,1,30.22
2026-07-22 10:13,S05,K0028,零食,1,20.67
2026-07-22 10:06,S05,K0005,鲜食,1,3.85
2026-07-22 10:15,S05,K0036,饮料,1,24.52
2026-07-22 11:12,S05,K0006,饮料,2,18.72
2026-07-22 11:44,S05,K0010,鲜食,1,43.72
2026-07-22 10:55,S05,K0001,饮料,2,16.5
2026-07-22 10:55,S05,K0025,鲜食,1,20.16
2026-07-22 11:35,S05,K0034,日化,2,8.94
2026-07-22 11:22,S05,K0007,乳品,2,47.6
2026-07-22 11:06,S05,K0036,饮料,3,12.26
2026-07-22 12:09,S05,K0011,饮料,2,28.9
2026-07-22 12:40,S05,K0023,零食,3,57.66
2026-07-22 12:57,S05,K0038,零食,2,10.45
2026-07-22 13:34,S05,K0033,零食,1,25.55
2026-07-22 13:13,S05,K0010,鲜食,3,43.72
2026-07-22 14:34,S05,K0024,日化,1,52.7
2026-07-22 14:00,S05,K0030,鲜食,2,45.58
2026-07-21 22:07,S06,K0033,零食,2,51.1
2026-07-21 22:34,S06,K0034,日化,1,8.94
2026-07-21 22:08,S06,K0006,饮料,2,18.72
2026-07-21 22:29,S06,K0006,饮料,1,9.36
2026-07-21 21:54,S06,K0016,饮料,1,7.98
2026-07-21 23:24,S06,K0019,日化,2,5.97
2026-07-21 23:32,S06,K0028,零食,3,20.67
2026-07-22 00:21,S06,K0032,乳品,3,21.48
2026-07-21 23:49,S06,K0026,饮料,3,34.14
2026-07-22 00:34,S06,K0001,饮料,2,33.0
2026-07-22 01:32,S06,K0034,日化,3,4.47
2026-07-22 01:17,S06,K0039,日化,1,6.23
2026-07-22 02:12,S06,K0005,鲜食,1,7.7
2026-07-22 02:16,S06,K0004,日化,2,38.34
2026-07-22 02:56,S06,K0024,日化,2,26.35
2026-07-22 03:43,S06,K0035,鲜食,1,20.58
2026-07-22 03:19,S06,K0020,鲜食,2,12.18
2026-07-22 04:36,S06,K0001,饮料,3,33.0
2026-07-22 04:48,S06,K0014,日化,2,25.34
2026-07-22 04:46,S06,K0030,鲜食,3,45.58
2026-07-22 04:49,S06,K0023,零食,3,57.66
2026-07-22 05:08,S06,K0022,乳品,2,22.32
2026-07-22 06:45,S06,K0023,零食,3,28.83
2026-07-22 06:11,S06,K0026,饮料,1,34.14
2026-07-22 07:01,S06,K0032,乳品,1,21.48
2026-07-22 06:56,S06,K0027,乳品,2,15.11
2026-07-22 07:38,S06,K0010,鲜食,3,43.72
2026-07-22 08:14,S06,K0031,饮料,2,61.14
2026-07-22 08:16,S06,K0024,日化,1,52.7
2026-07-22 09:31,S06,K0029,日化,2,29.54
2026-07-22 09:11,S06,K0009,日化,3,20.1
2026-07-22 10:45,S06,K0023,零食,3,28.83
2026-07-22 10:01,S06,K0008,零食,2,20.44
2026-07-22 11:15,S06,K0026,饮料,3,68.28
2026-07-22 10:59,S06,K0003,零食,3,10.0
2026-07-22 11:31,S06,K0031,饮料,2,30.57
2026-07-22 12:24,S06,K0032,乳品,2,21.48
2026-07-22 12:37,S06,K0021,饮料,2,60.24
2026-07-22 11:56,S06,K0009,日化,1,10.05
2026-07-22 13:11,S06,K0010,鲜食,3,21.86
2026-07-22 12:52,S06,K0016,饮料,3,15.96
2026-07-22 14:36,S06,K0039,日化,1,12.46
2026-07-22 14:07,S06,K0031,饮料,2,61.14
2026-07-22 14:37,S06,K0006,饮料,2,9.36
2026-07-21 22:00,S07,K0033,零食,1,51.1
2026-07-21 22:44,S07,K0008,零食,2,20.44
2026-07-21 22:01,S07,K0028,零食,2,20.67
2026-07-21 22:28,S07,K0033,零食,1,25.55
2026-07-21 22:56,S07,K0015,鲜食,1,27.78
2026-07-21 23:06,S07,K0003,零食,1,10.0
2026-07-21 22:50,S07,K0028,零食,3,20.67
2026-07-21 23:44,S07,K0006,饮料,1,18.72
2026-07-22 00:08,S07,K0034,日化,3,4.47
2026-07-22 00:10,S07,K0015,鲜食,2,27.78
2026-07-22 00:21,S07,K0004,日化,2,19.17
2026-07-21 23:56,S07,K0020,鲜食,2,12.18
2026-07-22 00:11,S07,K0018,零食,3,27.54
2026-07-22 01:46,S07,K0021,饮料,1,30.12
2026-07-22 00:49,S07,K0003,零食,1,20.0
2026-07-22 01:07,S07,K0014,日化,2,50.68
2026-07-22 02:00,S07,K0028,零食,2,41.34
2026-07-22 02:10,S07,K0024,日化,2,26.35
2026-07-22 03:32,S07,K0001,饮料,3,16.5
2026-07-22 03:12,S07,K0022,乳品,3,44.64
2026-07-22 03:22,S07,K0038,零食,3,20.9
2026-07-22 04:02,S07,K0018,零食,3,27.54
2026-07-22 04:45,S07,K0006,饮料,1,9.36
2026-07-22 03:56,S07,K0039,日化,1,6.23
2026-07-22 04:34,S07,K0013,零食,2,28.79
2026-07-22 04:23,S07,K0005,鲜食,3,7.7
2026-07-22 05:37,S07,K0031,饮料,1,30.57
2026-07-22 04:57,S07,K0003,零食,1,20.0
2026-07-22 05:34,S07,K0036,饮料,2,24.52
2026-07-22 05:17,S07,K0024,日化,3,26.35
2026-07-22 06:19,S07,K0005,鲜食,2,3.85
2026-07-22 06:27,S07,K0011,饮料,2,28.9
2026-07-22 05:51,S07,K0019,日化,3,5.97
2026-07-22 06:36,S07,K0013,零食,2,57.58
2026-07-22 06:44,S07,K0035,鲜食,3,10.29
2026-07-22 07:37,S07,K0029,日化,3,59.08
2026-07-22 07:38,S07,K0036,饮料,2,24.52
2026-07-22 07:06,S07,K0039,日化,1,6.23
2026-07-22 08:25,S07,K0011,饮料,1,28.9
2026-07-22 08:18,S07,K0033,零食,3,51.1
2026-07-22 09:07,S07,K0015,鲜食,3,27.78
2026-07-22 08:56,S07,K0036,饮料,1,12.26
2026-07-22 09:23,S07,K0003,零食,1,20.0
2026-07-22 09:29,S07,K0003,零食,1,20.0
2026-07-22 09:06,S07,K0009,日化,1,10.05
2026-07-22 09:23,S07,K0014,日化,1,25.34
2026-07-22 10:12,S07,K0039,日化,2,6.23
2026-07-22 10:05,S07,K0036,饮料,3,12.26
2026-07-22 10:46,S07,K0027,乳品,3,30.22
2026-07-22 09:52,S07,K0021,饮料,3,30.12
2026-07-22 10:03,S07,K0023,零食,3,57.66
2026-07-22 10:05,S07,K0012,乳品,1,3.21
2026-07-22 10:30,S07,K0025,鲜食,2,20.16
2026-07-22 11:09,S07,K0015,鲜食,2,13.89
2026-07-22 11:29,S07,K0038,零食,2,10.45
2026-07-22 11:03,S07,K0029,日化,3,59.08
2026-07-22 10:58,S07,K0024,日化,2,26.35
2026-07-22 11:00,S07,K0032,乳品,2,21.48
2026-07-22 11:01,S07,K0012,乳品,3,6.42
2026-07-22 11:30,S07,K0012,乳品,2,3.21
2026-07-22 10:59,S07,K0020,鲜食,1,12.18
2026-07-22 11:01,S07,K0039,日化,1,6.23
2026-07-22 12:04,S07,K0028,零食,2,41.34
2026-07-22 12:35,S07,K0007,乳品,3,23.8
2026-07-22 12:55,S07,K0039,日化,2,12.46
2026-07-22 12:56,S07,K0002,乳品,1,3.95
2026-07-22 14:38,S07,K0016,饮料,1,15.96
2026-07-22 14:29,S07,K0010,鲜食,3,21.86
2026-07-22 14:39,S07,K0001,饮料,1,33.0
2026-07-21 22:01,S08,K0006,饮料,1,18.72
2026-07-21 22:46,S08,K0037,乳品,2,5.55
2026-07-21 22:10,S08,K0020,鲜食,2,6.09
2026-07-21 21:52,S08,K0016,饮料,3,15.96
2026-07-21 21:56,S08,K0035,鲜食,1,10.29
2026-07-21 22:23,S08,K0007,乳品,2,23.8
2026-07-21 22:45,S08,K0033,零食,2,25.55
2026-07-21 22:50,S08,K0015,鲜食,1,27.78
2026-07-21 22:58,S08,K0025,鲜食,2,40.32
2026-07-22 00:32,S08,K0025,鲜食,3,20.16
2026-07-21 23:59,S08,K0032,乳品,1,21.48
2026-07-22 01:11,S08,K0019,日化,1,11.94
2026-07-22 01:12,S08,K0008,零食,1,20.44
2026-07-22 02:00,S08,K0010,鲜食,2,43.72
2026-07-22 02:00,S08,K0039,日化,3,12.46
2026-07-22 02:46,S08,K0010,鲜食,3,43.72
2026-07-22 02:41,S08,K0040,鲜食,2,23.8
2026-07-22 03:47,S08,K0018,零食,2,27.54
2026-07-22 03:40,S08,K0017,乳品,3,33.63
2026-07-22 04:38,S08,K0010,鲜食,3,21.86
2026-07-22 03:58,S08,K0021,饮料,2,60.24
2026-07-22 05:41,S08,K0031,饮料,1,30.57
2026-07-22 05:16,S08,K0037,乳品,3,11.1
2026-07-22 04:54,S08,K0010,鲜食,2,21.86
2026-07-22 05:38,S08,K0012,乳品,2,6.42
2026-07-22 06:16,S08,K0032,乳品,2,42.96
2026-07-22 06:39,S08,K0039,日化,3,12.46
2026-07-22 06:40,S08,K0009,日化,3,10.05
2026-07-22 07:24,S08,K0027,乳品,2,30.22
2026-07-22 07:23,S08,K0035,鲜食,1,20.58
2026-07-22 07:26,S08,K0006,饮料,3,18.72
2026-07-22 08:38,S08,K0037,乳品,3,5.55
2026-07-22 08:04,S08,K0006,饮料,2,9.36
2026-07-22 08:43,S08,K0014,日化,1,50.68
2026-07-22 08:19,S08,K0036,饮料,1,12.26
2026-07-22 09:12,S08,K0023,零食,1,57.66
2026-07-22 08:58,S08,K0030,鲜食,3,45.58
2026-07-22 10:41,S08,K0014,日化,1,25.34
2026-07-22 09:56,S08,K0009,日化,3,10.05
2026-07-22 10:35,S08,K0025,鲜食,1,40.32
2026-07-22 11:33,S08,K0004,日化,1,19.17
2026-07-22 11:42,S08,K0031,饮料,3,30.57
2026-07-22 10:58,S08,K0002,乳品,2,3.95
2026-07-22 11:04,S08,K0006,饮料,1,9.36
2026-07-22 11:58,S08,K0027,乳品,1,30.22
2026-07-22 12:36,S08,K0009,日化,3,20.1
2026-07-22 12:15,S08,K0031,饮料,3,61.14
2026-07-22 12:39,S08,K0029,日化,3,29.54
2026-07-22 12:58,S08,K0008,零食,1,20.44
2026-07-22 13:37,S08,K0039,日化,1,6.23
2026-07-22 13:14,S08,K0001,饮料,2,33.0
2026-07-22 14:47,S08,K0017,乳品,3,67.26
2026-07-22 14:16,S08,K0015,鲜食,1,27.78
2026-07-22 14:22,S08,K0006,饮料,2,9.36
2026-07-22 14:14,S08,K0014,日化,3,25.34
2026-07-21 22:00,S09,K0026,饮料,3,34.14
2026-07-21 22:19,S09,K0030,鲜食,2,45.58
2026-07-21 21:59,S09,K0025,鲜食,1,40.32
2026-07-21 23:06,S09,K0013,零食,1,28.79
2026-07-21 23:12,S09,K0005,鲜食,3,7.7
2026-07-21 23:04,S09,K0002,乳品,2,3.95
2026-07-21 22:55,S09,K0035,鲜食,1,10.29
2026-07-21 22:49,S09,K0039,日化,2,6.23
2026-07-22 00:04,S09,K0003,零食,2,10.0
2026-07-22 00:25,S09,K0037,乳品,1,11.1
2026-07-22 01:09,S09,K0004,日化,1,38.34
2026-07-22 01:11,S09,K0001,饮料,2,33.0
2026-07-22 02:37,S09,K0021,饮料,2,60.24
2026-07-22 02:33,S09,K0009,日化,3,10.05
2026-07-22 03:46,S09,K0027,乳品,3,15.11
2026-07-22 03:40,S09,K0033,零食,1,25.55
2026-07-22 03:39,S09,K0038,零食,2,20.9
2026-07-22 03:44,S09,K0038,零食,1,20.9
2026-07-22 04:32,S09,K0010,鲜食,2,21.86
2026-07-22 04:34,S09,K0006,饮料,1,9.36
2026-07-22 04:38,S09,K0010,鲜食,3,21.86
2026-07-22 05:39,S09,K0029,日化,1,59.08
2026-07-22 05:12,S09,K0019,日化,3,11.94
2026-07-22 05:46,S09,K0003,零食,3,20.0
2026-07-22 06:28,S09,K0014,日化,3,25.34
2026-07-22 06:25,S09,K0010,鲜食,3,43.72
2026-07-22 06:58,S09,K0001,饮料,2,16.5
2026-07-22 06:55,S09,K0032,乳品,2,42.96
2026-07-22 07:59,S09,K0019,日化,1,11.94
2026-07-22 08:12,S09,K0037,乳品,2,5.55
2026-07-22 09:34,S09,K0012,乳品,2,6.42
2026-07-22 09:05,S09,K0031,饮料,2,30.57
2026-07-22 10:20,S09,K0037,乳品,1,11.1
2026-07-22 10:14,S09,K0019,日化,2,5.97
2026-07-22 11:21,S09,K0024,日化,3,52.7
2026-07-22 10:54,S09,K0024,日化,3,52.7
2026-07-22 11:17,S09,K0033,零食,2,25.55
2026-07-22 11:30,S09,K0040,鲜食,1,11.9
2026-07-22 10:49,S09,K0036,饮料,1,12.26
2026-07-22 11:59,S09,K0025,鲜食,3,40.32
2026-07-22 12:03,S09,K0005,鲜食,2,7.7
2026-07-22 12:11,S09,K0006,饮料,2,18.72
2026-07-22 12:54,S09,K0007,乳品,1,23.8
2026-07-22 13:38,S09,K0026,饮料,2,34.14
2026-07-22 13:10,S09,K0026,饮料,1,68.28
2026-07-22 14:20,S09,K0039,日化,1,12.46
2026-07-22 14:06,S09,K0008,零食,2,20.44
2026-07-22 13:58,S09,K0035,鲜食,2,10.29
2026-07-21 22:25,S10,K0021,饮料,1,60.24
2026-07-21 22:48,S10,K0004,日化,2,38.34
2026-07-21 22:02,S10,K0031,饮料,1,30.57
2026-07-21 22:37,S10,K0002,乳品,3,7.9
2026-07-21 22:05,S10,K0018,零食,3,13.77
2026-07-21 22:53,S10,K0010,鲜食,2,43.72
2026-07-21 23:08,S10,K0006,饮料,3,18.72
2026-07-21 23:22,S10,K0027,乳品,1,30.22
2026-07-21 23:54,S10,K0004,日化,2,38.34
2026-07-21 23:59,S10,K0020,鲜食,1,12.18
2026-07-22 00:19,S10,K0027,乳品,2,15.11
2026-07-22 01:47,S10,K0023,零食,3,57.66
2026-07-22 01:24,S10,K0001,饮料,3,16.5
2026-07-22 01:35,S10,K0005,鲜食,3,3.85
2026-07-22 01:31,S10,K0021,饮料,3,60.24
2026-07-22 00:58,S10,K0001,饮料,2,16.5
2026-07-22 01:56,S10,K0021,饮料,3,60.24
2026-07-22 02:22,S10,K0017,乳品,3,33.63
2026-07-22 02:42,S10,K0029,日化,1,59.08
2026-07-22 01:55,S10,K0038,零食,1,10.45
2026-07-22 02:15,S10,K0013,零食,3,28.79
2026-07-22 03:11,S10,K0014,日化,1,25.34
2026-07-22 02:49,S10,K0037,乳品,2,11.1
2026-07-22 03:08,S10,K0002,乳品,2,3.95
2026-07-22 03:30,S10,K0032,乳品,2,42.96
2026-07-22 03:11,S10,K0027,乳品,2,30.22
2026-07-22 03:37,S10,K0034,日化,2,4.47
2026-07-22 03:18,S10,K0012,乳品,2,6.42
2026-07-22 03:24,S10,K0012,乳品,3,3.21
2026-07-22 04:07,S10,K0025,鲜食,3,40.32
2026-07-22 04:33,S10,K0019,日化,3,5.97
2026-07-22 04:40,S10,K0006,饮料,1,9.36
2026-07-22 04:28,S10,K0002,乳品,2,3.95
2026-07-22 04:36,S10,K0032,乳品,3,21.48
2026-07-22 04:21,S10,K0029,日化,3,29.54
2026-07-22 04:43,S10,K0019,日化,2,5.97
2026-07-22 04:38,S10,K0015,鲜食,2,27.78
2026-07-22 05:43,S10,K0013,零食,2,28.79
2026-07-22 05:39,S10,K0023,零食,2,57.66
2026-07-22 06:12,S10,K0001,饮料,1,33.0
2026-07-22 06:45,S10,K0018,零食,3,27.54
2026-07-22 06:42,S10,K0020,鲜食,2,6.09
2026-07-22 06:46,S10,K0001,饮料,2,16.5
2026-07-22 05:50,S10,K0001,饮料,1,33.0
2026-07-22 06:59,S10,K0022,乳品,3,44.64
2026-07-22 07:24,S10,K0016,饮料,2,7.98
2026-07-22 07:30,S10,K0040,鲜食,2,11.9
2026-07-22 07:16,S10,K0037,乳品,1,11.1
2026-07-22 08:46,S10,K0026,饮料,2,34.14
2026-07-22 08:03,S10,K0028,零食,1,20.67
2026-07-22 07:56,S10,K0033,零食,3,51.1
2026-07-22 08:59,S10,K0036,饮料,2,12.26
2026-07-22 08:54,S10,K0006,饮料,1,18.72
2026-07-22 09:29,S10,K0001,饮料,3,16.5
2026-07-22 09:28,S10,K0002,乳品,3,3.95
2026-07-22 09:13,S10,K0037,乳品,1,5.55
2026-07-22 09:29,S10,K0030,鲜食,3,45.58
2026-07-22 10:30,S10,K0016,饮料,1,15.96
2026-07-22 10:23,S10,K0013,零食,1,57.58
2026-07-22 10:31,S10,K0017,乳品,1,67.26
2026-07-22 10:48,S10,K0006,饮料,1,9.36
2026-07-22 10:56,S10,K0007,乳品,2,23.8
2026-07-22 10:58,S10,K0007,乳品,2,47.6
2026-07-22 10:54,S10,K0012,乳品,1,6.42
2026-07-22 11:47,S10,K0024,日化,1,52.7
2026-07-22 11:20,S10,K0007,乳品,1,47.6
2026-07-22 11:20,S10,K0005,鲜食,3,3.85
2026-07-22 11:32,S10,K0014,日化,2,50.68
2026-07-22 11:29,S10,K0021,饮料,2,30.12
2026-07-22 11:08,S10,K0012,乳品,1,3.21
2026-07-22 11:29,S10,K0037,乳品,3,5.55
2026-07-22 11:10,S10,K0008,零食,2,40.88
2026-07-22 12:22,S10,K0011,饮料,3,57.8
2026-07-22 12:01,S10,K0008,零食,3,20.44
2026-07-22 13:21,S10,K0034,日化,1,4.47
2026-07-22 12:56,S10,K0024,日化,1,26.35
2026-07-22 14:03,S10,K0009,日化,1,10.05
2026-07-22 14:06,S10,K0018,零食,2,13.77
2026-07-22 14:11,S10,K0006,饮料,3,18.72
2026-07-22 14:36,S10,K0030,鲜食,2,45.58
2026-07-21 22:48,S11,K0026,饮料,1,68.28
2026-07-21 22:01,S11,K0012,乳品,3,6.42
2026-07-21 21:55,S11,K0026,饮料,3,68.28
2026-07-21 22:39,S11,K0011,饮料,1,57.8
2026-07-21 22:45,S11,K0028,零食,2,41.34
2026-07-21 22:36,S11,K0039,日化,2,12.46
2026-07-21 23:27,S11,K0007,乳品,2,47.6
2026-07-21 23:25,S11,K0013,零食,2,57.58
2026-07-21 23:17,S11,K0005,鲜食,1,3.85
2026-07-21 23:05,S11,K0033,零食,3,51.1
2026-07-21 23:27,S11,K0019,日化,3,11.94
2026-07-21 22:50,S11,K0026,饮料,1,34.14
2026-07-22 00:39,S11,K0028,零食,1,41.34
2026-07-21 23:53,S11,K0016,饮料,1,15.96
2026-07-21 23:58,S11,K0024,日化,2,26.35
2026-07-22 01:33,S11,K0021,饮料,1,60.24
2026-07-22 01:18,S11,K0014,日化,3,50.68
2026-07-22 01:53,S11,K0036,饮料,2,24.52
2026-07-22 02:02,S11,K0039,日化,3,6.23
2026-07-22 03:06,S11,K0036,饮料,3,12.26
2026-07-22 03:46,S11,K0037,乳品,3,11.1
2026-07-22 04:09,S11,K0028,零食,2,20.67
2026-07-22 03:52,S11,K0013,零食,2,57.58
2026-07-22 04:06,S11,K0003,零食,2,10.0
2026-07-22 04:17,S11,K0008,零食,1,40.88
2026-07-22 04:13,S11,K0038,零食,1,10.45
2026-07-22 03:50,S11,K0019,日化,3,5.97
2026-07-22 04:07,S11,K0030,鲜食,1,45.58
2026-07-22 05:47,S11,K0035,鲜食,3,10.29
2026-07-22 05:30,S11,K0022,乳品,1,22.32
2026-07-22 06:42,S11,K0007,乳品,2,47.6
2026-07-22 06:09,S11,K0018,零食,2,27.54
2026-07-22 06:24,S11,K0006,饮料,2,18.72
2026-07-22 07:14,S11,K0004,日化,2,38.34
2026-07-22 07:43,S11,K0032,乳品,3,21.48
2026-07-22 07:28,S11,K0024,日化,1,26.35
2026-07-22 06:52,S11,K0015,鲜食,1,13.89
2026-07-22 08:44,S11,K0021,饮料,3,60.24
2026-07-22 07:59,S11,K0015,鲜食,1,13.89
2026-07-22 09:41,S11,K0024,日化,3,26.35
2026-07-22 09:05,S11,K0004,日化,1,19.17
2026-07-22 09:08,S11,K0004,日化,1,38.34
2026-07-22 09:33,S11,K0022,乳品,3,44.64
2026-07-22 09:33,S11,K0018,零食,1,13.77
2026-07-22 09:18,S11,K0038,零食,1,10.45
2026-07-22 09:44,S11,K0021,饮料,1,60.24
2026-07-22 10:31,S11,K0029,日化,1,29.54
2026-07-22 10:19,S11,K0037,乳品,3,11.1
2026-07-22 10:09,S11,K0018,零食,3,27.54
2026-07-22 09:54,S11,K0015,鲜食,2,27.78
2026-07-22 10:11,S11,K0006,饮料,3,9.36
2026-07-22 10:33,S11,K0014,日化,1,25.34
2026-07-22 09:52,S11,K0032,乳品,1,21.48
2026-07-22 11:18,S11,K0014,日化,2,25.34
2026-07-22 10:55,S11,K0032,乳品,2,21.48
2026-07-22 11:37,S11,K0038,零食,3,20.9
2026-07-22 11:34,S11,K0020,鲜食,2,6.09
2026-07-22 10:55,S11,K0033,零食,1,25.55
2026-07-22 11:13,S11,K0024,日化,2,26.35
2026-07-22 11:01,S11,K0026,饮料,1,68.28
2026-07-22 12:32,S11,K0011,饮料,2,28.9
2026-07-22 12:18,S11,K0010,鲜食,1,21.86
2026-07-22 11:50,S11,K0016,饮料,2,7.98
2026-07-22 13:19,S11,K0002,乳品,3,7.9
2026-07-22 13:05,S11,K0023,零食,1,28.83
2026-07-22 13:16,S11,K0023,零食,1,28.83
2026-07-22 14:16,S11,K0033,零食,3,51.1
2026-07-22 14:17,S11,K0004,日化,2,38.34
2026-07-22 13:52,S11,K0007,乳品,3,47.6
2026-07-21 22:07,S12,K0013,零食,1,57.58
2026-07-21 22:27,S12,K0012,乳品,2,6.42
2026-07-21 22:16,S12,K0034,日化,1,4.47
2026-07-21 21:56,S12,K0016,饮料,1,7.98
2026-07-21 22:46,S12,K0004,日化,1,38.34
2026-07-21 23:23,S12,K0005,鲜食,1,7.7
2026-07-21 23:45,S12,K0015,鲜食,3,27.78
2026-07-21 23:14,S12,K0026,饮料,1,34.14
2026-07-22 00:02,S12,K0032,乳品,1,21.48
2026-07-22 00:29,S12,K0023,零食,2,57.66
2026-07-21 23:55,S12,K0001,饮料,1,33.0
2026-07-22 00:59,S12,K0016,饮料,2,7.98
2026-07-22 01:00,S12,K0011,饮料,2,57.8
2026-07-22 00:49,S12,K0010,鲜食,3,43.72
2026-07-22 01:50,S12,K0022,乳品,1,44.64
2026-07-22 01:59,S12,K0005,鲜食,3,3.85
2026-07-22 02:11,S12,K0039,日化,2,6.23
2026-07-22 03:19,S12,K0016,饮料,1,7.98
2026-07-22 03:25,S12,K0002,乳品,3,7.9
2026-07-22 03:22,S12,K0015,鲜食,3,13.89
2026-07-22 03:38,S12,K0010,鲜食,1,21.86
2026-07-22 03:40,S12,K0020,鲜食,3,12.18
2026-07-22 04:36,S12,K0032,乳品,2,42.96
2026-07-22 04:05,S12,K0032,乳品,2,42.96
2026-07-22 04:41,S12,K0001,饮料,2,33.0
2026-07-22 04:46,S12,K0022,乳品,3,44.64
2026-07-22 04:06,S12,K0008,零食,3,20.44
2026-07-22 05:43,S12,K0027,乳品,1,15.11
2026-07-22 05:20,S12,K0023,零食,1,28.83
2026-07-22 06:02,S12,K0024,日化,3,26.35
2026-07-22 06:47,S12,K0013,零食,2,28.79
2026-07-22 06:45,S12,K0018,零食,3,27.54
2026-07-22 07:47,S12,K0017,乳品,3,67.26
2026-07-22 07:14,S12,K0022,乳品,3,44.64
2026-07-22 08:01,S12,K0020,鲜食,1,12.18
2026-07-22 07:56,S12,K0040,鲜食,2,23.8
2026-07-22 08:39,S12,K0037,乳品,2,11.1
2026-07-22 09:20,S12,K0001,饮料,3,16.5
2026-07-22 09:32,S12,K0030,鲜食,1,45.58
2026-07-22 10:31,S12,K0036,饮料,1,24.52
2026-07-22 10:07,S12,K0032,乳品,1,42.96
2026-07-22 10:18,S12,K0001,饮料,1,16.5
2026-07-22 10:41,S12,K0019,日化,3,5.97
2026-07-22 10:20,S12,K0004,日化,2,19.17
2026-07-22 10:11,S12,K0028,零食,3,20.67
2026-07-22 10:57,S12,K0017,乳品,2,67.26
2026-07-22 11:31,S12,K0033,零食,3,25.55
2026-07-22 11:58,S12,K0018,零食,3,13.77
2026-07-22 12:26,S12,K0028,零食,1,41.34
2026-07-22 13:19,S12,K0003,零食,2,10.0
2026-07-22 13:16,S12,K0025,鲜食,2,20.16
2026-07-22 14:27,S12,K0020,鲜食,2,6.09
2026-07-22 14:16,S12,K0037,乳品,3,11.1
2026-07-22 13:57,S12,K0038,零食,3,10.45
2026-07-22 22:15,S01,K0009,日化,3,10.05
2026-07-22 22:08,S01,K0020,鲜食,1,12.18
2026-07-22 22:48,S01,K0037,乳品,3,11.1
2026-07-22 22:00,S01,K0035,鲜食,2,20.58
2026-07-22 21:57,S01,K0007,乳品,3,47.6
2026-07-22 22:21,S01,K0021,饮料,3,60.24
2026-07-22 23:16,S01,K0023,零食,2,57.66
2026-07-22 23:18,S01,K0027,乳品,1,15.11
2026-07-22 22:54,S01,K0027,乳品,1,30.22
2026-07-22 23:26,S01,K0016,饮料,3,15.96
2026-07-22 23:28,S01,K0009,日化,3,20.1
2026-07-22 23:37,S01,K0004,日化,2,19.17
2026-07-22 23:31,S01,K0026,饮料,1,68.28
2026-07-22 23:18,S01,K0034,日化,1,4.47
2026-07-22 23:06,S01,K0004,日化,3,19.17
2026-07-22 23:55,S01,K0039,日化,2,12.46
2026-07-23 00:44,S01,K0022,乳品,1,22.32
2026-07-23 00:32,S01,K0038,零食,3,10.45
2026-07-23 00:22,S01,K0014,日化,1,50.68
2026-07-23 01:46,S01,K0015,鲜食,3,13.89
2026-07-23 01:29,S01,K0020,鲜食,2,6.09
2026-07-23 01:28,S01,K0032,乳品,3,21.48
2026-07-23 01:49,S01,K0005,鲜食,1,3.85
2026-07-23 01:55,S01,K0034,日化,1,4.47
2026-07-23 02:50,S01,K0031,饮料,3,61.14
2026-07-23 02:52,S01,K0026,饮料,1,68.28
2026-07-23 03:19,S01,K0026,饮料,1,34.14
2026-07-23 04:32,S01,K0040,鲜食,2,11.9
2026-07-23 03:58,S01,K0028,零食,3,20.67
2026-07-23 03:58,S01,K0012,乳品,3,3.21
2026-07-23 04:21,S01,K0011,饮料,3,28.9
2026-07-23 04:19,S01,K0031,饮料,2,61.14
2026-07-23 04:26,S01,K0007,乳品,2,47.6
2026-07-23 05:13,S01,K0026,饮料,3,34.14
2026-07-23 05:15,S01,K0030,鲜食,2,22.79
2026-07-23 05:07,S01,K0002,乳品,2,3.95
2026-07-23 05:13,S01,K0037,乳品,1,11.1
2026-07-23 06:17,S01,K0040,鲜食,1,23.8
2026-07-23 06:18,S01,K0009,日化,3,20.1
2026-07-23 06:59,S01,K0001,饮料,2,16.5
2026-07-23 07:46,S01,K0023,零食,3,57.66
2026-07-23 06:53,S01,K0033,零食,1,25.55
2026-07-23 07:30,S01,K0023,零食,3,57.66
2026-07-23 08:06,S01,K0009,日化,3,20.1
2026-07-23 07:53,S01,K0026,饮料,3,68.28
2026-07-23 08:19,S01,K0025,鲜食,3,20.16
2026-07-23 08:34,S01,K0037,乳品,3,11.1
2026-07-23 08:33,S01,K0009,日化,2,20.1
2026-07-23 09:42,S01,K0040,鲜食,2,11.9
2026-07-23 08:50,S01,K0003,零食,3,10.0
2026-07-23 08:55,S01,K0015,鲜食,3,13.89
2026-07-23 09:48,S01,K0032,乳品,3,42.96
2026-07-23 09:37,S01,K0021,饮料,1,30.12
2026-07-23 09:46,S01,K0007,乳品,1,47.6
2026-07-23 09:48,S01,K0027,乳品,1,15.11
2026-07-23 09:05,S01,K0040,鲜食,1,11.9
2026-07-23 09:17,S01,K0005,鲜食,2,3.85
2026-07-23 09:09,S01,K0012,乳品,1,6.42
2026-07-23 08:57,S01,K0025,鲜食,3,20.16
2026-07-23 10:20,S01,K0017,乳品,2,67.26
2026-07-23 10:01,S01,K0015,鲜食,3,13.89
2026-07-23 10:41,S01,K0028,零食,3,20.67
2026-07-23 10:26,S01,K0006,饮料,1,9.36
2026-07-23 09:51,S01,K0014,日化,1,25.34
2026-07-23 11:25,S01,K0027,乳品,3,15.11
2026-07-23 11:00,S01,K0022,乳品,3,44.64
2026-07-23 11:42,S01,K0013,零食,1,57.58
2026-07-23 11:11,S01,K0033,零食,2,25.55
2026-07-23 11:17,S01,K0005,鲜食,2,7.7
2026-07-23 11:25,S01,K0005,鲜食,1,3.85
2026-07-23 11:08,S01,K0034,日化,1,4.47
2026-07-23 11:52,S01,K0015,鲜食,3,27.78
2026-07-23 12:03,S01,K0002,乳品,2,7.9
2026-07-23 12:34,S01,K0025,鲜食,2,20.16
2026-07-23 12:07,S01,K0011,饮料,1,28.9
2026-07-23 12:48,S01,K0034,日化,3,8.94
2026-07-23 12:52,S01,K0040,鲜食,3,11.9
2026-07-23 13:19,S01,K0038,零食,2,10.45
2026-07-23 13:10,S01,K0003,零食,2,20.0
2026-07-23 13:10,S01,K0013,零食,1,28.79
2026-07-23 13:24,S01,K0014,日化,3,50.68
2026-07-23 14:20,S01,K0016,饮料,1,7.98
2026-07-23 13:53,S01,K0023,零食,2,28.83
2026-07-22 21:57,S02,K0031,饮料,2,30.57
2026-07-22 21:51,S02,K0007,乳品,2,23.8
2026-07-22 22:16,S02,K0023,零食,2,57.66
2026-07-22 21:50,S02,K0015,鲜食,1,13.89
2026-07-22 22:23,S02,K0013,零食,3,57.58
2026-07-22 22:24,S02,K0002,乳品,2,3.95
2026-07-22 23:33,S02,K0025,鲜食,1,40.32
2026-07-22 23:24,S02,K0028,零食,1,20.67
2026-07-22 22:56,S02,K0029,日化,3,59.08
2026-07-22 23:01,S02,K0023,零食,2,57.66
2026-07-22 23:04,S02,K0004,日化,1,19.17
2026-07-23 00:03,S02,K0001,饮料,2,16.5
2026-07-23 00:44,S02,K0001,饮料,3,16.5
2026-07-22 23:53,S02,K0004,日化,1,19.17
2026-07-23 00:00,S02,K0029,日化,2,29.54
2026-07-23 01:27,S02,K0023,零食,3,28.83
2026-07-23 00:57,S02,K0019,日化,3,11.94
2026-07-23 01:31,S02,K0031,饮料,1,30.57
2026-07-23 02:23,S02,K0017,乳品,1,67.26
2026-07-23 02:46,S02,K0023,零食,1,57.66
2026-07-23 03:12,S02,K0020,鲜食,3,12.18
2026-07-23 03:22,S02,K0016,饮料,2,15.96
2026-07-23 03:21,S02,K0035,鲜食,1,10.29
2026-07-23 03:46,S02,K0023,零食,2,57.66
2026-07-23 02:54,S02,K0018,零食,1,13.77
2026-07-23 03:03,S02,K0034,日化,2,4.47
2026-07-23 03:12,S02,K0008,零食,3,20.44
2026-07-23 04:33,S02,K0016,饮料,2,15.96
2026-07-23 03:50,S02,K0008,零食,2,20.44
2026-07-23 05:26,S02,K0018,零食,2,27.54
2026-07-23 04:52,S02,K0006,饮料,2,18.72
2026-07-23 04:50,S02,K0032,乳品,2,42.96
2026-07-23 06:03,S02,K0003,零食,1,20.0
2026-07-23 06:31,S02,K0012,乳品,2,3.21
2026-07-23 05:51,S02,K0020,鲜食,3,12.18
2026-07-23 07:37,S02,K0039,日化,2,12.46
2026-07-23 07:02,S02,K0038,零食,1,20.9
2026-07-23 08:16,S02,K0040,鲜食,2,11.9
2026-07-23 08:24,S02,K0007,乳品,2,47.6
2026-07-23 08:18,S02,K0035,鲜食,2,20.58
2026-07-23 08:13,S02,K0011,饮料,2,28.9
2026-07-23 09:06,S02,K0001,饮料,3,33.0
2026-07-23 09:04,S02,K0006,饮料,3,18.72
2026-07-23 09:25,S02,K0022,乳品,2,22.32
2026-07-23 10:12,S02,K0018,零食,2,27.54
2026-07-23 09:49,S02,K0039,日化,1,12.46
2026-07-23 10:31,S02,K0037,乳品,2,11.1
2026-07-23 10:17,S02,K0012,乳品,2,3.21
2026-07-23 09:49,S02,K0029,日化,2,29.54
2026-07-23 10:19,S02,K0023,零食,3,28.83
2026-07-23 11:26,S02,K0004,日化,1,38.34
2026-07-23 11:24,S02,K0040,鲜食,2,11.9
2026-07-23 11:00,S02,K0029,日化,2,59.08
2026-07-23 11:44,S02,K0017,乳品,2,33.63
2026-07-23 11:29,S02,K0015,鲜食,1,13.89
2026-07-23 12:03,S02,K0004,日化,1,19.17
2026-07-23 12:32,S02,K0012,乳品,3,6.42
2026-07-23 12:09,S02,K0038,零食,1,10.45
2026-07-23 12:34,S02,K0004,日化,2,38.34
2026-07-23 13:23,S02,K0023,零食,3,28.83
2026-07-23 13:04,S02,K0039,日化,2,6.23
2026-07-23 14:17,S02,K0033,零食,1,25.55
2026-07-23 14:02,S02,K0016,饮料,2,15.96
2026-07-22 22:30,S03,K0005,鲜食,2,7.7
2026-07-22 21:50,S03,K0010,鲜食,2,43.72
2026-07-22 22:15,S03,K0022,乳品,3,44.64
2026-07-22 22:07,S03,K0031,饮料,3,30.57
2026-07-22 22:12,S03,K0011,饮料,1,57.8
2026-07-22 22:50,S03,K0038,零食,1,10.45
2026-07-22 23:21,S03,K0021,饮料,3,60.24
2026-07-22 23:13,S03,K0014,日化,3,25.34
2026-07-23 00:37,S03,K0025,鲜食,3,20.16
2026-07-23 00:48,S03,K0005,鲜食,1,7.7
2026-07-23 01:40,S03,K0034,日化,1,8.94
2026-07-23 01:22,S03,K0034,日化,2,8.94
2026-07-23 02:42,S03,K0013,零食,3,57.58
2026-07-23 02:10,S03,K0016,饮料,1,15.96
2026-07-23 02:18,S03,K0015,鲜食,2,13.89
2026-07-23 03:35,S03,K0029,日化,2,59.08
2026-07-23 03:11,S03,K0006,饮料,3,9.36
2026-07-23 03:30,S03,K0024,日化,2,26.35
2026-07-23 04:03,S03,K0027,乳品,3,15.11
2026-07-23 04:04,S03,K0035,鲜食,2,10.29
2026-07-23 04:05,S03,K0039,日化,2,12.46
2026-07-23 03:56,S03,K0021,饮料,1,60.24
2026-07-23 04:21,S03,K0027,乳品,1,30.22
2026-07-23 05:45,S03,K0012,乳品,2,3.21
2026-07-23 04:56,S03,K0011,饮料,2,57.8
2026-07-23 05:57,S03,K0007,乳品,1,47.6
2026-07-23 06:33,S03,K0002,乳品,1,3.95
2026-07-23 06:21,S03,K0009,日化,3,20.1
2026-07-23 06:57,S03,K0023,零食,2,28.83
2026-07-23 06:56,S03,K0019,日化,2,11.94
2026-07-23 07:27,S03,K0038,零食,3,10.45
2026-07-23 08:36,S03,K0005,鲜食,2,7.7
2026-07-23 08:29,S03,K0027,乳品,2,30.22
2026-07-23 09:33,S03,K0031,饮料,1,30.57
2026-07-23 09:47,S03,K0038,零食,3,10.45
2026-07-23 09:46,S03,K0010,鲜食,1,43.72
2026-07-23 09:13,S03,K0030,鲜食,2,45.58
2026-07-23 10:35,S03,K0033,零食,3,51.1
2026-07-23 10:03,S03,K0007,乳品,2,47.6
2026-07-23 09:52,S03,K0022,乳品,3,44.64
2026-07-23 11:13,S03,K0021,饮料,2,30.12
2026-07-23 10:51,S03,K0010,鲜食,3,21.86
2026-07-23 11:22,S03,K0028,零食,2,41.34
2026-07-23 11:11,S03,K0007,乳品,2,23.8
2026-07-23 12:06,S03,K0019,日化,2,11.94
2026-07-23 12:45,S03,K0015,鲜食,1,27.78
2026-07-23 13:37,S03,K0039,日化,1,6.23
2026-07-23 12:58,S03,K0018,零食,1,13.77
2026-07-23 13:42,S03,K0036,饮料,3,12.26
2026-07-23 14:46,S03,K0039,日化,1,6.23
2026-07-23 14:20,S03,K0001,饮料,1,33.0
2026-07-22 22:25,S04,K0019,日化,2,11.94
2026-07-22 21:57,S04,K0034,日化,2,8.94
2026-07-22 22:34,S04,K0008,零食,3,20.44
2026-07-22 22:45,S04,K0029,日化,2,59.08
2026-07-22 21:54,S04,K0017,乳品,1,67.26
2026-07-22 23:40,S04,K0023,零食,1,28.83
2026-07-22 23:09,S04,K0005,鲜食,1,7.7
2026-07-22 23:18,S04,K0018,零食,3,13.77
2026-07-23 00:16,S04,K0003,零食,1,20.0
2026-07-23 00:42,S04,K0013,零食,3,28.79
2026-07-23 00:04,S04,K0001,饮料,1,33.0
2026-07-23 00:32,S04,K0015,鲜食,1,27.78
2026-07-23 01:20,S04,K0010,鲜食,1,43.72
2026-07-23 00:57,S04,K0019,日化,1,5.97
2026-07-23 01:43,S04,K0034,日化,3,4.47
2026-07-23 01:16,S04,K0001,饮料,1,33.0
2026-07-23 01:28,S04,K0036,饮料,1,12.26
2026-07-23 02:33,S04,K0027,乳品,2,30.22
2026-07-23 02:04,S04,K0038,零食,3,20.9
2026-07-23 03:31,S04,K0034,日化,1,8.94
2026-07-23 03:45,S04,K0015,鲜食,2,27.78
2026-07-23 03:39,S04,K0032,乳品,3,42.96
2026-07-23 03:11,S04,K0039,日化,3,12.46
2026-07-23 02:55,S04,K0019,日化,1,5.97
2026-07-23 03:15,S04,K0019,日化,2,11.94
2026-07-23 03:31,S04,K0016,饮料,2,7.98
2026-07-23 03:18,S04,K0012,乳品,2,3.21
2026-07-23 03:33,S04,K0023,零食,2,28.83
2026-07-23 04:27,S04,K0032,乳品,2,21.48
2026-07-23 04:07,S04,K0002,乳品,2,3.95
2026-07-23 03:52,S04,K0027,乳品,3,30.22
2026-07-23 04:32,S04,K0017,乳品,2,67.26
2026-07-23 04:40,S04,K0026,饮料,2,68.28
2026-07-23 04:05,S04,K0026,饮料,1,68.28
2026-07-23 04:35,S04,K0032,乳品,1,42.96
2026-07-23 04:08,S04,K0003,零食,2,20.0
2026-07-23 04:25,S04,K0015,鲜食,1,13.89
2026-07-23 05:28,S04,K0040,鲜食,2,11.9
2026-07-23 05:23,S04,K0039,日化,1,6.23
2026-07-23 06:38,S04,K0006,饮料,3,18.72
2026-07-23 06:38,S04,K0023,零食,3,28.83
2026-07-23 06:22,S04,K0004,日化,1,38.34
2026-07-23 06:01,S04,K0035,鲜食,1,20.58
2026-07-23 06:07,S04,K0015,鲜食,1,27.78
2026-07-23 07:02,S04,K0027,乳品,3,15.11
2026-07-23 06:51,S04,K0001,饮料,1,16.5
2026-07-23 07:14,S04,K0033,零食,2,25.55
2026-07-23 07:07,S04,K0011,饮料,2,28.9
2026-07-23 07:51,S04,K0016,饮料,2,7.98
2026-07-23 08:30,S04,K0025,鲜食,2,20.16
2026-07-23 08:44,S04,K0018,零食,1,13.77
2026-07-23 09:35,S04,K0033,零食,3,51.1
2026-07-23 08:49,S04,K0002,乳品,3,3.95
2026-07-23 09:36,S04,K0007,乳品,3,47.6
2026-07-23 10:43,S04,K0039,日化,2,12.46
2026-07-23 10:21,S04,K0028,零食,3,20.67
2026-07-23 10:06,S04,K0020,鲜食,2,6.09
2026-07-23 10:05,S04,K0007,乳品,3,47.6
2026-07-23 10:07,S04,K0025,鲜食,2,20.16
2026-07-23 11:24,S04,K0027,乳品,2,30.22
2026-07-23 11:47,S04,K0019,日化,3,5.97
2026-07-23 10:50,S04,K0025,鲜食,2,40.32
2026-07-23 11:37,S04,K0024,日化,3,26.35
2026-07-23 11:03,S04,K0029,日化,3,29.54
2026-07-23 12:17,S04,K0015,鲜食,2,27.78
2026-07-23 11:55,S04,K0037,乳品,3,11.1
2026-07-23 11:58,S04,K0022,乳品,3,22.32
2026-07-23 12:24,S04,K0007,乳品,1,23.8
2026-07-23 12:26,S04,K0032,乳品,1,21.48
2026-07-23 13:28,S04,K0026,饮料,2,34.14
2026-07-23 13:38,S04,K0004,日化,2,38.34
2026-07-23 13:08,S04,K0027,乳品,3,30.22
2026-07-23 14:09,S04,K0003,零食,3,20.0
2026-07-23 14:06,S04,K0001,饮料,3,16.5
2026-07-23 14:39,S04,K0036,饮料,2,24.52
2026-07-22 22:09,S05,K0016,饮料,2,15.96
2026-07-22 22:24,S05,K0033,零食,3,25.55
2026-07-22 22:16,S05,K0007,乳品,3,23.8
2026-07-22 21:57,S05,K0025,鲜食,1,20.16
2026-07-22 22:59,S05,K0008,零食,1,40.88
2026-07-22 22:51,S05,K0008,零食,2,40.88
2026-07-22 23:29,S05,K0011,饮料,3,57.8
2026-07-22 23:36,S05,K0009,日化,3,20.1
2026-07-22 22:49,S05,K0026,饮料,2,34.14
2026-07-22 23:07,S05,K0028,零食,3,41.34
2026-07-23 00:28,S05,K0021,饮料,2,30.12
2026-07-23 00:07,S05,K0010,鲜食,3,21.86
2026-07-23 00:34,S05,K0040,鲜食,2,23.8
2026-07-23 00:18,S05,K0031,饮料,1,61.14
2026-07-23 00:59,S05,K0009,日化,3,20.1
2026-07-23 01:09,S05,K0001,饮料,2,16.5
2026-07-23 01:19,S05,K0010,鲜食,1,21.86
2026-07-23 01:33,S05,K0020,鲜食,1,6.09
2026-07-23 02:23,S05,K0007,乳品,2,47.6
2026-07-23 01:52,S05,K0007,乳品,3,47.6
2026-07-23 01:59,S05,K0039,日化,1,12.46
2026-07-23 02:45,S05,K0036,饮料,1,24.52
2026-07-23 03:48,S05,K0001,饮料,1,33.0
2026-07-23 03:41,S05,K0019,日化,2,11.94
2026-07-23 03:28,S05,K0024,日化,2,52.7
2026-07-23 03:23,S05,K0036,饮料,3,12.26
2026-07-23 03:26,S05,K0005,鲜食,1,3.85
2026-07-23 03:06,S05,K0014,日化,1,50.68
2026-07-23 02:55,S05,K0037,乳品,1,11.1
2026-07-23 04:38,S05,K0037,乳品,3,11.1
2026-07-23 04:31,S05,K0040,鲜食,2,11.9
2026-07-23 03:49,S05,K0011,饮料,1,28.9
2026-07-23 04:48,S05,K0006,饮料,3,9.36
2026-07-23 05:19,S05,K0011,饮料,1,57.8
2026-07-23 05:46,S05,K0005,鲜食,1,3.85
2026-07-23 06:16,S05,K0029,日化,3,59.08
2026-07-23 06:08,S05,K0021,饮料,3,30.12
2026-07-23 06:24,S05,K0016,饮料,2,15.96
2026-07-23 06:34,S05,K0025,鲜食,2,40.32
2026-07-23 07:09,S05,K0034,日化,3,4.47
2026-07-23 07:42,S05,K0039,日化,1,6.23
2026-07-23 07:34,S05,K0018,零食,1,27.54
2026-07-23 08:20,S05,K0029,日化,3,59.08
2026-07-23 08:24,S05,K0008,零食,2,40.88
2026-07-23 07:50,S05,K0012,乳品,2,6.42
2026-07-23 08:35,S05,K0023,零食,2,28.83
2026-07-23 09:45,S05,K0036,饮料,1,24.52
2026-07-23 09:00,S05,K0024,日化,3,26.35
2026-07-23 09:17,S05,K0013,零食,2,28.79
2026-07-23 09:26,S05,K0001,饮料,2,33.0
2026-07-23 09:47,S05,K0007,乳品,2,47.6
2026-07-23 09:47,S05,K0033,零食,1,51.1
2026-07-23 10:30,S05,K0018,零食,2,27.54
2026-07-23 10:33,S05,K0003,零食,3,20.0
2026-07-23 11:25,S05,K0004,日化,1,38.34
2026-07-23 11:29,S05,K0039,日化,2,12.46
2026-07-23 11:19,S05,K0012,乳品,3,3.21
2026-07-23 11:12,S05,K0003,零食,1,10.0
2026-07-23 12:44,S05,K0012,乳品,1,3.21
2026-07-23 12:42,S05,K0027,乳品,1,15.11
2026-07-23 12:29,S05,K0029,日化,3,29.54
2026-07-23 11:55,S05,K0021,饮料,3,60.24
2026-07-23 13:36,S05,K0040,鲜食,1,23.8
2026-07-23 13:46,S05,K0021,饮料,3,30.12
2026-07-23 14:22,S05,K0024,日化,1,52.7
2026-07-23 14:42,S05,K0027,乳品,3,15.11
2026-07-23 14:01,S05,K0005,鲜食,3,3.85
2026-07-23 13:54,S05,K0018,零食,1,27.54
2026-07-22 22:27,S06,K0018,零食,1,27.54
2026-07-22 22:29,S06,K0012,乳品,3,3.21
2026-07-22 23:24,S06,K0018,零食,2,13.77
2026-07-22 23:18,S06,K0022,乳品,3,22.32
2026-07-22 23:48,S06,K0037,乳品,2,5.55
2026-07-22 23:47,S06,K0008,零食,1,20.44
2026-07-23 00:09,S06,K0012,乳品,3,3.21
2026-07-23 00:39,S06,K0011,饮料,1,28.9
2026-07-23 00:54,S06,K0030,鲜食,3,22.79
2026-07-23 01:42,S06,K0020,鲜食,3,6.09
2026-07-23 01:08,S06,K0009,日化,1,20.1
2026-07-23 02:06,S06,K0012,乳品,1,6.42
2026-07-23 02:03,S06,K0027,乳品,1,30.22
2026-07-23 02:00,S06,K0013,零食,2,57.58
2026-07-23 02:54,S06,K0017,乳品,2,67.26
2026-07-23 03:12,S06,K0038,零食,2,20.9
2026-07-23 02:51,S06,K0011,饮料,3,57.8
2026-07-23 03:23,S06,K0010,鲜食,3,21.86
2026-07-23 03:11,S06,K0028,零食,3,41.34
2026-07-23 04:33,S06,K0022,乳品,3,44.64
2026-07-23 04:21,S06,K0006,饮料,1,18.72
2026-07-23 04:18,S06,K0014,日化,2,25.34
2026-07-23 05:31,S06,K0034,日化,3,4.47
2026-07-23 04:57,S06,K0031,饮料,2,61.14
2026-07-23 06:13,S06,K0037,乳品,3,5.55
2026-07-23 06:33,S06,K0021,饮料,1,60.24
2026-07-23 05:59,S06,K0001,饮料,2,33.0
2026-07-23 07:30,S06,K0022,乳品,1,22.32
2026-07-23 07:08,S06,K0023,零食,1,57.66
2026-07-23 07:00,S06,K0035,鲜食,1,20.58
2026-07-23 08:25,S06,K0038,零食,3,20.9
2026-07-23 08:19,S06,K0026,饮料,1,68.28
2026-07-23 08:27,S06,K0024,日化,2,52.7
2026-07-23 08:51,S06,K0020,鲜食,1,6.09
2026-07-23 09:16,S06,K0027,乳品,2,30.22
2026-07-23 08:50,S06,K0038,零食,1,10.45
2026-07-23 09:45,S06,K0020,鲜食,3,6.09
2026-07-23 09:37,S06,K0037,乳品,1,5.55
2026-07-23 09:54,S06,K0004,日化,2,19.17
2026-07-23 10:18,S06,K0023,零食,2,28.83
2026-07-23 09:49,S06,K0030,鲜食,3,22.79
2026-07-23 10:45,S06,K0013,零食,1,57.58
2026-07-23 11:00,S06,K0006,饮料,1,9.36
2026-07-23 10:54,S06,K0028,零食,3,20.67
2026-07-23 11:32,S06,K0010,鲜食,3,43.72
2026-07-23 11:19,S06,K0001,饮料,1,33.0
2026-07-23 12:24,S06,K0031,饮料,3,61.14
2026-07-23 12:47,S06,K0014,日化,2,50.68
2026-07-23 13:37,S06,K0016,饮料,1,15.96
2026-07-23 13:09,S06,K0009,日化,1,20.1
2026-07-23 13:46,S06,K0021,饮料,2,60.24
2026-07-23 13:53,S06,K0035,鲜食,2,20.58
2026-07-23 13:50,S06,K0038,零食,1,10.45
2026-07-23 14:12,S06,K0016,饮料,2,15.96
2026-07-22 22:27,S07,K0040,鲜食,2,11.9
2026-07-22 21:57,S07,K0015,鲜食,2,13.89
2026-07-22 23:08,S07,K0014,日化,2,25.34
2026-07-22 23:13,S07,K0022,乳品,3,22.32
2026-07-23 00:07,S07,K0010,鲜食,2,43.72
2026-07-22 23:51,S07,K0031,饮料,2,61.14
2026-07-22 23:59,S07,K0012,乳品,2,3.21
2026-07-23 00:40,S07,K0030,鲜食,1,45.58
2026-07-23 00:30,S07,K0007,乳品,2,23.8
2026-07-23 00:57,S07,K0021,饮料,3,60.24
2026-07-23 00:49,S07,K0030,鲜食,2,45.58
2026-07-23 01:38,S07,K0028,零食,1,41.34
2026-07-23 02:36,S07,K0017,乳品,3,33.63
2026-07-23 02:40,S07,K0039,日化,2,12.46
2026-07-23 02:34,S07,K0031,饮料,2,61.14
2026-07-23 02:39,S07,K0008,零食,1,40.88
2026-07-23 02:37,S07,K0035,鲜食,2,10.29
2026-07-23 03:10,S07,K0001,饮料,3,33.0
2026-07-23 03:21,S07,K0013,零食,3,57.58
2026-07-23 02:52,S07,K0028,零食,2,41.34
2026-07-23 02:56,S07,K0003,零食,2,20.0
2026-07-23 04:45,S07,K0004,日化,3,38.34
2026-07-23 04:16,S07,K0017,乳品,2,67.26
2026-07-23 04:23,S07,K0002,乳品,2,3.95
2026-07-23 04:11,S07,K0019,日化,2,5.97
2026-07-23 04:09,S07,K0029,日化,2,29.54
2026-07-23 03:56,S07,K0039,日化,2,6.23
2026-07-23 04:36,S07,K0035,鲜食,2,10.29
2026-07-23 05:23,S07,K0006,饮料,1,9.36
2026-07-23 05:29,S07,K0010,鲜食,2,43.72
2026-07-23 05:11,S07,K0018,零食,2,13.77
2026-07-23 05:53,S07,K0003,零食,2,20.0
2026-07-23 05:58,S07,K0003,零食,3,10.0
2026-07-23 06:21,S07,K0025,鲜食,3,20.16
2026-07-23 06:48,S07,K0022,乳品,3,44.64
2026-07-23 06:14,S07,K0028,零食,1,20.67
2026-07-23 07:42,S07,K0006,饮料,2,9.36
2026-07-23 07:25,S07,K0013,零食,2,57.58
2026-07-23 07:21,S07,K0040,鲜食,3,11.9
2026-07-23 07:12,S07,K0004,日化,3,38.34
2026-07-23 08:06,S07,K0028,零食,3,20.67
2026-07-23 08:21,S07,K0018,零食,3,13.77
2026-07-23 08:14,S07,K0039,日化,1,12.46
2026-07-23 09:15,S07,K0001,饮料,1,16.5
2026-07-23 09:31,S07,K0027,乳品,1,30.22
2026-07-23 09:18,S07,K0018,零食,3,27.54
2026-07-23 09:03,S07,K0007,乳品,1,23.8
2026-07-23 09:03,S07,K0021,饮料,1,60.24
2026-07-23 09:41,S07,K0039,日化,2,12.46
2026-07-23 10:23,S07,K0022,乳品,2,44.64
2026-07-23 09:49,S07,K0036,饮料,2,24.52
2026-07-23 10:11,S07,K0021,饮料,2,30.12
2026-07-23 10:43,S07,K0030,鲜食,3,45.58
2026-07-23 10:23,S07,K0014,日化,3,25.34
2026-07-23 10:05,S07,K0025,鲜食,2,20.16
2026-07-23 09:54,S07,K0037,乳品,3,11.1
2026-07-23 10:11,S07,K0036,饮料,1,12.26
2026-07-23 10:12,S07,K0034,日化,2,8.94
2026-07-23 10:17,S07,K0021,饮料,3,60.24
2026-07-23 09:58,S07,K0002,乳品,3,3.95
2026-07-23 11:25,S07,K0023,零食,2,57.66
2026-07-23 11:37,S07,K0002,乳品,2,7.9
2026-07-23 11:13,S07,K0016,饮料,3,7.98
2026-07-23 11:27,S07,K0025,鲜食,1,20.16
2026-07-23 11:02,S07,K0026,饮料,1,34.14
2026-07-23 11:07,S07,K0037,乳品,1,5.55
2026-07-23 11:24,S07,K0026,饮料,2,68.28
2026-07-23 11:15,S07,K0014,日化,3,50.68
2026-07-23 11:38,S07,K0021,饮料,2,30.12
2026-07-23 11:21,S07,K0021,饮料,3,60.24
2026-07-23 11:43,S07,K0015,鲜食,2,27.78
2026-07-23 12:41,S07,K0019,日化,2,5.97
2026-07-23 12:14,S07,K0012,乳品,2,3.21
2026-07-23 12:42,S07,K0035,鲜食,2,20.58
2026-07-23 12:32,S07,K0012,乳品,1,6.42
2026-07-23 12:30,S07,K0038,零食,2,20.9
2026-07-23 13:29,S07,K0013,零食,1,28.79
2026-07-23 13:28,S07,K0009,日化,3,10.05
2026-07-23 13:25,S07,K0039,日化,3,12.46
2026-07-23 13:09,S07,K0002,乳品,3,3.95
2026-07-23 13:25,S07,K0011,饮料,3,57.8
2026-07-23 13:50,S07,K0024,日化,3,52.7
2026-07-23 14:21,S07,K0036,饮料,1,12.26
2026-07-22 22:35,S08,K0024,日化,1,26.35
2026-07-22 22:48,S08,K0031,饮料,3,30.57
2026-07-22 21:57,S08,K0021,饮料,2,30.12
2026-07-22 22:02,S08,K0002,乳品,3,7.9
2026-07-22 22:04,S08,K0030,鲜食,3,45.58
2026-07-22 23:18,S08,K0012,乳品,3,3.21
2026-07-22 23:42,S08,K0039,日化,2,6.23
2026-07-22 23:18,S08,K0016,饮料,3,7.98
2026-07-23 00:32,S08,K0003,零食,3,20.0
2026-07-23 00:19,S08,K0034,日化,2,4.47
2026-07-23 01:45,S08,K0017,乳品,3,33.63
2026-07-23 01:30,S08,K0039,日化,3,6.23
2026-07-23 01:19,S08,K0029,日化,3,29.54
2026-07-23 02:42,S08,K0026,饮料,3,34.14
2026-07-23 02:14,S08,K0024,日化,3,52.7
2026-07-23 02:39,S08,K0028,零食,1,20.67
2026-07-23 03:37,S08,K0017,乳品,3,33.63
2026-07-23 03:12,S08,K0011,饮料,2,57.8
2026-07-23 03:47,S08,K0010,鲜食,1,43.72
2026-07-23 03:55,S08,K0017,乳品,2,33.63
2026-07-23 04:46,S08,K0030,鲜食,3,45.58
2026-07-23 04:37,S08,K0016,饮料,2,15.96
2026-07-23 05:10,S08,K0029,日化,2,59.08
2026-07-23 05:06,S08,K0037,乳品,3,5.55
2026-07-23 04:58,S08,K0009,日化,3,20.1
2026-07-23 06:45,S08,K0015,鲜食,2,27.78
2026-07-23 06:08,S08,K0019,日化,3,5.97
2026-07-23 07:19,S08,K0020,鲜食,3,12.18
2026-07-23 06:58,S08,K0019,日化,3,5.97
2026-07-23 07:27,S08,K0010,鲜食,2,43.72
2026-07-23 07:29,S08,K0017,乳品,1,33.63
2026-07-23 08:08,S08,K0038,零食,1,10.45
2026-07-23 08:12,S08,K0017,乳品,3,67.26
2026-07-23 09:46,S08,K0040,鲜食,1,23.8
2026-07-23 09:26,S08,K0010,鲜食,3,43.72
2026-07-23 09:12,S08,K0034,日化,2,8.94
2026-07-23 09:44,S08,K0011,饮料,3,57.8
2026-07-23 09:19,S08,K0012,乳品,2,3.21
2026-07-23 10:10,S08,K0005,鲜食,1,7.7
2026-07-23 10:03,S08,K0014,日化,1,50.68
2026-07-23 10:38,S08,K0039,日化,3,6.23
2026-07-23 10:11,S08,K0013,零食,2,57.58
2026-07-23 10:47,S08,K0037,乳品,3,5.55
2026-07-23 10:46,S08,K0034,日化,1,4.47
2026-07-23 10:31,S08,K0024,日化,1,52.7
2026-07-23 11:10,S08,K0007,乳品,3,23.8
2026-07-23 11:24,S08,K0018,零食,3,13.77
2026-07-23 11:17,S08,K0004,日化,3,19.17
2026-07-23 11:05,S08,K0016,饮料,3,7.98
2026-07-23 11:03,S08,K0016,饮料,3,15.96
2026-07-23 10:51,S08,K0012,乳品,3,6.42
2026-07-23 11:06,S08,K0036,饮料,1,12.26
2026-07-23 12:46,S08,K0005,鲜食,1,7.7
2026-07-23 12:02,S08,K0004,日化,1,19.17
2026-07-23 12:37,S08,K0038,零食,3,20.9
2026-07-23 11:55,S08,K0030,鲜食,3,22.79
2026-07-23 13:01,S08,K0005,鲜食,2,3.85
2026-07-23 12:54,S08,K0029,日化,2,29.54
2026-07-23 13:23,S08,K0007,乳品,3,23.8
2026-07-23 14:08,S08,K0032,乳品,3,21.48
2026-07-23 14:16,S08,K0038,零食,1,20.9
2026-07-23 14:26,S08,K0013,零食,3,57.58
2026-07-23 14:05,S08,K0001,饮料,2,33.0
2026-07-22 22:10,S09,K0012,乳品,3,6.42
2026-07-22 22:07,S09,K0033,零食,3,51.1
2026-07-22 22:44,S09,K0017,乳品,3,33.63
2026-07-22 22:06,S09,K0022,乳品,3,44.64
2026-07-22 21:56,S09,K0029,日化,1,59.08
2026-07-22 23:46,S09,K0021,饮料,3,60.24
2026-07-22 22:59,S09,K0032,乳品,1,21.48
2026-07-22 23:55,S09,K0020,鲜食,2,12.18
2026-07-23 00:41,S09,K0035,鲜食,1,10.29
2026-07-23 00:37,S09,K0007,乳品,1,23.8
2026-07-23 01:08,S09,K0033,零食,2,51.1
2026-07-23 01:32,S09,K0007,乳品,2,23.8
2026-07-23 01:32,S09,K0037,乳品,1,11.1
2026-07-23 02:38,S09,K0013,零食,2,28.79
2026-07-23 02:28,S09,K0011,饮料,3,28.9
2026-07-23 03:19,S09,K0034,日化,3,8.94
2026-07-23 03:03,S09,K0018,零食,2,27.54
2026-07-23 03:12,S09,K0020,鲜食,1,12.18
2026-07-23 03:35,S09,K0022,乳品,2,44.64
2026-07-23 04:16,S09,K0020,鲜食,3,12.18
2026-07-23 03:49,S09,K0027,乳品,2,15.11
2026-07-23 04:11,S09,K0027,乳品,3,15.11
2026-07-23 04:38,S09,K0030,鲜食,2,22.79
2026-07-23 04:02,S09,K0013,零食,3,57.58
2026-07-23 04:50,S09,K0024,日化,2,52.7
2026-07-23 05:09,S09,K0025,鲜食,3,20.16
2026-07-23 05:28,S09,K0014,日化,3,50.68
2026-07-23 05:53,S09,K0007,乳品,1,23.8
2026-07-23 06:35,S09,K0021,饮料,2,60.24
2026-07-23 06:38,S09,K0003,零食,3,20.0
2026-07-23 07:06,S09,K0016,饮料,3,15.96
2026-07-23 06:55,S09,K0004,日化,1,38.34
2026-07-23 07:23,S09,K0018,零食,2,27.54
2026-07-23 08:19,S09,K0008,零食,1,20.44
2026-07-23 08:38,S09,K0021,饮料,3,60.24
2026-07-23 08:44,S09,K0010,鲜食,1,43.72
2026-07-23 09:24,S09,K0013,零食,1,57.58
2026-07-23 09:09,S09,K0016,饮料,3,15.96
2026-07-23 09:22,S09,K0036,饮料,2,12.26
2026-07-23 09:38,S09,K0009,日化,1,20.1
2026-07-23 09:46,S09,K0024,日化,2,26.35
2026-07-23 09:09,S09,K0012,乳品,2,3.21
2026-07-23 10:10,S09,K0024,日化,1,52.7
2026-07-23 10:27,S09,K0017,乳品,3,33.63
2026-07-23 09:56,S09,K0009,日化,3,20.1
2026-07-23 10:14,S09,K0028,零食,2,20.67
2026-07-23 09:52,S09,K0034,日化,3,8.94
2026-07-23 11:16,S09,K0037,乳品,1,11.1
2026-07-23 11:20,S09,K0035,鲜食,2,20.58
2026-07-23 12:25,S09,K0005,鲜食,1,3.85
2026-07-23 11:59,S09,K0035,鲜食,3,10.29
2026-07-23 13:30,S09,K0040,鲜食,1,11.9
2026-07-23 13:41,S09,K0028,零食,2,41.34
2026-07-23 13:45,S09,K0029,日化,3,29.54
2026-07-23 14:00,S09,K0005,鲜食,3,7.7
2026-07-23 14:22,S09,K0030,鲜食,3,45.58
2026-07-23 14:14,S09,K0002,乳品,3,7.9
2026-07-22 22:42,S10,K0040,鲜食,2,11.9
2026-07-22 22:03,S10,K0001,饮料,2,33.0
2026-07-22 23:43,S10,K0017,乳品,1,67.26
2026-07-22 23:18,S10,K0035,鲜食,3,10.29
2026-07-22 23:48,S10,K0037,乳品,2,5.55
2026-07-22 23:38,S10,K0013,零食,1,28.79
2026-07-22 23:55,S10,K0012,乳品,1,3.21
2026-07-23 00:23,S10,K0009,日化,2,10.05
2026-07-23 00:44,S10,K0021,饮料,2,30.12
2026-07-23 00:01,S10,K0014,日化,2,25.34
2026-07-23 01:03,S10,K0018,零食,1,27.54
2026-07-23 00:57,S10,K0002,乳品,2,3.95
2026-07-23 00:50,S10,K0025,鲜食,2,20.16
2026-07-23 00:52,S10,K0025,鲜食,2,40.32
2026-07-23 01:01,S10,K0026,饮料,1,68.28
2026-07-23 02:00,S10,K0006,饮料,3,9.36
2026-07-23 02:37,S10,K0011,饮料,1,28.9
2026-07-23 03:11,S10,K0039,日化,3,12.46
2026-07-23 03:01,S10,K0027,乳品,1,15.11
2026-07-23 03:12,S10,K0033,零食,2,51.1
2026-07-23 02:56,S10,K0033,零食,2,25.55
2026-07-23 03:13,S10,K0001,饮料,2,33.0
2026-07-23 03:11,S10,K0007,乳品,2,47.6
2026-07-23 03:16,S10,K0005,鲜食,3,7.7
2026-07-23 03:33,S10,K0015,鲜食,1,27.78
2026-07-23 02:50,S10,K0031,饮料,2,61.14
2026-07-23 04:43,S10,K0010,鲜食,1,21.86
2026-07-23 03:49,S10,K0037,乳品,1,5.55
2026-07-23 05:37,S10,K0031,饮料,1,30.57
2026-07-23 05:40,S10,K0039,日化,1,12.46
2026-07-23 05:28,S10,K0024,日化,2,26.35
2026-07-23 06:00,S10,K0012,乳品,3,3.21
2026-07-23 06:12,S10,K0012,乳品,1,3.21
2026-07-23 06:20,S10,K0002,乳品,1,7.9
2026-07-23 06:29,S10,K0026,饮料,2,68.28
2026-07-23 06:09,S10,K0040,鲜食,1,11.9
2026-07-23 07:45,S10,K0002,乳品,2,3.95
2026-07-23 07:47,S10,K0010,鲜食,2,21.86
2026-07-23 07:13,S10,K0035,鲜食,3,10.29
2026-07-23 06:55,S10,K0011,饮料,1,57.8
2026-07-23 08:15,S10,K0006,饮料,1,9.36
2026-07-23 08:18,S10,K0031,饮料,2,61.14
2026-07-23 08:43,S10,K0009,日化,3,10.05
2026-07-23 09:19,S10,K0031,饮料,2,30.57
2026-07-23 09:31,S10,K0021,饮料,3,60.24
2026-07-23 09:31,S10,K0040,鲜食,3,11.9
2026-07-23 09:20,S10,K0031,饮料,3,30.57
2026-07-23 09:03,S10,K0009,日化,3,10.05
2026-07-23 09:03,S10,K0010,鲜食,3,21.86
2026-07-23 10:07,S10,K0026,饮料,3,34.14
2026-07-23 10:03,S10,K0016,饮料,2,7.98
2026-07-23 10:10,S10,K0020,鲜食,3,12.18
2026-07-23 11:22,S10,K0034,日化,3,8.94
2026-07-23 11:09,S10,K0009,日化,2,20.1
2026-07-23 11:26,S10,K0010,鲜食,3,21.86
2026-07-23 11:29,S10,K0025,鲜食,1,20.16
2026-07-23 10:49,S10,K0012,乳品,1,3.21
2026-07-23 10:59,S10,K0016,饮料,2,15.96
2026-07-23 11:25,S10,K0001,饮料,2,33.0
2026-07-23 11:01,S10,K0023,零食,3,57.66
2026-07-23 11:02,S10,K0029,日化,2,59.08
2026-07-23 11:17,S10,K0035,鲜食,1,20.58
2026-07-23 11:48,S10,K0033,零食,2,51.1
2026-07-23 12:10,S10,K0017,乳品,2,67.26
2026-07-23 12:31,S10,K0007,乳品,2,47.6
2026-07-23 12:39,S10,K0005,鲜食,2,7.7
2026-07-23 12:57,S10,K0035,鲜食,1,10.29
2026-07-23 13:42,S10,K0030,鲜食,1,22.79
2026-07-23 14:44,S10,K0009,日化,2,20.1
2026-07-23 14:16,S10,K0029,日化,3,29.54
2026-07-23 14:00,S10,K0033,零食,2,25.55
2026-07-23 14:42,S10,K0010,鲜食,3,21.86
2026-07-22 22:35,S11,K0013,零食,3,57.58
2026-07-22 22:27,S11,K0034,日化,1,4.47
2026-07-22 23:23,S11,K0024,日化,1,26.35
2026-07-22 22:59,S11,K0024,日化,1,26.35
2026-07-22 23:03,S11,K0040,鲜食,3,11.9
2026-07-22 23:28,S11,K0035,鲜食,2,10.29
2026-07-22 22:52,S11,K0018,零食,2,27.54
2026-07-22 23:46,S11,K0025,鲜食,3,40.32
2026-07-23 00:09,S11,K0030,鲜食,1,45.58
2026-07-22 23:53,S11,K0001,饮料,2,33.0
2026-07-23 00:48,S11,K0014,日化,3,25.34
2026-07-23 00:57,S11,K0027,乳品,1,30.22
2026-07-23 01:37,S11,K0011,饮料,1,57.8
2026-07-23 02:14,S11,K0027,乳品,3,15.11
2026-07-23 02:42,S11,K0016,饮料,2,7.98
2026-07-23 02:57,S11,K0018,零食,2,13.77
2026-07-23 03:32,S11,K0038,零食,1,10.45
2026-07-23 02:58,S11,K0029,日化,3,59.08
2026-07-23 04:29,S11,K0001,饮料,1,33.0
2026-07-23 03:55,S11,K0034,日化,3,8.94
2026-07-23 04:31,S11,K0015,鲜食,2,27.78
2026-07-23 04:23,S11,K0008,零食,3,40.88
2026-07-23 05:45,S11,K0005,鲜食,3,7.7
2026-07-23 04:51,S11,K0018,零食,2,27.54
2026-07-23 06:16,S11,K0030,鲜食,3,22.79
2026-07-23 06:37,S11,K0032,乳品,2,21.48
2026-07-23 06:54,S11,K0007,乳品,3,47.6
2026-07-23 07:44,S11,K0016,饮料,3,15.96
2026-07-23 07:15,S11,K0028,零食,1,20.67
2026-07-23 07:42,S11,K0018,零食,3,27.54
2026-07-23 08:10,S11,K0033,零食,2,51.1
2026-07-23 07:54,S11,K0023,零食,1,28.83
2026-07-23 08:04,S11,K0032,乳品,3,42.96
2026-07-23 09:16,S11,K0038,零食,3,20.9
2026-07-23 09:38,S11,K0007,乳品,3,47.6
2026-07-23 09:27,S11,K0036,饮料,3,24.52
2026-07-23 10:44,S11,K0034,日化,3,8.94
2026-07-23 10:27,S11,K0003,零食,1,10.0
2026-07-23 09:55,S11,K0037,乳品,1,5.55
2026-07-23 10:26,S11,K0024,日化,3,52.7
2026-07-23 10:34,S11,K0026,饮料,3,34.14
2026-07-23 10:30,S11,K0023,零食,2,57.66
2026-07-23 10:51,S11,K0034,日化,2,8.94
2026-07-23 11:02,S11,K0002,乳品,3,3.95
2026-07-23 11:29,S11,K0002,乳品,2,3.95
2026-07-23 11:47,S11,K0019,日化,2,5.97
2026-07-23 11:43,S11,K0030,鲜食,2,45.58
2026-07-23 11:11,S11,K0023,零食,1,57.66
2026-07-23 12:09,S11,K0004,日化,2,38.34
2026-07-23 12:02,S11,K0011,饮料,3,57.8
2026-07-23 12:37,S11,K0026,饮料,2,34.14
2026-07-23 13:10,S11,K0006,饮料,2,9.36
2026-07-23 13:42,S11,K0021,饮料,2,30.12
2026-07-23 13:29,S11,K0006,饮料,2,18.72
2026-07-23 14:29,S11,K0032,乳品,1,42.96
2026-07-23 14:05,S11,K0013,零食,3,57.58
2026-07-23 14:10,S11,K0023,零食,2,57.66
2026-07-23 13:59,S11,K0011,饮料,2,28.9
2026-07-22 22:26,S12,K0013,零食,2,57.58
2026-07-22 22:23,S12,K0036,饮料,1,24.52
2026-07-22 22:54,S12,K0013,零食,1,57.58
2026-07-22 22:58,S12,K0017,乳品,3,67.26
2026-07-22 23:57,S12,K0026,饮料,2,34.14
2026-07-23 00:28,S12,K0019,日化,3,5.97
2026-07-23 00:03,S12,K0021,饮料,2,30.12
2026-07-23 00:58,S12,K0036,饮料,3,24.52
2026-07-23 01:20,S12,K0002,乳品,1,3.95
2026-07-23 02:17,S12,K0015,鲜食,3,13.89
2026-07-23 01:49,S12,K0010,鲜食,2,21.86
2026-07-23 03:19,S12,K0040,鲜食,2,23.8
2026-07-23 03:24,S12,K0036,饮料,3,12.26
2026-07-23 04:43,S12,K0012,乳品,3,6.42
2026-07-23 04:45,S12,K0037,乳品,2,11.1
2026-07-23 04:40,S12,K0024,日化,2,52.7
2026-07-23 04:12,S12,K0024,日化,1,52.7
2026-07-23 04:11,S12,K0035,鲜食,1,10.29
2026-07-23 05:39,S12,K0016,饮料,3,7.98
2026-07-23 05:47,S12,K0007,乳品,3,47.6
2026-07-23 05:09,S12,K0035,鲜食,1,10.29
2026-07-23 06:41,S12,K0036,饮料,1,24.52
2026-07-23 06:25,S12,K0018,零食,1,27.54
2026-07-23 06:17,S12,K0040,鲜食,2,23.8
2026-07-23 06:50,S12,K0011,饮料,3,57.8
2026-07-23 07:30,S12,K0036,饮料,1,24.52
2026-07-23 07:53,S12,K0010,鲜食,3,43.72
2026-07-23 08:35,S12,K0005,鲜食,2,7.7
2026-07-23 08:34,S12,K0002,乳品,3,7.9
2026-07-23 09:14,S12,K0009,日化,1,20.1
2026-07-23 09:23,S12,K0020,鲜食,3,12.18
2026-07-23 09:03,S12,K0022,乳品,3,44.64
2026-07-23 09:38,S12,K0010,鲜食,3,43.72
2026-07-23 09:28,S12,K0001,饮料,1,33.0
2026-07-23 10:38,S12,K0008,零食,1,20.44
2026-07-23 10:15,S12,K0034,日化,3,4.47
2026-07-23 10:04,S12,K0013,零食,3,28.79
2026-07-23 09:50,S12,K0012,乳品,3,6.42
2026-07-23 10:10,S12,K0008,零食,1,20.44
2026-07-23 10:25,S12,K0026,饮料,3,68.28
2026-07-23 11:33,S12,K0025,鲜食,2,20.16
2026-07-23 11:00,S12,K0022,乳品,1,44.64
2026-07-23 11:00,S12,K0023,零食,3,57.66
2026-07-23 11:20,S12,K0017,乳品,1,33.63
2026-07-23 11:14,S12,K0017,乳品,1,33.63
2026-07-23 12:10,S12,K0006,饮料,2,9.36
2026-07-23 12:05,S12,K0034,日化,1,4.47
2026-07-23 11:52,S12,K0036,饮料,3,24.52
2026-07-23 12:49,S12,K0011,饮料,3,28.9
2026-07-23 13:09,S12,K0001,饮料,2,33.0
2026-07-23 14:25,S12,K0037,乳品,2,5.55
2026-07-23 14:01,S12,K0012,乳品,3,6.42
2026-07-23 22:02,S01,K0035,鲜食,2,10.29
2026-07-23 22:27,S01,K0010,鲜食,2,21.86
2026-07-23 22:34,S01,K0029,日化,1,29.54
2026-07-23 21:50,S01,K0029,日化,3,29.54
2026-07-23 23:48,S01,K0020,鲜食,2,6.09
2026-07-23 23:32,S01,K0023,零食,1,28.83
2026-07-23 23:20,S01,K0007,乳品,1,23.8
2026-07-24 00:48,S01,K0030,鲜食,3,45.58
2026-07-23 23:56,S01,K0029,日化,3,29.54
2026-07-24 00:04,S01,K0022,乳品,2,22.32
2026-07-24 00:41,S01,K0016,饮料,2,7.98
2026-07-24 01:11,S01,K0003,零食,1,20.0
2026-07-24 00:55,S01,K0038,零食,3,10.45
2026-07-24 01:47,S01,K0021,饮料,3,60.24
2026-07-24 01:30,S01,K0035,鲜食,1,20.58
2026-07-24 00:57,S01,K0021,饮料,2,30.12
2026-07-24 02:14,S01,K0028,零食,2,41.34
2026-07-24 02:20,S01,K0006,饮料,1,18.72
2026-07-24 02:09,S01,K0007,乳品,3,47.6
2026-07-24 02:13,S01,K0040,鲜食,2,23.8
2026-07-24 03:22,S01,K0004,日化,1,19.17
2026-07-24 03:08,S01,K0006,饮料,3,9.36
2026-07-24 03:36,S01,K0021,饮料,1,30.12
2026-07-24 03:08,S01,K0004,日化,2,19.17
2026-07-24 03:23,S01,K0023,零食,1,57.66
2026-07-24 03:22,S01,K0033,零食,1,51.1
2026-07-24 03:55,S01,K0014,日化,2,25.34
2026-07-24 04:34,S01,K0015,鲜食,2,13.89
2026-07-24 05:02,S01,K0032,乳品,3,21.48
2026-07-24 05:48,S01,K0003,零食,2,10.0
2026-07-24 05:48,S01,K0008,零食,2,20.44
2026-07-24 06:00,S01,K0022,乳品,2,22.32
2026-07-24 06:47,S01,K0024,日化,2,26.35
2026-07-24 05:58,S01,K0010,鲜食,3,21.86
2026-07-24 07:32,S01,K0028,零食,3,41.34
2026-07-24 07:45,S01,K0014,日化,3,50.68
2026-07-24 07:33,S01,K0027,乳品,1,30.22
2026-07-24 07:13,S01,K0027,乳品,2,15.11
2026-07-24 08:27,S01,K0017,乳品,1,67.26
2026-07-24 08:33,S01,K0003,零食,2,10.0
2026-07-24 07:53,S01,K0015,鲜食,3,13.89
2026-07-24 07:59,S01,K0008,零食,2,20.44
2026-07-24 08:23,S01,K0012,乳品,2,3.21
2026-07-24 09:07,S01,K0026,饮料,3,68.28
2026-07-24 09:43,S01,K0019,日化,3,11.94
2026-07-24 09:37,S01,K0007,乳品,1,47.6
2026-07-24 08:54,S01,K0013,零食,3,57.58
2026-07-24 08:57,S01,K0013,零食,3,28.79
2026-07-24 09:19,S01,K0031,饮料,1,30.57
2026-07-24 10:42,S01,K0003,零食,2,10.0
2026-07-24 10:37,S01,K0006,饮料,3,9.36
2026-07-24 10:16,S01,K0016,饮料,3,15.96
2026-07-24 10:36,S01,K0029,日化,1,59.08
2026-07-24 10:38,S01,K0039,日化,1,6.23
2026-07-24 10:51,S01,K0021,饮料,3,30.12
2026-07-24 11:10,S01,K0010,鲜食,2,21.86
2026-07-24 11:18,S01,K0023,零食,1,28.83
2026-07-24 11:13,S01,K0026,饮料,1,68.28
2026-07-24 10:53,S01,K0033,零食,1,25.55
2026-07-24 12:31,S01,K0022,乳品,3,44.64
2026-07-24 12:44,S01,K0002,乳品,2,3.95
2026-07-24 12:27,S01,K0016,饮料,3,15.96
2026-07-24 13:24,S01,K0010,鲜食,2,21.86
2026-07-24 13:32,S01,K0008,零食,1,40.88
2026-07-24 13:23,S01,K0034,日化,1,4.47
2026-07-24 13:51,S01,K0024,日化,1,26.35
2026-07-24 13:49,S01,K0015,鲜食,2,13.89
2026-07-24 13:52,S01,K0037,乳品,2,5.55
2026-07-24 14:37,S01,K0015,鲜食,3,13.89
2026-07-23 21:53,S02,K0035,鲜食,1,20.58
2026-07-23 22:30,S02,K0037,乳品,2,11.1
2026-07-23 22:13,S02,K0040,鲜食,2,11.9
2026-07-23 22:28,S02,K0032,乳品,2,42.96
2026-07-23 22:19,S02,K0030,鲜食,1,45.58
2026-07-23 22:45,S02,K0035,鲜食,2,10.29
2026-07-23 23:29,S02,K0019,日化,3,5.97
2026-07-23 23:05,S02,K0025,鲜食,1,40.32
2026-07-23 23:16,S02,K0002,乳品,2,3.95
2026-07-24 00:15,S02,K0030,鲜食,3,22.79
2026-07-23 23:57,S02,K0026,饮料,3,68.28
2026-07-24 01:15,S02,K0026,饮料,2,68.28
2026-07-24 01:17,S02,K0029,日化,2,59.08
2026-07-24 02:09,S02,K0022,乳品,3,44.64
2026-07-24 02:35,S02,K0009,日化,3,10.05
2026-07-24 02:02,S02,K0016,饮料,3,7.98
2026-07-24 03:44,S02,K0013,零食,3,57.58
2026-07-24 03:24,S02,K0030,鲜食,2,45.58
2026-07-24 03:02,S02,K0020,鲜食,2,6.09
2026-07-24 02:55,S02,K0031,饮料,3,61.14
2026-07-24 03:46,S02,K0020,鲜食,3,12.18
2026-07-24 03:01,S02,K0004,日化,1,38.34
2026-07-24 04:31,S02,K0011,饮料,2,57.8
2026-07-24 04:17,S02,K0012,乳品,1,3.21
2026-07-24 04:25,S02,K0025,鲜食,3,20.16
2026-07-24 04:36,S02,K0018,零食,3,13.77
2026-07-24 04:25,S02,K0026,饮料,1,34.14
2026-07-24 04:09,S02,K0027,乳品,2,15.11
2026-07-24 05:37,S02,K0009,日化,2,20.1
2026-07-24 05:48,S02,K0040,鲜食,3,11.9
2026-07-24 05:39,S02,K0007,乳品,1,23.8
2026-07-24 04:49,S02,K0002,乳品,1,7.9
2026-07-24 06:48,S02,K0021,饮料,2,30.12
2026-07-24 06:02,S02,K0010,鲜食,2,21.86
2026-07-24 07:47,S02,K0040,鲜食,2,23.8
2026-07-24 07:10,S02,K0031,饮料,3,30.57
2026-07-24 07:08,S02,K0019,日化,1,5.97
2026-07-24 08:15,S02,K0011,饮料,1,57.8
2026-07-24 08:24,S02,K0011,饮料,3,57.8
2026-07-24 09:33,S02,K0018,零食,1,13.77
2026-07-24 09:47,S02,K0010,鲜食,2,21.86
2026-07-24 08:57,S02,K0003,零食,2,20.0
2026-07-24 09:19,S02,K0025,鲜食,1,20.16
2026-07-24 09:33,S02,K0038,零食,2,20.9
2026-07-24 09:25,S02,K0038,零食,1,20.9
2026-07-24 09:20,S02,K0002,乳品,3,7.9
2026-07-24 10:45,S02,K0006,饮料,2,9.36
2026-07-24 09:57,S02,K0012,乳品,3,6.42
2026-07-24 10:47,S02,K0026,饮料,1,34.14
2026-07-24 10:29,S02,K0013,零食,2,57.58
2026-07-24 11:11,S02,K0006,饮料,3,18.72
2026-07-24 11:28,S02,K0002,乳品,3,7.9
2026-07-24 11:12,S02,K0011,饮料,2,28.9
2026-07-24 11:06,S02,K0033,零食,3,25.55
2026-07-24 11:09,S02,K0032,乳品,1,21.48
2026-07-24 11:33,S02,K0016,饮料,2,15.96
2026-07-24 11:16,S02,K0029,日化,2,29.54
2026-07-24 12:31,S02,K0030,鲜食,1,45.58
2026-07-24 11:51,S02,K0036,饮料,1,12.26
2026-07-24 11:50,S02,K0037,乳品,2,11.1
2026-07-24 13:13,S02,K0031,饮料,2,30.57
2026-07-24 13:33,S02,K0018,零食,2,27.54
2026-07-24 14:43,S02,K0033,零食,2,51.1
2026-07-24 13:57,S02,K0022,乳品,2,44.64
2026-07-24 14:01,S02,K0036,饮料,2,24.52
2026-07-23 22:47,S03,K0006,饮料,2,9.36
2026-07-23 22:44,S03,K0021,饮料,3,30.12
2026-07-23 22:40,S03,K0002,乳品,1,3.95
2026-07-23 21:53,S03,K0016,饮料,1,15.96
2026-07-23 23:25,S03,K0010,鲜食,1,21.86
2026-07-23 22:49,S03,K0005,鲜食,3,3.85
2026-07-23 23:53,S03,K0040,鲜食,1,23.8
2026-07-24 00:39,S03,K0022,乳品,3,22.32
2026-07-23 23:56,S03,K0040,鲜食,1,11.9
2026-07-24 01:00,S03,K0006,饮料,1,9.36
2026-07-24 01:16,S03,K0001,饮料,3,16.5
2026-07-24 02:34,S03,K0004,日化,1,38.34
2026-07-24 02:29,S03,K0021,饮料,3,30.12
2026-07-24 03:34,S03,K0013,零食,2,28.79
2026-07-24 03:07,S03,K0031,饮料,3,30.57
2026-07-24 03:00,S03,K0029,日化,3,29.54
2026-07-24 03:00,S03,K0006,饮料,1,18.72
2026-07-24 03:45,S03,K0010,鲜食,3,21.86
2026-07-24 04:01,S03,K0005,鲜食,1,7.7
2026-07-24 03:59,S03,K0015,鲜食,2,27.78
2026-07-24 05:29,S03,K0033,零食,2,25.55
2026-07-24 05:05,S03,K0028,零食,2,20.67
2026-07-24 04:49,S03,K0034,日化,3,8.94
2026-07-24 05:53,S03,K0011,饮料,1,28.9
2026-07-24 06:11,S03,K0032,乳品,3,21.48
2026-07-24 06:37,S03,K0040,鲜食,2,11.9
2026-07-24 07:36,S03,K0001,饮料,3,16.5
2026-07-24 07:26,S03,K0021,饮料,2,30.12
2026-07-24 07:05,S03,K0037,乳品,3,11.1
2026-07-24 08:36,S03,K0023,零食,2,57.66
2026-07-24 08:08,S03,K0032,乳品,2,42.96
2026-07-24 08:36,S03,K0035,鲜食,1,10.29
2026-07-24 08:51,S03,K0011,饮料,3,57.8
2026-07-24 09:18,S03,K0027,乳品,2,30.22
2026-07-24 09:18,S03,K0026,饮料,2,68.28
2026-07-24 08:58,S03,K0010,鲜食,3,43.72
2026-07-24 08:50,S03,K0027,乳品,1,30.22
2026-07-24 09:44,S03,K0025,鲜食,3,20.16
2026-07-24 09:49,S03,K0024,日化,2,26.35
2026-07-24 10:26,S03,K0010,鲜食,1,21.86
2026-07-24 09:50,S03,K0007,乳品,2,47.6
2026-07-24 10:06,S03,K0010,鲜食,2,21.86
2026-07-24 10:20,S03,K0002,乳品,2,3.95
2026-07-24 11:06,S03,K0036,饮料,1,12.26
2026-07-24 11:27,S03,K0032,乳品,3,42.96
2026-07-24 11:16,S03,K0028,零食,1,41.34
2026-07-24 11:11,S03,K0004,日化,1,19.17
2026-07-24 12:27,S03,K0031,饮料,2,30.57
2026-07-24 12:22,S03,K0016,饮料,2,7.98
2026-07-24 12:20,S03,K0027,乳品,1,30.22
2026-07-24 13:29,S03,K0022,乳品,2,44.64
2026-07-24 12:56,S03,K0040,鲜食,3,11.9
2026-07-24 14:35,S03,K0022,乳品,2,22.32
2026-07-24 14:25,S03,K0024,日化,2,26.35
2026-07-24 14:17,S03,K0002,乳品,2,7.9
2026-07-23 22:09,S04,K0014,日化,3,25.34
2026-07-23 22:29,S04,K0021,饮料,2,60.24
2026-07-23 22:10,S04,K0036,饮料,3,24.52
2026-07-23 22:46,S04,K0013,零食,1,57.58
2026-07-23 22:47,S04,K0037,乳品,1,5.55
2026-07-23 23:25,S04,K0032,乳品,2,21.48
2026-07-23 23:21,S04,K0021,饮料,1,60.24
2026-07-23 23:28,S04,K0010,鲜食,2,21.86
2026-07-23 23:20,S04,K0034,日化,2,8.94
2026-07-23 23:17,S04,K0005,鲜食,2,3.85
2026-07-24 00:12,S04,K0010,鲜食,1,43.72
2026-07-24 00:03,S04,K0016,饮料,3,7.98
2026-07-24 00:11,S04,K0021,饮料,3,60.24
2026-07-23 23:58,S04,K0036,饮料,2,24.52
2026-07-24 01:27,S04,K0021,饮料,3,30.12
2026-07-24 01:48,S04,K0013,零食,3,28.79
2026-07-24 01:35,S04,K0019,日化,1,5.97
2026-07-24 01:40,S04,K0034,日化,3,8.94
2026-07-24 01:39,S04,K0016,饮料,2,15.96
2026-07-24 02:05,S04,K0020,鲜食,1,6.09
2026-07-24 01:50,S04,K0019,日化,1,11.94
2026-07-24 03:18,S04,K0024,日化,1,52.7
2026-07-24 03:24,S04,K0025,鲜食,1,40.32
2026-07-24 02:55,S04,K0021,饮料,2,60.24
2026-07-24 04:34,S04,K0013,零食,3,57.58
2026-07-24 03:59,S04,K0019,日化,3,5.97
2026-07-24 03:50,S04,K0021,饮料,1,30.12
2026-07-24 04:24,S04,K0021,饮料,2,60.24
2026-07-24 04:09,S04,K0010,鲜食,3,43.72
2026-07-24 03:50,S04,K0036,饮料,3,24.52
2026-07-24 05:00,S04,K0026,饮料,2,34.14
2026-07-24 05:09,S04,K0019,日化,3,5.97
2026-07-24 04:52,S04,K0033,零食,3,25.55
2026-07-24 04:53,S04,K0032,乳品,1,21.48
2026-07-24 06:22,S04,K0007,乳品,1,23.8
2026-07-24 06:37,S04,K0006,饮料,2,18.72
2026-07-24 05:54,S04,K0022,乳品,2,44.64
2026-07-24 07:14,S04,K0032,乳品,3,21.48
2026-07-24 07:15,S04,K0034,日化,3,8.94
2026-07-24 08:41,S04,K0036,饮料,1,12.26
2026-07-24 07:59,S04,K0029,日化,1,59.08
2026-07-24 08:04,S04,K0015,鲜食,1,13.89
2026-07-24 09:19,S04,K0015,鲜食,1,13.89
2026-07-24 09:37,S04,K0015,鲜食,1,13.89
2026-07-24 10:09,S04,K0033,零食,2,51.1
2026-07-24 09:50,S04,K0026,饮料,3,68.28
2026-07-24 09:50,S04,K0032,乳品,3,42.96
2026-07-24 09:53,S04,K0036,饮料,1,12.26
2026-07-24 11:02,S04,K0003,零食,1,20.0
2026-07-24 11:11,S04,K0001,饮料,3,16.5
2026-07-24 11:45,S04,K0038,零食,2,10.45
2026-07-24 11:02,S04,K0026,饮料,1,34.14
2026-07-24 11:07,S04,K0040,鲜食,2,23.8
2026-07-24 11:13,S04,K0033,零食,1,25.55
2026-07-24 11:05,S04,K0039,日化,2,6.23
2026-07-24 11:46,S04,K0021,饮料,2,60.24
2026-07-24 11:30,S04,K0008,零食,2,40.88
2026-07-24 11:17,S04,K0002,乳品,3,7.9
2026-07-24 11:00,S04,K0014,日化,1,25.34
2026-07-24 12:36,S04,K0007,乳品,1,23.8
2026-07-24 12:36,S04,K0037,乳品,3,11.1
2026-07-24 12:45,S04,K0014,日化,3,50.68
2026-07-24 12:18,S04,K0024,日化,1,26.35
2026-07-24 12:45,S04,K0037,乳品,2,5.55
2026-07-24 12:49,S04,K0020,鲜食,1,6.09
2026-07-24 13:02,S04,K0022,乳品,2,44.64
2026-07-24 14:14,S04,K0030,鲜食,3,22.79
2026-07-24 14:19,S04,K0032,乳品,3,42.96
2026-07-24 13:53,S04,K0016,饮料,3,7.98
2026-07-24 14:43,S04,K0001,饮料,1,16.5
2026-07-23 22:48,S05,K0018,零食,1,27.54
2026-07-23 22:13,S05,K0029,日化,3,29.54
2026-07-23 23:12,S05,K0004,日化,1,19.17
2026-07-23 23:36,S05,K0028,零食,2,20.67
2026-07-24 00:30,S05,K0027,乳品,1,30.22
2026-07-24 00:46,S05,K0003,零食,1,20.0
2026-07-24 00:05,S05,K0010,鲜食,2,21.86
2026-07-24 01:45,S05,K0002,乳品,2,3.95
2026-07-24 00:56,S05,K0001,饮料,1,16.5
2026-07-24 02:33,S05,K0038,零食,3,20.9
2026-07-24 01:50,S05,K0018,零食,3,27.54
2026-07-24 02:35,S05,K0005,鲜食,3,3.85
2026-07-24 03:14,S05,K0005,鲜食,3,7.7
2026-07-24 02:51,S05,K0002,乳品,2,7.9
2026-07-24 03:15,S05,K0030,鲜食,1,22.79
2026-07-24 04:31,S05,K0003,零食,1,20.0
2026-07-24 04:35,S05,K0019,日化,2,5.97
2026-07-24 03:50,S05,K0018,零食,3,27.54
2026-07-24 04:04,S05,K0013,零食,3,57.58
2026-07-24 04:30,S05,K0001,饮料,1,33.0
2026-07-24 04:33,S05,K0036,饮料,2,12.26
2026-07-24 05:07,S05,K0004,日化,2,19.17
2026-07-24 05:12,S05,K0039,日化,2,12.46
2026-07-24 04:59,S05,K0035,鲜食,2,20.58
2026-07-24 05:23,S05,K0036,饮料,1,24.52
2026-07-24 06:15,S05,K0023,零食,1,57.66
2026-07-24 06:18,S05,K0024,日化,2,52.7
2026-07-24 06:41,S05,K0010,鲜食,3,43.72
2026-07-24 06:15,S05,K0035,鲜食,2,20.58
2026-07-24 07:05,S05,K0039,日化,1,12.46
2026-07-24 07:30,S05,K0023,零食,2,57.66
2026-07-24 08:45,S05,K0011,饮料,1,57.8
2026-07-24 08:47,S05,K0033,零食,3,25.55
2026-07-24 08:10,S05,K0039,日化,3,6.23
2026-07-24 07:57,S05,K0037,乳品,1,11.1
2026-07-24 09:45,S05,K0027,乳品,1,15.11
2026-07-24 08:55,S05,K0034,日化,3,4.47
2026-07-24 10:31,S05,K0036,饮料,1,12.26
2026-07-24 10:20,S05,K0022,乳品,1,44.64
2026-07-24 10:24,S05,K0024,日化,2,52.7
2026-07-24 10:25,S05,K0015,鲜食,2,27.78
2026-07-24 11:03,S05,K0007,乳品,3,47.6
2026-07-24 11:42,S05,K0010,鲜食,3,21.86
2026-07-24 11:46,S05,K0001,饮料,3,16.5
2026-07-24 10:58,S05,K0032,乳品,1,42.96
2026-07-24 11:37,S05,K0016,饮料,2,15.96
2026-07-24 11:23,S05,K0014,日化,3,25.34
2026-07-24 10:50,S05,K0013,零食,1,28.79
2026-07-24 12:02,S05,K0008,零食,1,20.44
2026-07-24 12:05,S05,K0005,鲜食,2,3.85
2026-07-24 12:11,S05,K0028,零食,3,41.34
2026-07-24 13:08,S05,K0039,日化,2,12.46
2026-07-24 13:02,S05,K0024,日化,2,52.7
2026-07-24 14:47,S05,K0038,零食,2,10.45
2026-07-24 13:51,S05,K0032,乳品,2,42.96
2026-07-24 13:50,S05,K0023,零食,2,57.66
2026-07-24 14:37,S05,K0025,鲜食,3,20.16
2026-07-23 22:28,S06,K0038,零食,2,20.9
2026-07-23 22:13,S06,K0002,乳品,1,7.9
2026-07-23 22:19,S06,K0006,饮料,2,9.36
2026-07-23 22:04,S06,K0006,饮料,3,9.36
2026-07-23 22:13,S06,K0030,鲜食,3,45.58
2026-07-23 23:19,S06,K0039,日化,1,12.46
2026-07-23 23:24,S06,K0020,鲜食,3,12.18
2026-07-23 23:28,S06,K0014,日化,2,25.34
2026-07-24 00:26,S06,K0009,日化,3,10.05
2026-07-24 00:17,S06,K0033,零食,1,25.55
2026-07-24 01:33,S06,K0018,零食,3,27.54
2026-07-24 01:30,S06,K0035,鲜食,3,10.29
2026-07-24 01:26,S06,K0017,乳品,1,67.26
2026-07-24 02:07,S06,K0029,日化,1,29.54
2026-07-24 02:27,S06,K0019,日化,2,11.94
2026-07-24 03:42,S06,K0010,鲜食,1,21.86
2026-07-24 03:20,S06,K0031,饮料,1,30.57
2026-07-24 04:38,S06,K0012,乳品,2,3.21
2026-07-24 04:00,S06,K0020,鲜食,1,12.18
2026-07-24 04:43,S06,K0038,零食,2,10.45
2026-07-24 04:40,S06,K0029,日化,3,29.54
2026-07-24 03:59,S06,K0007,乳品,1,23.8
2026-07-24 05:20,S06,K0029,日化,2,59.08
2026-07-24 05:34,S06,K0002,乳品,3,7.9
2026-07-24 06:19,S06,K0027,乳品,1,30.22
2026-07-24 06:24,S06,K0028,零食,3,41.34
2026-07-24 06:54,S06,K0005,鲜食,2,7.7
2026-07-24 07:14,S06,K0031,饮料,3,30.57
2026-07-24 07:50,S06,K0008,零食,1,20.44
2026-07-24 08:00,S06,K0037,乳品,3,5.55
2026-07-24 09:12,S06,K0035,鲜食,3,20.58
2026-07-24 08:53,S06,K0031,饮料,3,30.57
2026-07-24 09:15,S06,K0038,零食,1,10.45
2026-07-24 09:01,S06,K0015,鲜食,1,27.78
2026-07-24 09:36,S06,K0009,日化,3,20.1
2026-07-24 09:52,S06,K0024,日化,3,26.35
2026-07-24 10:22,S06,K0008,零食,3,40.88
2026-07-24 10:49,S06,K0034,日化,2,4.47
2026-07-24 11:47,S06,K0021,饮料,1,60.24
2026-07-24 11:01,S06,K0014,日化,3,50.68
2026-07-24 11:19,S06,K0031,饮料,1,30.57
2026-07-24 11:13,S06,K0012,乳品,3,3.21
2026-07-24 11:31,S06,K0010,鲜食,1,21.86
2026-07-24 12:21,S06,K0031,饮料,1,30.57
2026-07-24 12:29,S06,K0016,饮料,2,15.96
2026-07-24 13:15,S06,K0017,乳品,1,67.26
2026-07-24 13:44,S06,K0003,零食,2,20.0
2026-07-24 14:31,S06,K0013,零食,3,57.58
2026-07-24 14:17,S06,K0026,饮料,3,34.14
2026-07-23 22:28,S07,K0031,饮料,3,61.14
2026-07-23 22:04,S07,K0011,饮料,3,57.8
2026-07-23 22:38,S07,K0032,乳品,1,42.96
2026-07-23 21:50,S07,K0039,日化,2,6.23
2026-07-23 23:38,S07,K0010,鲜食,3,21.86
2026-07-23 23:06,S07,K0024,日化,2,52.7
2026-07-23 23:30,S07,K0030,鲜食,2,45.58
2026-07-24 00:43,S07,K0020,鲜食,2,12.18
2026-07-24 00:37,S07,K0025,鲜食,3,20.16
2026-07-24 00:10,S07,K0031,饮料,1,61.14
2026-07-24 00:23,S07,K0022,乳品,3,22.32
2026-07-24 01:48,S07,K0018,零食,2,27.54
2026-07-24 01:21,S07,K0039,日化,1,12.46
2026-07-24 01:47,S07,K0021,饮料,1,30.12
2026-07-24 01:08,S07,K0023,零食,1,57.66
2026-07-24 02:05,S07,K0018,零食,3,27.54
2026-07-24 02:38,S07,K0013,零食,3,28.79
2026-07-24 02:01,S07,K0019,日化,3,11.94
2026-07-24 02:24,S07,K0035,鲜食,2,10.29
2026-07-24 02:26,S07,K0030,鲜食,3,22.79
2026-07-24 03:29,S07,K0019,日化,1,5.97
2026-07-24 03:39,S07,K0039,日化,3,12.46
2026-07-24 03:45,S07,K0012,乳品,3,6.42
2026-07-24 04:14,S07,K0016,饮料,2,15.96
2026-07-24 04:18,S07,K0037,乳品,3,11.1
2026-07-24 04:05,S07,K0010,鲜食,3,21.86
2026-07-24 03:56,S07,K0017,乳品,2,67.26
2026-07-24 03:53,S07,K0001,饮料,1,33.0
2026-07-24 04:18,S07,K0032,乳品,3,42.96
2026-07-24 04:25,S07,K0033,零食,2,25.55
2026-07-24 05:16,S07,K0004,日化,3,38.34
2026-07-24 04:55,S07,K0039,日化,2,12.46
2026-07-24 05:09,S07,K0025,鲜食,1,20.16
2026-07-24 04:56,S07,K0012,乳品,2,3.21
2026-07-24 06:06,S07,K0005,鲜食,1,7.7
2026-07-24 06:39,S07,K0009,日化,1,20.1
2026-07-24 07:46,S07,K0003,零食,3,10.0
2026-07-24 06:56,S07,K0001,饮料,2,33.0
2026-07-24 07:16,S07,K0019,日化,1,5.97
2026-07-24 08:27,S07,K0040,鲜食,3,23.8
2026-07-24 08:11,S07,K0036,饮料,1,12.26
2026-07-24 08:24,S07,K0002,乳品,3,7.9
2026-07-24 09:40,S07,K0011,饮料,2,28.9
2026-07-24 09:28,S07,K0035,鲜食,1,10.29
2026-07-24 09:25,S07,K0006,饮料,3,18.72
2026-07-24 08:56,S07,K0032,乳品,1,21.48
2026-07-24 09:03,S07,K0027,乳品,1,30.22
2026-07-24 10:46,S07,K0011,饮料,1,28.9
2026-07-24 09:55,S07,K0018,零食,1,13.77
2026-07-24 10:16,S07,K0020,鲜食,3,12.18
2026-07-24 10:02,S07,K0029,日化,1,29.54
2026-07-24 10:15,S07,K0006,饮料,3,18.72
2026-07-24 09:58,S07,K0029,日化,3,59.08
2026-07-24 10:37,S07,K0040,鲜食,2,11.9
2026-07-24 10:37,S07,K0035,鲜食,2,10.29
2026-07-24 10:16,S07,K0032,乳品,3,42.96
2026-07-24 09:50,S07,K0021,饮料,2,60.24
2026-07-24 10:27,S07,K0029,日化,1,59.08
2026-07-24 11:27,S07,K0005,鲜食,3,7.7
2026-07-24 11:39,S07,K0011,饮料,2,28.9
2026-07-24 11:09,S07,K0014,日化,2,50.68
2026-07-24 11:04,S07,K0018,零食,3,27.54
2026-07-24 12:27,S07,K0025,鲜食,2,20.16
2026-07-24 12:04,S07,K0037,乳品,3,5.55
2026-07-24 12:34,S07,K0029,日化,1,59.08
2026-07-24 13:13,S07,K0024,日化,1,52.7
2026-07-24 13:35,S07,K0028,零食,2,41.34
2026-07-24 13:16,S07,K0006,饮料,2,18.72
2026-07-24 13:06,S07,K0015,鲜食,2,27.78
2026-07-24 13:59,S07,K0011,饮料,1,28.9
2026-07-24 14:13,S07,K0003,零食,2,10.0
2026-07-24 13:54,S07,K0015,鲜食,3,13.89
2026-07-24 14:28,S07,K0006,饮料,3,9.36
2026-07-24 13:54,S07,K0017,乳品,3,67.26
2026-07-23 22:07,S08,K0010,鲜食,1,43.72
2026-07-23 22:44,S08,K0018,零食,1,13.77
2026-07-23 22:08,S08,K0027,乳品,1,15.11
2026-07-23 22:44,S08,K0015,鲜食,1,13.89
2026-07-23 22:30,S08,K0037,乳品,3,5.55
2026-07-23 23:19,S08,K0036,饮料,2,12.26
2026-07-23 22:50,S08,K0016,饮料,1,7.98
2026-07-23 23:38,S08,K0005,鲜食,1,7.7
2026-07-23 23:23,S08,K0012,乳品,1,6.42
2026-07-24 00:35,S08,K0024,日化,1,26.35
2026-07-24 00:48,S08,K0035,鲜食,1,10.29
2026-07-24 00:09,S08,K0001,饮料,1,33.0
2026-07-24 00:41,S08,K0033,零食,1,25.55
2026-07-24 00:59,S08,K0009,日化,1,20.1
2026-07-24 01:43,S08,K0010,鲜食,1,21.86
2026-07-24 01:42,S08,K0039,日化,2,12.46
2026-07-24 02:18,S08,K0016,饮料,1,7.98
2026-07-24 01:59,S08,K0016,饮料,3,7.98
2026-07-24 02:13,S08,K0005,鲜食,1,3.85
2026-07-24 03:22,S08,K0030,鲜食,2,45.58
2026-07-24 03:23,S08,K0036,饮料,3,24.52
2026-07-24 03:18,S08,K0034,日化,3,8.94
2026-07-24 03:25,S08,K0039,日化,3,12.46
2026-07-24 04:48,S08,K0034,日化,2,4.47
2026-07-24 04:43,S08,K0033,零食,2,25.55
2026-07-24 04:02,S08,K0003,零食,1,20.0
2026-07-24 03:56,S08,K0020,鲜食,3,12.18
2026-07-24 05:08,S08,K0025,鲜食,2,20.16
2026-07-24 05:20,S08,K0021,饮料,1,30.12
2026-07-24 05:16,S08,K0014,日化,3,25.34
2026-07-24 06:39,S08,K0038,零食,3,10.45
2026-07-24 06:14,S08,K0020,鲜食,1,6.09
2026-07-24 06:46,S08,K0002,乳品,1,7.9
2026-07-24 07:14,S08,K0032,乳品,2,42.96
2026-07-24 07:45,S08,K0024,日化,1,52.7
2026-07-24 07:15,S08,K0009,日化,1,10.05
2026-07-24 08:07,S08,K0007,乳品,2,23.8
2026-07-24 08:18,S08,K0023,零食,2,57.66
2026-07-24 09:07,S08,K0039,日化,2,12.46
2026-07-24 09:48,S08,K0003,零食,2,10.0
2026-07-24 10:01,S08,K0022,乳品,2,22.32
2026-07-24 09:55,S08,K0001,饮料,1,33.0
2026-07-24 09:50,S08,K0004,日化,3,19.17
2026-07-24 10:12,S08,K0034,日化,1,8.94
2026-07-24 11:40,S08,K0022,乳品,3,44.64
2026-07-24 11:28,S08,K0023,零食,2,57.66
2026-07-24 10:52,S08,K0024,日化,3,26.35
2026-07-24 11:37,S08,K0029,日化,2,59.08
2026-07-24 10:51,S08,K0033,零食,3,25.55
2026-07-24 12:10,S08,K0025,鲜食,3,40.32
2026-07-24 11:58,S08,K0018,零食,1,13.77
2026-07-24 13:13,S08,K0040,鲜食,2,23.8
2026-07-24 12:51,S08,K0015,鲜食,1,27.78
2026-07-24 14:01,S08,K0009,日化,2,10.05
2026-07-24 14:40,S08,K0027,乳品,1,30.22
2026-07-23 21:49,S09,K0014,日化,1,25.34
2026-07-23 22:05,S09,K0003,零食,3,20.0
2026-07-23 22:03,S09,K0005,鲜食,2,3.85
2026-07-23 21:56,S09,K0032,乳品,1,42.96
2026-07-23 23:35,S09,K0040,鲜食,2,23.8
2026-07-23 23:25,S09,K0017,乳品,3,67.26
2026-07-23 23:22,S09,K0021,饮料,1,60.24
2026-07-23 23:38,S09,K0039,日化,1,6.23
2026-07-24 00:19,S09,K0028,零食,2,41.34
2026-07-24 00:08,S09,K0033,零食,2,51.1
2026-07-24 01:08,S09,K0038,零食,2,10.45
2026-07-24 01:24,S09,K0010,鲜食,1,21.86
2026-07-24 02:46,S09,K0030,鲜食,1,22.79
2026-07-24 02:21,S09,K0035,鲜食,2,20.58
2026-07-24 03:25,S09,K0027,乳品,2,30.22
2026-07-24 03:04,S09,K0006,饮料,1,18.72
2026-07-24 03:38,S09,K0005,鲜食,2,3.85
2026-07-24 03:14,S09,K0028,零食,2,20.67
2026-07-24 03:19,S09,K0027,乳品,1,30.22
2026-07-24 04:08,S09,K0008,零食,1,40.88
2026-07-24 04:48,S09,K0032,乳品,2,21.48
2026-07-24 04:16,S09,K0026,饮料,1,68.28
2026-07-24 04:28,S09,K0016,饮料,1,15.96
2026-07-24 05:09,S09,K0039,日化,3,12.46
2026-07-24 04:55,S09,K0006,饮料,1,9.36
2026-07-24 06:23,S09,K0010,鲜食,2,43.72
2026-07-24 06:48,S09,K0006,饮料,3,9.36
2026-07-24 07:19,S09,K0001,饮料,1,16.5
2026-07-24 07:07,S09,K0009,日化,2,20.1
2026-07-24 07:59,S09,K0003,零食,2,20.0
2026-07-24 07:51,S09,K0007,乳品,3,23.8
2026-07-24 08:49,S09,K0040,鲜食,1,11.9
2026-07-24 09:41,S09,K0026,饮料,2,34.14
2026-07-24 10:07,S09,K0038,零食,3,10.45
2026-07-24 10:07,S09,K0040,鲜食,1,11.9
2026-07-24 10:27,S09,K0030,鲜食,2,22.79
2026-07-24 09:55,S09,K0033,零食,2,25.55
2026-07-24 11:14,S09,K0003,零食,2,10.0
2026-07-24 11:40,S09,K0031,饮料,2,61.14
2026-07-24 11:08,S09,K0033,零食,2,51.1
2026-07-24 11:40,S09,K0027,乳品,1,30.22
2026-07-24 12:04,S09,K0014,日化,2,25.34
2026-07-24 11:51,S09,K0010,鲜食,1,21.86
2026-07-24 12:45,S09,K0038,零食,1,10.45
2026-07-24 12:57,S09,K0029,日化,1,29.54
2026-07-24 13:38,S09,K0019,日化,2,11.94
2026-07-24 14:16,S09,K0031,饮料,2,30.57
2026-07-24 14:35,S09,K0036,饮料,3,24.52
2026-07-23 22:30,S10,K0031,饮料,1,61.14
2026-07-23 22:14,S10,K0011,饮料,1,57.8
2026-07-23 21:52,S10,K0005,鲜食,1,7.7
2026-07-23 22:00,S10,K0025,鲜食,2,40.32
2026-07-23 22:39,S10,K0026,饮料,3,68.28
2026-07-23 23:41,S10,K0009,日化,2,20.1
2026-07-23 23:47,S10,K0021,饮料,3,30.12
2026-07-23 23:44,S10,K0001,饮料,1,33.0
2026-07-23 22:54,S10,K0027,乳品,2,30.22
2026-07-23 22:51,S10,K0010,鲜食,1,21.86
2026-07-23 23:27,S10,K0033,零食,2,51.1
2026-07-23 23:35,S10,K0013,零食,1,57.58
2026-07-23 23:38,S10,K0003,零食,1,20.0
2026-07-23 23:40,S10,K0022,乳品,3,44.64
2026-07-23 23:55,S10,K0001,饮料,2,16.5
2026-07-23 23:58,S10,K0014,日化,2,50.68
2026-07-24 00:14,S10,K0034,日化,3,4.47
2026-07-24 00:38,S10,K0028,零食,3,20.67
2026-07-24 01:24,S10,K0038,零食,2,20.9
2026-07-24 01:07,S10,K0003,零食,2,10.0
2026-07-24 01:26,S10,K0027,乳品,3,15.11
2026-07-24 01:42,S10,K0031,饮料,2,61.14
2026-07-24 01:25,S10,K0039,日化,1,12.46
2026-07-24 02:05,S10,K0029,日化,2,29.54
2026-07-24 02:31,S10,K0015,鲜食,3,27.78
2026-07-24 02:05,S10,K0026,饮料,1,34.14
2026-07-24 03:41,S10,K0015,鲜食,2,13.89
2026-07-24 02:49,S10,K0026,饮料,2,34.14
2026-07-24 04:23,S10,K0018,零食,3,27.54
2026-07-24 04:21,S10,K0002,乳品,3,7.9
2026-07-24 04:31,S10,K0039,日化,1,12.46
2026-07-24 05:31,S10,K0035,鲜食,3,20.58
2026-07-24 05:43,S10,K0008,零食,1,40.88
2026-07-24 05:35,S10,K0036,饮料,2,12.26
2026-07-24 06:32,S10,K0001,饮料,2,16.5
2026-07-24 06:30,S10,K0022,乳品,1,44.64
2026-07-24 05:55,S10,K0002,乳品,1,7.9
2026-07-24 07:31,S10,K0019,日化,2,11.94
2026-07-24 07:46,S10,K0011,饮料,2,28.9
2026-07-24 07:12,S10,K0011,饮料,1,57.8
2026-07-24 08:33,S10,K0035,鲜食,3,10.29
2026-07-24 07:58,S10,K0005,鲜食,1,3.85
2026-07-24 07:53,S10,K0016,饮料,2,7.98
2026-07-24 08:37,S10,K0008,零食,2,40.88
2026-07-24 09:38,S10,K0033,零食,3,51.1
2026-07-24 08:56,S10,K0033,零食,2,51.1
2026-07-24 09:11,S10,K0006,饮料,1,18.72
2026-07-24 10:40,S10,K0025,鲜食,1,40.32
2026-07-24 10:47,S10,K0002,乳品,3,3.95
2026-07-24 09:59,S10,K0005,鲜食,1,7.7
2026-07-24 10:22,S10,K0011,饮料,3,28.9
2026-07-24 10:50,S10,K0023,零食,2,57.66
2026-07-24 10:55,S10,K0028,零食,3,41.34
2026-07-24 10:59,S10,K0014,日化,1,50.68
2026-07-24 11:36,S10,K0038,零食,3,10.45
2026-07-24 11:42,S10,K0015,鲜食,3,27.78
2026-07-24 11:38,S10,K0036,饮料,2,24.52
2026-07-24 11:30,S10,K0021,饮料,2,30.12
2026-07-24 10:51,S10,K0003,零食,2,10.0
2026-07-24 11:25,S10,K0001,饮料,2,16.5
2026-07-24 12:15,S10,K0022,乳品,3,22.32
2026-07-24 12:44,S10,K0021,饮料,2,30.12
2026-07-24 12:42,S10,K0009,日化,1,10.05
2026-07-24 11:57,S10,K0038,零食,2,20.9
2026-07-24 13:28,S10,K0008,零食,1,40.88
2026-07-24 13:08,S10,K0016,饮料,3,15.96
2026-07-24 12:51,S10,K0019,日化,1,5.97
2026-07-24 13:31,S10,K0020,鲜食,1,12.18
2026-07-24 14:06,S10,K0010,鲜食,2,43.72
2026-07-24 14:22,S10,K0005,鲜食,2,3.85
2026-07-24 14:08,S10,K0032,乳品,3,42.96
2026-07-24 13:50,S10,K0027,乳品,1,30.22
2026-07-24 14:00,S10,K0021,饮料,3,30.12
2026-07-23 22:27,S11,K0034,日化,3,4.47
2026-07-23 21:56,S11,K0024,日化,1,52.7
2026-07-23 22:09,S11,K0022,乳品,1,22.32
2026-07-23 23:26,S11,K0014,日化,1,25.34
2026-07-23 23:06,S11,K0004,日化,2,19.17
2026-07-23 23:48,S11,K0036,饮料,3,24.52
2026-07-23 23:31,S11,K0036,饮料,2,12.26
2026-07-23 23:37,S11,K0026,饮料,1,68.28
2026-07-23 22:54,S11,K0027,乳品,3,30.22
2026-07-23 23:57,S11,K0004,日化,1,19.17
2026-07-23 23:49,S11,K0038,零食,1,20.9
2026-07-24 00:19,S11,K0003,零食,2,20.0
2026-07-24 01:05,S11,K0007,乳品,1,23.8
2026-07-24 01:10,S11,K0006,饮料,1,9.36
2026-07-24 01:33,S11,K0037,乳品,1,5.55
2026-07-24 01:02,S11,K0031,饮料,3,30.57
2026-07-24 02:04,S11,K0033,零食,2,25.55
2026-07-24 02:45,S11,K0034,日化,2,4.47
2026-07-24 03:04,S11,K0036,饮料,1,24.52
2026-07-24 03:28,S11,K0014,日化,3,50.68
2026-07-24 03:41,S11,K0013,零食,3,57.58
2026-07-24 02:57,S11,K0023,零食,2,57.66
2026-07-24 03:07,S11,K0038,零食,2,10.45
2026-07-24 04:34,S11,K0008,零食,2,40.88
2026-07-24 04:20,S11,K0039,日化,1,6.23
2026-07-24 04:26,S11,K0026,饮料,1,68.28
2026-07-24 04:25,S11,K0009,日化,1,10.05
2026-07-24 03:57,S11,K0016,饮料,3,7.98
2026-07-24 04:04,S11,K0015,鲜食,3,13.89
2026-07-24 05:32,S11,K0005,鲜食,2,3.85
2026-07-24 05:06,S11,K0014,日化,1,25.34
2026-07-24 05:34,S11,K0014,日化,1,25.34
2026-07-24 04:55,S11,K0027,乳品,2,15.11
2026-07-24 05:58,S11,K0010,鲜食,3,21.86
2026-07-24 06:09,S11,K0024,日化,2,52.7
2026-07-24 06:32,S11,K0034,日化,2,8.94
2026-07-24 07:43,S11,K0013,零食,3,28.79
2026-07-24 07:13,S11,K0014,日化,2,25.34
2026-07-24 07:20,S11,K0016,饮料,2,15.96
2026-07-24 06:52,S11,K0028,零食,2,20.67
2026-07-24 07:59,S11,K0030,鲜食,1,22.79
2026-07-24 08:22,S11,K0030,鲜食,2,22.79
2026-07-24 07:56,S11,K0027,乳品,2,15.11
2026-07-24 09:00,S11,K0018,零食,2,13.77
2026-07-24 09:39,S11,K0031,饮料,3,30.57
2026-07-24 09:18,S11,K0038,零食,2,20.9
2026-07-24 09:17,S11,K0015,鲜食,1,27.78
2026-07-24 10:13,S11,K0031,饮料,2,30.57
2026-07-24 10:03,S11,K0031,饮料,2,30.57
2026-07-24 10:38,S11,K0002,乳品,1,7.9
2026-07-24 10:03,S11,K0025,鲜食,3,20.16
2026-07-24 10:06,S11,K0008,零食,3,40.88
2026-07-24 10:05,S11,K0034,日化,3,4.47
2026-07-24 10:44,S11,K0018,零食,3,27.54
2026-07-24 09:50,S11,K0026,饮料,1,34.14
2026-07-24 11:05,S11,K0019,日化,1,5.97
2026-07-24 11:22,S11,K0032,乳品,1,21.48
2026-07-24 11:09,S11,K0002,乳品,3,7.9
2026-07-24 11:49,S11,K0022,乳品,2,22.32
2026-07-24 11:55,S11,K0012,乳品,3,6.42
2026-07-24 12:05,S11,K0028,零食,3,41.34
2026-07-24 12:01,S11,K0038,零食,3,20.9
2026-07-24 13:25,S11,K0039,日化,3,12.46
2026-07-24 13:13,S11,K0007,乳品,2,23.8
2026-07-24 13:09,S11,K0016,饮料,1,15.96
2026-07-24 13:19,S11,K0023,零食,1,57.66
2026-07-24 14:16,S11,K0015,鲜食,3,13.89
2026-07-24 13:55,S11,K0005,鲜食,3,3.85
2026-07-24 14:15,S11,K0015,鲜食,1,13.89
2026-07-23 22:23,S12,K0027,乳品,3,15.11
2026-07-23 22:32,S12,K0007,乳品,3,47.6
2026-07-23 22:03,S12,K0009,日化,3,10.05
2026-07-23 22:12,S12,K0014,日化,1,25.34
2026-07-23 21:49,S12,K0017,乳品,3,67.26
2026-07-23 23:30,S12,K0018,零食,3,27.54
2026-07-23 22:54,S12,K0014,日化,2,25.34
2026-07-24 00:40,S12,K0006,饮料,2,9.36
2026-07-24 00:19,S12,K0003,零食,3,20.0
2026-07-24 01:48,S12,K0001,饮料,2,16.5
2026-07-24 01:45,S12,K0027,乳品,2,15.11
2026-07-24 02:26,S12,K0033,零食,1,51.1
2026-07-24 02:16,S12,K0001,饮料,3,33.0
2026-07-24 03:24,S12,K0029,日化,3,29.54
2026-07-24 03:36,S12,K0002,乳品,1,3.95
2026-07-24 03:01,S12,K0018,零食,1,13.77
2026-07-24 03:36,S12,K0015,鲜食,1,13.89
2026-07-24 04:01,S12,K0014,日化,1,50.68
2026-07-24 03:52,S12,K0030,鲜食,3,45.58
2026-07-24 04:28,S12,K0015,鲜食,1,13.89
2026-07-24 05:12,S12,K0014,日化,3,50.68
2026-07-24 04:58,S12,K0028,零食,3,20.67
2026-07-24 06:13,S12,K0031,饮料,1,30.57
2026-07-24 05:51,S12,K0024,日化,3,26.35
2026-07-24 06:54,S12,K0007,乳品,1,23.8
2026-07-24 06:58,S12,K0005,鲜食,2,3.85
2026-07-24 07:03,S12,K0028,零食,3,20.67
2026-07-24 08:34,S12,K0034,日化,3,8.94
2026-07-24 07:59,S12,K0029,日化,3,29.54
2026-07-24 08:16,S12,K0029,日化,1,59.08
2026-07-24 09:05,S12,K0021,饮料,3,30.12
2026-07-24 09:01,S12,K0002,乳品,2,7.9
2026-07-24 09:38,S12,K0025,鲜食,3,40.32
2026-07-24 09:44,S12,K0006,饮料,3,9.36
2026-07-24 10:03,S12,K0004,日化,3,19.17
2026-07-24 10:19,S12,K0036,饮料,2,12.26
2026-07-24 10:22,S12,K0004,日化,1,19.17
2026-07-24 11:47,S12,K0016,饮料,1,7.98
2026-07-24 11:23,S12,K0016,饮料,3,7.98
2026-07-24 11:22,S12,K0022,乳品,3,22.32
2026-07-24 12:10,S12,K0017,乳品,3,33.63
2026-07-24 11:51,S12,K0012,乳品,2,6.42
2026-07-24 11:57,S12,K0014,日化,1,25.34
2026-07-24 13:17,S12,K0040,鲜食,1,23.8
2026-07-24 12:54,S12,K0035,鲜食,3,20.58
2026-07-24 14:32,S12,K0011,饮料,2,57.8
2026-07-24 13:51,S12,K0002,乳品,1,3.95
2026-07-24 14:44,S12,K0002,乳品,3,3.95
2026-07-24 21:59,S01,K0021,饮料,3,30.12
2026-07-24 22:33,S01,K0006,饮料,1,18.72
2026-07-24 22:17,S01,K0007,乳品,3,47.6
2026-07-24 22:50,S01,K0039,日化,3,6.23
2026-07-24 23:09,S01,K0023,零食,2,28.83
2026-07-25 00:05,S01,K0019,日化,1,5.97
2026-07-25 00:41,S01,K0035,鲜食,1,20.58
2026-07-25 00:20,S01,K0019,日化,3,5.97
2026-07-25 00:00,S01,K0010,鲜食,2,21.86
2026-07-25 01:19,S01,K0025,鲜食,1,40.32
2026-07-25 00:50,S01,K0030,鲜食,1,22.79
2026-07-25 01:31,S01,K0001,饮料,2,16.5
2026-07-25 01:11,S01,K0025,鲜食,3,40.32
2026-07-25 02:35,S01,K0024,日化,3,52.7
2026-07-25 01:58,S01,K0034,日化,2,8.94
2026-07-25 03:15,S01,K0016,饮料,1,15.96
2026-07-25 03:03,S01,K0033,零食,2,51.1
2026-07-25 03:12,S01,K0004,日化,2,19.17
2026-07-25 04:24,S01,K0003,零食,3,10.0
2026-07-25 03:52,S01,K0031,饮料,2,30.57
2026-07-25 04:15,S01,K0016,饮料,3,15.96
2026-07-25 04:11,S01,K0040,鲜食,1,11.9
2026-07-25 03:53,S01,K0009,日化,1,20.1
2026-07-25 04:48,S01,K0004,日化,1,38.34
2026-07-25 04:42,S01,K0017,乳品,3,33.63
2026-07-25 04:47,S01,K0036,饮料,3,12.26
2026-07-25 05:43,S01,K0017,乳品,3,33.63
2026-07-25 05:19,S01,K0036,饮料,2,12.26
2026-07-25 05:01,S01,K0034,日化,2,4.47
2026-07-25 05:30,S01,K0034,日化,1,8.94
2026-07-25 05:58,S01,K0016,饮料,3,7.98
2026-07-25 06:33,S01,K0010,鲜食,2,43.72
2026-07-25 06:22,S01,K0011,饮料,3,57.8
2026-07-25 06:08,S01,K0027,乳品,1,15.11
2026-07-25 07:37,S01,K0027,乳品,3,15.11
2026-07-25 07:35,S01,K0024,日化,3,52.7
2026-07-25 06:55,S01,K0014,日化,2,50.68
2026-07-25 08:44,S01,K0030,鲜食,1,45.58
2026-07-25 08:29,S01,K0019,日化,2,5.97
2026-07-25 09:37,S01,K0024,日化,2,26.35
2026-07-25 09:14,S01,K0012,乳品,1,6.42
2026-07-25 09:23,S01,K0022,乳品,3,22.32
2026-07-25 09:01,S01,K0019,日化,3,5.97
2026-07-25 09:19,S01,K0006,饮料,2,18.72
2026-07-25 09:39,S01,K0027,乳品,2,30.22
2026-07-25 09:25,S01,K0033,零食,3,25.55
2026-07-25 10:12,S01,K0007,乳品,1,23.8
2026-07-25 10:10,S01,K0018,零食,3,13.77
2026-07-25 10:28,S01,K0030,鲜食,3,22.79
2026-07-25 09:51,S01,K0022,乳品,2,22.32
2026-07-25 10:04,S01,K0019,日化,1,5.97
2026-07-25 11:01,S01,K0023,零食,3,57.66
2026-07-25 11:09,S01,K0038,零食,3,10.45
2026-07-25 11:35,S01,K0026,饮料,1,34.14
2026-07-25 10:54,S01,K0007,乳品,1,47.6
2026-07-25 11:18,S01,K0034,日化,3,4.47
2026-07-25 12:01,S01,K0039,日化,1,6.23
2026-07-25 12:20,S01,K0013,零食,1,28.79
2026-07-25 13:03,S01,K0021,饮料,1,60.24
2026-07-25 13:35,S01,K0003,零食,1,10.0
2026-07-25 13:37,S01,K0040,鲜食,3,23.8
2026-07-25 13:13,S01,K0021,饮料,1,60.24
2026-07-25 13:43,S01,K0033,零食,2,25.55
2026-07-25 14:02,S01,K0012,乳品,1,3.21
2026-07-25 13:55,S01,K0038,零食,2,20.9
2026-07-24 21:57,S02,K0036,饮料,3,12.26
2026-07-24 22:33,S02,K0016,饮料,2,15.96
2026-07-24 23:05,S02,K0032,乳品,3,42.96
2026-07-24 22:56,S02,K0039,日化,3,12.46
2026-07-24 23:45,S02,K0001,饮料,3,16.5
2026-07-24 23:12,S02,K0026,饮料,3,68.28
2026-07-24 23:45,S02,K0009,日化,1,10.05
2026-07-24 23:53,S02,K0039,日化,1,12.46
2026-07-25 00:23,S02,K0007,乳品,2,23.8
2026-07-25 00:14,S02,K0015,鲜食,3,27.78
2026-07-25 01:26,S02,K0002,乳品,1,7.9
2026-07-25 00:59,S02,K0013,零食,3,28.79
2026-07-25 01:27,S02,K0014,日化,3,25.34
2026-07-25 02:17,S02,K0016,饮料,2,15.96
2026-07-25 02:15,S02,K0022,乳品,1,22.32
2026-07-25 03:33,S02,K0003,零食,3,20.0
2026-07-25 03:22,S02,K0009,日化,3,20.1
2026-07-25 03:42,S02,K0003,零食,2,10.0
2026-07-25 03:04,S02,K0022,乳品,2,44.64
2026-07-25 04:39,S02,K0028,零食,3,20.67
2026-07-25 04:33,S02,K0034,日化,1,4.47
2026-07-25 04:16,S02,K0009,日化,1,10.05
2026-07-25 04:44,S02,K0013,零食,1,28.79
2026-07-25 04:13,S02,K0024,日化,2,26.35
2026-07-25 04:58,S02,K0025,鲜食,3,40.32
2026-07-25 05:09,S02,K0005,鲜食,3,3.85
2026-07-25 06:38,S02,K0012,乳品,1,6.42
2026-07-25 06:11,S02,K0022,乳品,1,44.64
2026-07-25 07:00,S02,K0036,饮料,2,12.26
2026-07-25 07:29,S02,K0032,乳品,2,42.96
2026-07-25 07:30,S02,K0036,饮料,1,12.26
2026-07-25 07:42,S02,K0034,日化,2,8.94
2026-07-25 07:56,S02,K0003,零食,1,20.0
2026-07-25 07:49,S02,K0036,饮料,3,24.52
2026-07-25 08:10,S02,K0013,零食,2,28.79
2026-07-25 08:44,S02,K0031,饮料,3,30.57
2026-07-25 09:02,S02,K0003,零食,1,20.0
2026-07-25 09:35,S02,K0040,鲜食,1,11.9
2026-07-25 09:31,S02,K0007,乳品,2,47.6
2026-07-25 09:27,S02,K0002,乳品,1,7.9
2026-07-25 09:26,S02,K0037,乳品,3,5.55
2026-07-25 10:07,S02,K0019,日化,3,5.97
2026-07-25 10:34,S02,K0002,乳品,2,7.9
2026-07-25 10:40,S02,K0038,零食,1,20.9
2026-07-25 10:34,S02,K0039,日化,3,12.46
2026-07-25 10:25,S02,K0040,鲜食,2,23.8
2026-07-25 10:30,S02,K0036,饮料,3,24.52
2026-07-25 10:45,S02,K0006,饮料,3,18.72
2026-07-25 10:23,S02,K0010,鲜食,2,43.72
2026-07-25 11:04,S02,K0037,乳品,1,11.1
2026-07-25 10:55,S02,K0037,乳品,2,5.55
2026-07-25 11:45,S02,K0033,零食,2,25.55
2026-07-25 11:45,S02,K0012,乳品,1,3.21
2026-07-25 11:42,S02,K0012,乳品,1,6.42
2026-07-25 11:38,S02,K0010,鲜食,2,43.72
2026-07-25 11:24,S02,K0037,乳品,1,11.1
2026-07-25 12:24,S02,K0002,乳品,2,3.95
2026-07-25 12:29,S02,K0026,饮料,1,68.28
2026-07-25 12:46,S02,K0027,乳品,1,30.22
2026-07-25 12:36,S02,K0012,乳品,1,6.42
2026-07-25 13:22,S02,K0015,鲜食,3,13.89
2026-07-25 13:31,S02,K0021,饮料,3,60.24
2026-07-25 13:46,S02,K0016,饮料,3,7.98
2026-07-25 13:37,S02,K0036,饮料,1,24.52
2026-07-25 14:15,S02,K0023,零食,3,28.83
2026-07-25 14:46,S02,K0010,鲜食,3,43.72
2026-07-24 22:24,S03,K0002,乳品,1,7.9
2026-07-24 22:37,S03,K0038,零食,2,10.45
2026-07-24 22:31,S03,K0028,零食,2,20.67
2026-07-24 22:13,S03,K0036,饮料,3,24.52
2026-07-24 23:29,S03,K0027,乳品,1,15.11
2026-07-24 23:24,S03,K0001,饮料,2,33.0
2026-07-24 23:32,S03,K0007,乳品,3,23.8
2026-07-24 23:40,S03,K0013,零食,3,57.58
2026-07-25 00:05,S03,K0008,零食,1,40.88
2026-07-25 00:23,S03,K0026,饮料,1,34.14
2026-07-25 00:39,S03,K0038,零食,2,20.9
2026-07-25 01:42,S03,K0002,乳品,1,7.9
2026-07-25 00:49,S03,K0015,鲜食,1,27.78
2026-07-25 01:53,S03,K0025,鲜食,1,20.16
2026-07-25 02:21,S03,K0025,鲜食,1,20.16
2026-07-25 02:31,S03,K0006,饮料,1,18.72
2026-07-25 02:53,S03,K0004,日化,2,19.17
2026-07-25 03:30,S03,K0040,鲜食,2,11.9
2026-07-25 03:53,S03,K0039,日化,3,12.46
2026-07-25 04:18,S03,K0004,日化,2,19.17
2026-07-25 04:01,S03,K0034,日化,3,8.94
2026-07-25 04:29,S03,K0027,乳品,1,15.11
2026-07-25 05:29,S03,K0015,鲜食,2,27.78
2026-07-25 05:46,S03,K0002,乳品,2,7.9
2026-07-25 05:27,S03,K0029,日化,2,59.08
2026-07-25 06:34,S03,K0004,日化,2,19.17
2026-07-25 06:37,S03,K0026,饮料,2,34.14
2026-07-25 06:50,S03,K0023,零食,3,28.83
2026-07-25 07:35,S03,K0032,乳品,3,42.96
2026-07-25 07:59,S03,K0004,日化,3,19.17
2026-07-25 07:50,S03,K0017,乳品,2,67.26
2026-07-25 08:01,S03,K0005,鲜食,1,3.85
2026-07-25 08:54,S03,K0015,鲜食,1,27.78
2026-07-25 09:34,S03,K0023,零食,1,28.83
2026-07-25 09:47,S03,K0023,零食,2,28.83
2026-07-25 09:23,S03,K0030,鲜食,1,45.58
2026-07-25 09:02,S03,K0001,饮料,1,16.5
2026-07-25 09:59,S03,K0039,日化,1,12.46
2026-07-25 10:03,S03,K0008,零食,2,20.44
2026-07-25 10:57,S03,K0021,饮料,2,60.24
2026-07-25 11:25,S03,K0035,鲜食,2,20.58
2026-07-25 11:01,S03,K0008,零食,1,40.88
2026-07-25 11:46,S03,K0005,鲜食,3,7.7
2026-07-25 11:05,S03,K0020,鲜食,3,6.09
2026-07-25 11:44,S03,K0011,饮料,3,57.8
2026-07-25 12:44,S03,K0010,鲜食,2,43.72
2026-07-25 11:51,S03,K0033,零食,1,51.1
2026-07-25 12:52,S03,K0019,日化,1,11.94
2026-07-25 13:32,S03,K0014,日化,2,25.34
2026-07-25 13:19,S03,K0026,饮料,3,34.14
2026-07-25 14:36,S03,K0030,鲜食,2,22.79
2026-07-25 13:53,S03,K0012,乳品,1,3.21
2026-07-24 22:46,S04,K0032,乳品,3,21.48
2026-07-24 22:29,S04,K0007,乳品,1,47.6
2026-07-24 22:48,S04,K0034,日化,2,4.47
2026-07-24 23:39,S04,K0032,乳品,3,42.96
2026-07-24 23:37,S04,K0015,鲜食,2,13.89
2026-07-24 23:04,S04,K0035,鲜食,1,10.29
2026-07-24 23:32,S04,K0035,鲜食,2,20.58
2026-07-24 23:10,S04,K0002,乳品,1,7.9
2026-07-24 23:20,S04,K0002,乳品,3,7.9
2026-07-24 23:32,S04,K0026,饮料,1,68.28
2026-07-25 00:14,S04,K0004,日化,2,19.17
2026-07-25 00:22,S04,K0026,饮料,1,34.14
2026-07-25 00:37,S04,K0024,日化,1,52.7
2026-07-24 23:58,S04,K0035,鲜食,1,10.29
2026-07-25 00:03,S04,K0012,乳品,3,6.42
2026-07-25 00:54,S04,K0011,饮料,2,57.8
2026-07-25 01:38,S04,K0001,饮料,2,33.0
2026-07-25 01:32,S04,K0007,乳品,2,47.6
2026-07-25 00:58,S04,K0037,乳品,3,5.55
2026-07-25 02:25,S04,K0005,鲜食,1,7.7
2026-07-25 02:14,S04,K0037,乳品,2,5.55
2026-07-25 02:26,S04,K0036,饮料,3,24.52
2026-07-25 03:28,S04,K0028,零食,3,41.34
2026-07-25 03:44,S04,K0035,鲜食,1,10.29
2026-07-25 03:46,S04,K0009,日化,1,20.1
2026-07-25 03:27,S04,K0003,零食,3,10.0
2026-07-25 03:16,S04,K0035,鲜食,3,20.58
2026-07-25 04:08,S04,K0009,日化,3,20.1
2026-07-25 04:21,S04,K0040,鲜食,3,11.9
2026-07-25 04:07,S04,K0006,饮料,2,18.72
2026-07-25 04:21,S04,K0035,鲜食,2,10.29
2026-07-25 03:54,S04,K0029,日化,2,29.54
2026-07-25 04:46,S04,K0016,饮料,3,15.96
2026-07-25 05:19,S04,K0025,鲜食,1,20.16
2026-07-25 05:48,S04,K0002,乳品,3,7.9
2026-07-25 05:13,S04,K0018,零食,1,13.77
2026-07-25 05:20,S04,K0030,鲜食,3,45.58
2026-07-25 05:23,S04,K0025,鲜食,1,40.32
2026-07-25 06:42,S04,K0010,鲜食,1,43.72
2026-07-25 06:25,S04,K0034,日化,1,8.94
2026-07-25 06:39,S04,K0003,零食,3,20.0
2026-07-25 05:49,S04,K0034,日化,2,4.47
2026-07-25 06:12,S04,K0016,饮料,1,15.96
2026-07-25 07:37,S04,K0024,日化,2,52.7
2026-07-25 07:10,S04,K0040,鲜食,3,23.8
2026-07-25 08:32,S04,K0002,乳品,1,3.95
2026-07-25 08:46,S04,K0018,零食,3,13.77
2026-07-25 09:06,S04,K0024,日化,2,26.35
2026-07-25 09:14,S04,K0034,日化,2,8.94
2026-07-25 08:57,S04,K0013,零食,2,57.58
2026-07-25 09:29,S04,K0012,乳品,1,3.21
2026-07-25 09:36,S04,K0035,鲜食,3,20.58
2026-07-25 09:42,S04,K0026,饮料,1,34.14
2026-07-25 09:46,S04,K0035,鲜食,3,10.29
2026-07-25 09:59,S04,K0026,饮料,2,34.14
2026-07-25 10:00,S04,K0021,饮料,3,60.24
2026-07-25 10:00,S04,K0031,饮料,2,61.14
2026-07-25 10:25,S04,K0011,饮料,1,57.8
2026-07-25 10:03,S04,K0038,零食,3,10.45
2026-07-25 10:22,S04,K0022,乳品,3,44.64
2026-07-25 10:03,S04,K0007,乳品,3,23.8
2026-07-25 11:12,S04,K0026,饮料,2,34.14
2026-07-25 11:22,S04,K0032,乳品,2,42.96
2026-07-25 11:09,S04,K0036,饮料,1,24.52
2026-07-25 11:38,S04,K0032,乳品,3,42.96
2026-07-25 11:03,S04,K0017,乳品,1,33.63
2026-07-25 11:29,S04,K0020,鲜食,3,6.09
2026-07-25 11:41,S04,K0033,零食,3,25.55
2026-07-25 11:47,S04,K0008,零食,2,40.88
2026-07-25 10:52,S04,K0011,饮料,1,57.8
2026-07-25 11:04,S04,K0038,零食,2,10.45
2026-07-25 12:02,S04,K0024,日化,2,52.7
2026-07-25 12:09,S04,K0006,饮料,2,18.72
2026-07-25 13:41,S04,K0021,饮料,2,30.12
2026-07-25 13:02,S04,K0007,乳品,3,23.8
2026-07-25 14:45,S04,K0040,鲜食,1,23.8
2026-07-25 14:35,S04,K0031,饮料,3,30.57
2026-07-25 14:40,S04,K0016,饮料,2,15.96
2026-07-25 13:51,S04,K0021,饮料,1,60.24
2026-07-24 22:07,S05,K0007,乳品,1,23.8
2026-07-24 22:00,S05,K0023,零食,2,57.66
2026-07-24 22:22,S05,K0040,鲜食,1,23.8
2026-07-24 23:27,S05,K0004,日化,3,19.17
2026-07-24 22:49,S05,K0031,饮料,2,61.14
2026-07-24 23:04,S05,K0009,日化,3,20.1
2026-07-24 22:59,S05,K0026,饮料,1,68.28
2026-07-24 23:40,S05,K0036,饮料,2,24.52
2026-07-24 23:09,S05,K0004,日化,3,38.34
2026-07-25 00:17,S05,K0035,鲜食,2,20.58
2026-07-24 23:57,S05,K0011,饮料,2,57.8
2026-07-25 00:10,S05,K0033,零食,3,51.1
2026-07-25 01:35,S05,K0022,乳品,3,44.64
2026-07-25 01:39,S05,K0024,日化,2,52.7
2026-07-25 01:21,S05,K0012,乳品,1,6.42
2026-07-25 01:47,S05,K0040,鲜食,1,11.9
2026-07-25 02:10,S05,K0028,零食,1,20.67
2026-07-25 02:45,S05,K0001,饮料,1,16.5
2026-07-25 02:40,S05,K0010,鲜食,2,43.72
2026-07-25 02:26,S05,K0015,鲜食,3,13.89
2026-07-25 02:57,S05,K0016,饮料,3,7.98
2026-07-25 03:44,S05,K0021,饮料,2,30.12
2026-07-25 04:09,S05,K0001,饮料,2,33.0
2026-07-25 04:22,S05,K0003,零食,1,20.0
2026-07-25 04:36,S05,K0036,饮料,1,12.26
2026-07-25 05:07,S05,K0020,鲜食,3,12.18
2026-07-25 05:26,S05,K0025,鲜食,3,40.32
2026-07-25 05:20,S05,K0010,鲜食,3,21.86
2026-07-25 06:46,S05,K0029,日化,3,59.08
2026-07-25 06:30,S05,K0019,日化,2,5.97
2026-07-25 05:57,S05,K0001,饮料,2,16.5
2026-07-25 07:02,S05,K0019,日化,1,5.97
2026-07-25 07:34,S05,K0012,乳品,3,3.21
2026-07-25 07:01,S05,K0009,日化,1,10.05
2026-07-25 07:58,S05,K0039,日化,3,6.23
2026-07-25 08:28,S05,K0020,鲜食,1,6.09
2026-07-25 09:45,S05,K0001,饮料,1,16.5
2026-07-25 09:05,S05,K0027,乳品,2,15.11
2026-07-25 09:34,S05,K0014,日化,3,50.68
2026-07-25 08:50,S05,K0023,零食,3,28.83
2026-07-25 09:14,S05,K0031,饮料,3,30.57
2026-07-25 10:00,S05,K0030,鲜食,1,45.58
2026-07-25 10:18,S05,K0031,饮料,2,61.14
2026-07-25 10:24,S05,K0024,日化,3,52.7
2026-07-25 09:57,S05,K0031,饮料,2,30.57
2026-07-25 09:51,S05,K0037,乳品,2,5.55
2026-07-25 09:54,S05,K0040,鲜食,3,23.8
2026-07-25 10:46,S05,K0025,鲜食,3,20.16
2026-07-25 11:14,S05,K0007,乳品,1,23.8
2026-07-25 10:56,S05,K0029,日化,3,59.08
2026-07-25 10:53,S05,K0012,乳品,2,3.21
2026-07-25 11:17,S05,K0013,零食,3,28.79
2026-07-25 11:30,S05,K0037,乳品,3,5.55
2026-07-25 11:09,S05,K0002,乳品,1,3.95
2026-07-25 11:25,S05,K0010,鲜食,3,21.86
2026-07-25 12:45,S05,K0027,乳品,1,15.11
2026-07-25 12:40,S05,K0028,零食,2,20.67
2026-07-25 12:04,S05,K0020,鲜食,3,6.09
2026-07-25 12:46,S05,K0016,饮料,1,15.96
2026-07-25 13:33,S05,K0024,日化,1,26.35
2026-07-25 13:24,S05,K0021,饮料,2,60.24
2026-07-25 12:56,S05,K0027,乳品,2,30.22
2026-07-25 13:03,S05,K0032,乳品,1,42.96
2026-07-25 13:50,S05,K0016,饮料,3,15.96
2026-07-25 14:44,S05,K0017,乳品,2,67.26
2026-07-25 14:34,S05,K0040,鲜食,3,11.9
2026-07-24 22:27,S06,K0029,日化,3,59.08
2026-07-24 22:00,S06,K0001,饮料,3,16.5
2026-07-24 21:53,S06,K0029,日化,1,29.54
2026-07-24 23:31,S06,K0016,饮料,3,15.96
2026-07-24 23:47,S06,K0034,日化,2,4.47
2026-07-24 23:20,S06,K0014,日化,3,50.68
2026-07-24 23:26,S06,K0009,日化,3,10.05
2026-07-24 23:50,S06,K0010,鲜食,3,21.86
2026-07-25 00:39,S06,K0009,日化,2,20.1
2026-07-25 01:01,S06,K0036,饮料,1,12.26
2026-07-25 01:05,S06,K0003,零食,3,20.0
2026-07-25 02:21,S06,K0034,日化,3,8.94
2026-07-25 02:32,S06,K0023,零食,1,57.66
2026-07-25 02:11,S06,K0033,零食,1,25.55
2026-07-25 03:40,S06,K0004,日化,1,19.17
2026-07-25 03:06,S06,K0002,乳品,2,3.95
2026-07-25 03:30,S06,K0025,鲜食,1,40.32
2026-07-25 03:18,S06,K0008,零食,1,40.88
2026-07-25 03:02,S06,K0011,饮料,3,28.9
2026-07-25 04:30,S06,K0010,鲜食,3,21.86
2026-07-25 04:36,S06,K0038,零食,2,10.45
2026-07-25 05:01,S06,K0020,鲜食,2,12.18
2026-07-25 05:01,S06,K0033,零食,1,25.55
2026-07-25 06:15,S06,K0037,乳品,2,5.55
2026-07-25 06:32,S06,K0014,日化,3,50.68
2026-07-25 06:56,S06,K0039,日化,1,12.46
2026-07-25 07:29,S06,K0004,日化,1,19.17
2026-07-25 07:59,S06,K0014,日化,1,50.68
2026-07-25 08:18,S06,K0027,乳品,3,15.11
2026-07-25 09:27,S06,K0008,零食,3,20.44
2026-07-25 08:56,S06,K0008,零食,2,40.88
2026-07-25 10:47,S06,K0009,日化,1,10.05
2026-07-25 10:28,S06,K0008,零食,3,20.44
2026-07-25 11:35,S06,K0009,日化,2,20.1
2026-07-25 11:01,S06,K0016,饮料,3,7.98
2026-07-25 11:07,S06,K0003,零食,3,10.0
2026-07-25 11:13,S06,K0028,零食,2,20.67
2026-07-25 10:49,S06,K0035,鲜食,3,10.29
2026-07-25 12:38,S06,K0020,鲜食,3,6.09
2026-07-25 12:37,S06,K0010,鲜食,2,21.86
2026-07-25 11:54,S06,K0007,乳品,2,23.8
2026-07-25 12:57,S06,K0034,日化,2,4.47
2026-07-25 13:31,S06,K0037,乳品,2,5.55
2026-07-25 13:27,S06,K0010,鲜食,2,43.72
2026-07-25 14:42,S06,K0002,乳品,3,3.95
2026-07-25 14:11,S06,K0024,日化,3,52.7
2026-07-24 22:40,S07,K0001,饮料,1,33.0
2026-07-24 22:38,S07,K0009,日化,3,20.1
2026-07-24 22:38,S07,K0002,乳品,1,3.95
2026-07-24 22:58,S07,K0008,零食,2,20.44
2026-07-24 23:48,S07,K0028,零食,2,41.34
2026-07-24 23:12,S07,K0035,鲜食,2,20.58
2026-07-24 23:02,S07,K0009,日化,1,20.1
2026-07-24 23:45,S07,K0005,鲜食,3,3.85
2026-07-24 22:58,S07,K0002,乳品,2,3.95
2026-07-24 22:56,S07,K0028,零食,2,20.67
2026-07-24 23:03,S07,K0031,饮料,3,61.14
2026-07-24 22:52,S07,K0018,零食,1,13.77
2026-07-25 00:16,S07,K0006,饮料,2,9.36
2026-07-25 00:03,S07,K0027,乳品,1,15.11
2026-07-25 00:22,S07,K0019,日化,3,5.97
2026-07-25 00:09,S07,K0022,乳品,2,22.32
2026-07-25 00:03,S07,K0001,饮料,3,33.0
2026-07-25 00:52,S07,K0016,饮料,1,7.98
2026-07-25 01:12,S07,K0040,鲜食,2,23.8
2026-07-25 02:16,S07,K0024,日化,2,26.35
2026-07-25 02:17,S07,K0024,日化,3,52.7
2026-07-25 02:07,S07,K0024,日化,2,26.35
2026-07-25 02:05,S07,K0016,饮料,2,7.98
2026-07-25 02:42,S07,K0009,日化,2,20.1
2026-07-25 02:56,S07,K0001,饮料,1,16.5
2026-07-25 03:40,S07,K0008,零食,3,20.44
2026-07-25 03:02,S07,K0003,零食,1,20.0
2026-07-25 03:03,S07,K0036,饮料,1,24.52
2026-07-25 03:06,S07,K0026,饮料,1,68.28
2026-07-25 03:16,S07,K0011,饮料,3,28.9
2026-07-25 02:49,S07,K0035,鲜食,3,10.29
2026-07-25 03:17,S07,K0024,日化,1,26.35
2026-07-25 04:10,S07,K0007,乳品,3,23.8
2026-07-25 03:54,S07,K0030,鲜食,1,22.79
2026-07-25 04:55,S07,K0029,日化,1,29.54
2026-07-25 05:34,S07,K0030,鲜食,1,45.58
2026-07-25 04:52,S07,K0006,饮料,2,18.72
2026-07-25 05:06,S07,K0034,日化,2,8.94
2026-07-25 05:40,S07,K0013,零食,2,28.79
2026-07-25 05:50,S07,K0013,零食,1,57.58
2026-07-25 06:11,S07,K0012,乳品,3,6.42
2026-07-25 07:34,S07,K0028,零食,2,41.34
2026-07-25 06:50,S07,K0032,乳品,1,21.48
2026-07-25 06:49,S07,K0036,饮料,2,12.26
2026-07-25 07:27,S07,K0013,零食,2,28.79
2026-07-25 07:48,S07,K0029,日化,2,59.08
2026-07-25 08:41,S07,K0028,零食,1,20.67
2026-07-25 08:26,S07,K0023,零食,1,28.83
2026-07-25 08:33,S07,K0009,日化,2,10.05
2026-07-25 07:52,S07,K0003,零食,2,20.0
2026-07-25 08:16,S07,K0027,乳品,1,30.22
2026-07-25 08:50,S07,K0038,零食,1,10.45
2026-07-25 09:17,S07,K0004,日化,3,38.34
2026-07-25 08:56,S07,K0030,鲜食,2,22.79
2026-07-25 09:36,S07,K0002,乳品,3,7.9
2026-07-25 09:04,S07,K0038,零食,3,10.45
2026-07-25 09:37,S07,K0037,乳品,3,11.1
2026-07-25 08:49,S07,K0037,乳品,2,5.55
2026-07-25 10:39,S07,K0021,饮料,1,30.12
2026-07-25 10:28,S07,K0017,乳品,3,33.63
2026-07-25 10:08,S07,K0038,零食,3,20.9
2026-07-25 11:22,S07,K0039,日化,2,6.23
2026-07-25 11:01,S07,K0005,鲜食,2,7.7
2026-07-25 11:41,S07,K0008,零食,2,40.88
2026-07-25 11:24,S07,K0039,日化,3,12.46
2026-07-25 11:15,S07,K0007,乳品,2,23.8
2026-07-25 11:02,S07,K0010,鲜食,2,43.72
2026-07-25 11:20,S07,K0004,日化,2,38.34
2026-07-25 11:03,S07,K0016,饮料,1,15.96
2026-07-25 12:02,S07,K0012,乳品,3,6.42
2026-07-25 12:25,S07,K0038,零食,1,20.9
2026-07-25 11:53,S07,K0001,饮料,3,33.0
2026-07-25 12:45,S07,K0011,饮料,2,28.9
2026-07-25 12:02,S07,K0002,乳品,2,3.95
2026-07-25 13:43,S07,K0035,鲜食,1,10.29
2026-07-25 13:15,S07,K0006,饮料,1,9.36
2026-07-25 13:29,S07,K0002,乳品,3,7.9
2026-07-25 13:43,S07,K0007,乳品,3,23.8
2026-07-25 13:12,S07,K0016,饮料,3,15.96
2026-07-25 13:54,S07,K0008,零食,2,20.44
2026-07-25 14:21,S07,K0035,鲜食,3,20.58
2026-07-25 13:50,S07,K0033,零食,1,51.1
2026-07-24 22:23,S08,K0020,鲜食,1,6.09
2026-07-24 22:17,S08,K0008,零食,2,20.44
2026-07-24 22:17,S08,K0037,乳品,3,11.1
2026-07-24 22:48,S08,K0029,日化,1,29.54
2026-07-24 23:05,S08,K0002,乳品,3,3.95
2026-07-24 23:19,S08,K0027,乳品,2,30.22
2026-07-25 00:42,S08,K0006,饮料,1,9.36
2026-07-25 00:25,S08,K0025,鲜食,1,40.32
2026-07-25 00:14,S08,K0039,日化,1,6.23
2026-07-25 00:21,S08,K0011,饮料,2,57.8
2026-07-25 01:31,S08,K0039,日化,2,6.23
2026-07-25 01:35,S08,K0030,鲜食,2,45.58
2026-07-25 02:06,S08,K0004,日化,1,38.34
2026-07-25 02:34,S08,K0015,鲜食,1,27.78
2026-07-25 02:39,S08,K0006,饮料,3,18.72
2026-07-25 02:11,S08,K0008,零食,2,20.44
2026-07-25 03:30,S08,K0036,饮料,1,12.26
2026-07-25 03:07,S08,K0032,乳品,3,21.48
2026-07-25 03:35,S08,K0022,乳品,2,44.64
2026-07-25 03:38,S08,K0007,乳品,2,47.6
2026-07-25 03:07,S08,K0012,乳品,3,3.21
2026-07-25 04:33,S08,K0027,乳品,3,30.22
2026-07-25 04:13,S08,K0040,鲜食,2,11.9
2026-07-25 04:48,S08,K0017,乳品,3,67.26
2026-07-25 04:06,S08,K0002,乳品,2,7.9
2026-07-25 03:53,S08,K0010,鲜食,2,21.86
2026-07-25 04:24,S08,K0010,鲜食,2,21.86
2026-07-25 04:59,S08,K0010,鲜食,2,21.86
2026-07-25 05:06,S08,K0027,乳品,3,15.11
2026-07-25 05:21,S08,K0001,饮料,3,16.5
2026-07-25 06:14,S08,K0035,鲜食,3,10.29
2026-07-25 05:51,S08,K0040,鲜食,2,11.9
2026-07-25 06:14,S08,K0017,乳品,2,33.63
2026-07-25 07:27,S08,K0029,日化,3,29.54
2026-07-25 06:50,S08,K0028,零食,3,20.67
2026-07-25 07:08,S08,K0006,饮料,1,9.36
2026-07-25 07:26,S08,K0008,零食,3,20.44
2026-07-25 08:29,S08,K0039,日化,1,6.23
2026-07-25 07:55,S08,K0027,乳品,1,15.11
2026-07-25 08:35,S08,K0031,饮料,2,30.57
2026-07-25 09:04,S08,K0012,乳品,1,6.42
2026-07-25 09:24,S08,K0021,饮料,3,30.12
2026-07-25 09:10,S08,K0026,饮料,3,34.14
2026-07-25 09:12,S08,K0011,饮料,2,57.8
2026-07-25 10:05,S08,K0010,鲜食,1,21.86
2026-07-25 10:09,S08,K0028,零食,3,20.67
2026-07-25 10:33,S08,K0013,零食,2,57.58
2026-07-25 10:39,S08,K0002,乳品,3,7.9
2026-07-25 10:43,S08,K0026,饮料,1,68.28
2026-07-25 11:46,S08,K0031,饮料,3,30.57
2026-07-25 10:57,S08,K0034,日化,3,8.94
2026-07-25 11:23,S08,K0039,日化,3,6.23
2026-07-25 11:23,S08,K0035,鲜食,3,10.29
2026-07-25 11:18,S08,K0026,饮料,3,34.14
2026-07-25 11:06,S08,K0007,乳品,1,47.6
2026-07-25 11:15,S08,K0018,零食,3,13.77
2026-07-25 11:42,S08,K0015,鲜食,2,13.89
2026-07-25 12:05,S08,K0025,鲜食,3,40.32
2026-07-25 12:31,S08,K0040,鲜食,3,11.9
2026-07-25 12:14,S08,K0038,零食,3,20.9
2026-07-25 13:13,S08,K0033,零食,3,51.1
2026-07-25 13:09,S08,K0006,饮料,2,18.72
2026-07-25 13:40,S08,K0021,饮料,3,30.12
2026-07-25 14:28,S08,K0008,零食,1,20.44
2026-07-25 14:43,S08,K0004,日化,3,38.34
2026-07-24 22:33,S09,K0016,饮料,2,7.98
2026-07-24 21:56,S09,K0023,零食,1,57.66
2026-07-24 22:16,S09,K0006,饮料,3,9.36
2026-07-24 22:42,S09,K0015,鲜食,3,27.78
2026-07-24 23:09,S09,K0027,乳品,1,30.22
2026-07-24 22:55,S09,K0009,日化,3,20.1
2026-07-24 23:12,S09,K0021,饮料,3,30.12
2026-07-24 23:49,S09,K0032,乳品,1,21.48
2026-07-25 00:30,S09,K0039,日化,3,12.46
2026-07-25 00:08,S09,K0009,日化,3,20.1
2026-07-25 01:07,S09,K0004,日化,2,38.34
2026-07-25 01:39,S09,K0018,零食,3,27.54
2026-07-25 02:15,S09,K0032,乳品,1,42.96
2026-07-25 02:05,S09,K0028,零食,1,20.67
2026-07-25 02:09,S09,K0020,鲜食,2,12.18
2026-07-25 03:10,S09,K0029,日化,3,29.54
2026-07-25 03:17,S09,K0037,乳品,2,11.1
2026-07-25 03:01,S09,K0015,鲜食,3,13.89
2026-07-25 02:57,S09,K0028,零食,1,41.34
2026-07-25 03:40,S09,K0017,乳品,2,67.26
2026-07-25 04:38,S09,K0012,乳品,2,6.42
2026-07-25 03:52,S09,K0019,日化,1,11.94
2026-07-25 04:27,S09,K0022,乳品,3,44.64
2026-07-25 04:49,S09,K0004,日化,3,38.34
2026-07-25 05:43,S09,K0011,饮料,1,28.9
2026-07-25 06:07,S09,K0010,鲜食,1,43.72
2026-07-25 06:45,S09,K0028,零食,2,41.34
2026-07-25 06:57,S09,K0026,饮料,2,34.14
2026-07-25 06:50,S09,K0025,鲜食,1,20.16
2026-07-25 07:06,S09,K0012,乳品,3,3.21
2026-07-25 08:47,S09,K0024,日化,3,52.7
2026-07-25 08:40,S09,K0035,鲜食,3,20.58
2026-07-25 09:37,S09,K0001,饮料,3,16.5
2026-07-25 09:19,S09,K0007,乳品,3,47.6
2026-07-25 10:24,S09,K0032,乳品,1,21.48
2026-07-25 10:00,S09,K0006,饮料,3,18.72
2026-07-25 10:48,S09,K0029,日化,1,59.08
2026-07-25 09:57,S09,K0029,日化,3,59.08
2026-07-25 10:43,S09,K0017,乳品,1,67.26
2026-07-25 11:35,S09,K0010,鲜食,1,21.86
2026-07-25 11:02,S09,K0004,日化,3,38.34
2026-07-25 12:10,S09,K0031,饮料,1,61.14
2026-07-25 12:33,S09,K0023,零食,3,57.66
2026-07-25 13:24,S09,K0030,鲜食,2,22.79
2026-07-25 13:05,S09,K0024,日化,3,26.35
2026-07-25 13:56,S09,K0009,日化,3,10.05
2026-07-25 14:09,S09,K0033,零食,2,51.1
2026-07-25 13:52,S09,K0018,零食,1,27.54
2026-07-24 22:30,S10,K0020,鲜食,2,12.18
2026-07-24 22:10,S10,K0030,鲜食,3,22.79
2026-07-24 22:43,S10,K0013,零食,1,28.79
2026-07-24 22:01,S10,K0009,日化,1,20.1
2026-07-24 22:38,S10,K0019,日化,3,11.94
2026-07-24 22:35,S10,K0040,鲜食,1,23.8
2026-07-24 23:37,S10,K0026,饮料,1,34.14
2026-07-24 23:30,S10,K0019,日化,3,5.97
2026-07-24 22:59,S10,K0032,乳品,1,21.48
2026-07-24 23:23,S10,K0036,饮料,2,12.26
2026-07-24 23:46,S10,K0005,鲜食,2,7.7
2026-07-24 23:30,S10,K0001,饮料,3,16.5
2026-07-24 23:27,S10,K0005,鲜食,2,3.85
2026-07-24 23:05,S10,K0003,零食,2,10.0
2026-07-24 23:13,S10,K0003,零食,3,10.0
2026-07-25 00:21,S10,K0035,鲜食,1,20.58
2026-07-25 00:46,S10,K0040,鲜食,1,23.8
2026-07-25 00:45,S10,K0015,鲜食,2,13.89
2026-07-25 00:43,S10,K0003,零食,3,10.0
2026-07-25 01:17,S10,K0026,饮料,2,68.28
2026-07-25 01:46,S10,K0033,零食,1,51.1
2026-07-25 02:06,S10,K0012,乳品,2,6.42
2026-07-25 02:05,S10,K0024,日化,2,52.7
2026-07-25 02:41,S10,K0004,日化,3,19.17
2026-07-25 02:45,S10,K0035,鲜食,2,10.29
2026-07-25 03:28,S10,K0039,日化,1,12.46
2026-07-25 02:55,S10,K0036,饮料,1,24.52
2026-07-25 03:30,S10,K0016,饮料,3,7.98
2026-07-25 03:23,S10,K0010,鲜食,2,43.72
2026-07-25 03:36,S10,K0035,鲜食,2,20.58
2026-07-25 03:22,S10,K0038,零食,3,10.45
2026-07-25 02:52,S10,K0039,日化,2,12.46
2026-07-25 03:26,S10,K0031,饮料,3,30.57
2026-07-25 02:55,S10,K0031,饮料,2,61.14
2026-07-25 04:13,S10,K0017,乳品,1,33.63
2026-07-25 04:44,S10,K0006,饮料,3,18.72
2026-07-25 04:00,S10,K0017,乳品,2,33.63
2026-07-25 04:42,S10,K0014,日化,3,25.34
2026-07-25 05:22,S10,K0011,饮料,1,28.9
2026-07-25 05:39,S10,K0037,乳品,1,5.55
2026-07-25 05:30,S10,K0008,零食,3,40.88
2026-07-25 05:14,S10,K0002,乳品,1,3.95
2026-07-25 05:22,S10,K0012,乳品,3,3.21
2026-07-25 05:58,S10,K0011,饮料,1,28.9
2026-07-25 05:49,S10,K0008,零食,1,20.44
2026-07-25 06:45,S10,K0012,乳品,1,3.21
2026-07-25 07:13,S10,K0034,日化,2,8.94
2026-07-25 06:56,S10,K0025,鲜食,1,20.16
2026-07-25 07:56,S10,K0025,鲜食,1,20.16
2026-07-25 08:01,S10,K0019,日化,2,11.94
2026-07-25 08:07,S10,K0006,饮料,1,9.36
2026-07-25 08:07,S10,K0036,饮料,2,12.26
2026-07-25 08:26,S10,K0006,饮料,3,9.36
2026-07-25 09:15,S10,K0018,零食,3,13.77
2026-07-25 09:09,S10,K0013,零食,2,57.58
2026-07-25 09:09,S10,K0038,零食,3,10.45
2026-07-25 08:49,S10,K0003,零食,1,10.0
2026-07-25 09:42,S10,K0030,鲜食,2,22.79
2026-07-25 09:12,S10,K0001,饮料,2,33.0
2026-07-25 09:13,S10,K0038,零食,2,10.45
2026-07-25 08:50,S10,K0022,乳品,3,22.32
2026-07-25 09:16,S10,K0028,零食,3,41.34
2026-07-25 09:54,S10,K0018,零食,1,13.77
2026-07-25 10:47,S10,K0026,饮料,2,68.28
2026-07-25 10:34,S10,K0006,饮料,1,9.36
2026-07-25 09:49,S10,K0019,日化,2,11.94
2026-07-25 10:14,S10,K0007,乳品,3,47.6
2026-07-25 10:19,S10,K0040,鲜食,1,11.9
2026-07-25 10:38,S10,K0024,日化,3,26.35
2026-07-25 10:15,S10,K0028,零食,3,20.67
2026-07-25 10:58,S10,K0036,饮料,2,24.52
2026-07-25 11:13,S10,K0011,饮料,3,57.8
2026-07-25 11:22,S10,K0001,饮料,1,33.0
2026-07-25 11:24,S10,K0036,饮料,3,12.26
2026-07-25 11:22,S10,K0031,饮料,3,61.14
2026-07-25 10:53,S10,K0040,鲜食,2,11.9
2026-07-25 12:16,S10,K0038,零食,1,20.9
2026-07-25 12:43,S10,K0030,鲜食,1,45.58
2026-07-25 11:50,S10,K0025,鲜食,3,20.16
2026-07-25 11:50,S10,K0009,日化,1,10.05
2026-07-25 13:18,S10,K0023,零食,3,28.83
2026-07-25 12:49,S10,K0025,鲜食,2,20.16
2026-07-25 13:43,S10,K0036,饮料,1,24.52
2026-07-25 12:53,S10,K0009,日化,2,20.1
2026-07-25 13:21,S10,K0022,乳品,2,22.32
2026-07-25 14:18,S10,K0032,乳品,2,21.48
2026-07-25 14:20,S10,K0009,日化,2,20.1
2026-07-25 14:00,S10,K0039,日化,1,6.23
2026-07-25 14:32,S10,K0035,鲜食,3,10.29
2026-07-25 13:54,S10,K0018,零食,3,27.54
2026-07-24 22:06,S11,K0028,零食,1,20.67
2026-07-24 22:27,S11,K0010,鲜食,2,43.72
2026-07-24 22:26,S11,K0033,零食,1,51.1
2026-07-24 23:35,S11,K0017,乳品,3,67.26
2026-07-24 23:47,S11,K0018,零食,1,13.77
2026-07-25 00:32,S11,K0023,零食,2,57.66
2026-07-25 00:42,S11,K0032,乳品,1,42.96
2026-07-25 00:38,S11,K0028,零食,3,20.67
2026-07-25 00:43,S11,K0001,饮料,3,16.5
2026-07-25 01:20,S11,K0024,日化,1,26.35
2026-07-25 00:53,S11,K0004,日化,3,38.34
2026-07-25 02:15,S11,K0022,乳品,2,22.32
2026-07-25 01:59,S11,K0030,鲜食,1,22.79
2026-07-25 03:00,S11,K0031,饮料,3,30.57
2026-07-25 03:28,S11,K0036,饮料,2,24.52
2026-07-25 02:52,S11,K0001,饮料,1,33.0
2026-07-25 03:30,S11,K0034,日化,3,4.47
2026-07-25 04:34,S11,K0017,乳品,2,33.63
2026-07-25 03:57,S11,K0006,饮料,2,9.36
2026-07-25 04:48,S11,K0025,鲜食,3,40.32
2026-07-25 04:53,S11,K0031,饮料,1,61.14
2026-07-25 05:30,S11,K0036,饮料,3,12.26
2026-07-25 06:25,S11,K0008,零食,2,20.44
2026-07-25 06:00,S11,K0040,鲜食,2,11.9
2026-07-25 07:09,S11,K0006,饮料,1,18.72
2026-07-25 07:36,S11,K0006,饮料,1,18.72
2026-07-25 07:41,S11,K0015,鲜食,2,13.89
2026-07-25 06:57,S11,K0037,乳品,1,5.55
2026-07-25 07:53,S11,K0030,鲜食,2,45.58
2026-07-25 07:49,S11,K0001,饮料,2,33.0
2026-07-25 09:45,S11,K0006,饮料,3,18.72
2026-07-25 09:34,S11,K0036,饮料,2,24.52
2026-07-25 09:40,S11,K0015,鲜食,3,13.89
2026-07-25 09:22,S11,K0037,乳品,2,11.1
2026-07-25 09:24,S11,K0038,零食,3,10.45
2026-07-25 09:11,S11,K0027,乳品,1,30.22
2026-07-25 09:19,S11,K0018,零食,1,27.54
2026-07-25 10:28,S11,K0006,饮料,3,9.36
2026-07-25 10:01,S11,K0031,饮料,2,30.57
2026-07-25 10:46,S11,K0014,日化,3,25.34
2026-07-25 10:05,S11,K0003,零食,2,10.0
2026-07-25 10:11,S11,K0010,鲜食,3,43.72
2026-07-25 10:32,S11,K0015,鲜食,1,13.89
2026-07-25 10:46,S11,K0030,鲜食,2,22.79
2026-07-25 10:17,S11,K0024,日化,2,26.35
2026-07-25 11:15,S11,K0010,鲜食,3,21.86
2026-07-25 11:44,S11,K0026,饮料,2,68.28
2026-07-25 11:36,S11,K0003,零食,2,20.0
2026-07-25 11:26,S11,K0013,零食,3,28.79
2026-07-25 12:46,S11,K0017,乳品,2,33.63
2026-07-25 12:08,S11,K0036,饮料,1,24.52
2026-07-25 12:13,S11,K0015,鲜食,3,27.78
2026-07-25 12:47,S11,K0026,饮料,1,34.14
2026-07-25 12:52,S11,K0022,乳品,2,44.64
2026-07-25 13:34,S11,K0018,零食,1,27.54
2026-07-25 13:17,S11,K0024,日化,3,52.7
2026-07-25 14:12,S11,K0006,饮料,2,9.36
2026-07-25 14:25,S11,K0014,日化,1,25.34
2026-07-25 13:51,S11,K0039,日化,3,12.46
2026-07-24 21:51,S12,K0007,乳品,2,47.6
2026-07-24 22:31,S12,K0002,乳品,3,3.95
2026-07-24 21:55,S12,K0015,鲜食,1,13.89
2026-07-24 22:38,S12,K0030,鲜食,3,45.58
2026-07-24 23:32,S12,K0039,日化,1,6.23
2026-07-24 23:40,S12,K0022,乳品,2,44.64
2026-07-25 00:32,S12,K0004,日化,3,19.17
2026-07-25 00:29,S12,K0011,饮料,1,57.8
2026-07-25 00:12,S12,K0040,鲜食,1,23.8
2026-07-25 01:32,S12,K0006,饮料,1,9.36
2026-07-25 01:31,S12,K0006,饮料,1,9.36
2026-07-25 01:46,S12,K0029,日化,2,59.08
2026-07-25 01:59,S12,K0001,饮料,2,16.5
2026-07-25 02:09,S12,K0006,饮料,1,18.72
2026-07-25 03:47,S12,K0012,乳品,2,6.42
2026-07-25 03:29,S12,K0029,日化,3,59.08
2026-07-25 03:17,S12,K0003,零食,2,10.0
2026-07-25 04:37,S12,K0007,乳品,2,23.8
2026-07-25 04:18,S12,K0009,日化,3,10.05
2026-07-25 04:34,S12,K0023,零食,3,57.66
2026-07-25 04:47,S12,K0002,乳品,1,3.95
2026-07-25 03:49,S12,K0004,日化,2,38.34
2026-07-25 05:38,S12,K0020,鲜食,3,6.09
2026-07-25 05:33,S12,K0014,日化,3,25.34
2026-07-25 06:11,S12,K0018,零食,1,13.77
2026-07-25 06:16,S12,K0014,日化,1,50.68
2026-07-25 07:23,S12,K0005,鲜食,2,3.85
2026-07-25 07:30,S12,K0015,鲜食,2,13.89
2026-07-25 08:37,S12,K0023,零食,1,57.66
2026-07-25 08:10,S12,K0037,乳品,1,5.55
2026-07-25 08:13,S12,K0024,日化,1,26.35
2026-07-25 09:20,S12,K0027,乳品,3,15.11
2026-07-25 09:14,S12,K0002,乳品,3,7.9
2026-07-25 09:53,S12,K0004,日化,3,38.34
2026-07-25 10:19,S12,K0029,日化,2,29.54
2026-07-25 10:19,S12,K0016,饮料,3,15.96
2026-07-25 10:34,S12,K0009,日化,1,10.05
2026-07-25 10:43,S12,K0037,乳品,2,11.1
2026-07-25 10:33,S12,K0038,零食,2,10.45
2026-07-25 11:14,S12,K0001,饮料,2,33.0
2026-07-25 11:37,S12,K0025,鲜食,1,40.32
2026-07-25 12:02,S12,K0001,饮料,1,33.0
2026-07-25 11:53,S12,K0001,饮料,2,16.5
2026-07-25 12:09,S12,K0025,鲜食,2,20.16
2026-07-25 13:07,S12,K0012,乳品,1,6.42
2026-07-25 13:05,S12,K0035,鲜食,1,10.29
2026-07-25 13:31,S12,K0012,乳品,3,3.21
2026-07-25 14:08,S12,K0015,鲜食,2,13.89
2026-07-25 13:49,S12,K0005,鲜食,3,3.85
2026-07-25 22:42,S01,K0027,乳品,3,15.11
2026-07-25 22:04,S01,K0023,零食,1,57.66
2026-07-25 22:49,S01,K0016,饮料,1,7.98
2026-07-25 23:13,S01,K0006,饮料,2,18.72
2026-07-25 23:39,S01,K0015,鲜食,1,13.89
2026-07-25 23:46,S01,K0019,日化,3,11.94
2026-07-25 23:10,S01,K0030,鲜食,3,45.58
2026-07-25 23:43,S01,K0021,饮料,3,30.12
2026-07-26 00:26,S01,K0011,饮料,3,57.8
2026-07-25 23:59,S01,K0020,鲜食,2,6.09
2026-07-26 01:15,S01,K0016,饮料,3,7.98
2026-07-26 01:45,S01,K0001,饮料,3,16.5
2026-07-26 01:12,S01,K0030,鲜食,2,22.79
2026-07-26 02:18,S01,K0017,乳品,2,33.63
2026-07-26 01:57,S01,K0039,日化,1,12.46
2026-07-26 03:40,S01,K0006,饮料,2,9.36
2026-07-26 03:34,S01,K0015,鲜食,3,13.89
2026-07-26 03:01,S01,K0012,乳品,2,3.21
2026-07-26 04:35,S01,K0039,日化,3,6.23
2026-07-26 04:11,S01,K0005,鲜食,3,3.85
2026-07-26 04:25,S01,K0034,日化,2,4.47
2026-07-26 04:55,S01,K0037,乳品,2,5.55
2026-07-26 05:21,S01,K0008,零食,2,20.44
2026-07-26 05:12,S01,K0035,鲜食,2,10.29
2026-07-26 05:45,S01,K0038,零食,2,20.9
2026-07-26 06:34,S01,K0011,饮料,3,28.9
2026-07-26 06:24,S01,K0025,鲜食,3,20.16
2026-07-26 06:37,S01,K0004,日化,2,19.17
2026-07-26 06:23,S01,K0031,饮料,3,30.57
2026-07-26 06:24,S01,K0005,鲜食,2,3.85
2026-07-26 07:40,S01,K0012,乳品,3,6.42
2026-07-26 07:45,S01,K0022,乳品,2,22.32
2026-07-26 07:21,S01,K0007,乳品,1,23.8
2026-07-26 06:59,S01,K0031,饮料,1,30.57
2026-07-26 07:24,S01,K0012,乳品,1,6.42
2026-07-26 07:57,S01,K0015,鲜食,3,13.89
2026-07-26 08:05,S01,K0004,日化,1,38.34
2026-07-26 08:20,S01,K0018,零食,2,13.77
2026-07-26 09:36,S01,K0034,日化,1,4.47
2026-07-26 09:12,S01,K0027,乳品,3,15.11
2026-07-26 09:32,S01,K0001,饮料,1,16.5
2026-07-26 08:51,S01,K0009,日化,3,10.05
2026-07-26 10:48,S01,K0018,零食,3,13.77
2026-07-26 10:43,S01,K0015,鲜食,1,13.89
2026-07-26 11:11,S01,K0032,乳品,1,21.48
2026-07-26 11:12,S01,K0016,饮料,3,7.98
2026-07-26 11:46,S01,K0003,零食,1,10.0
2026-07-26 11:10,S01,K0027,乳品,1,30.22
2026-07-26 11:14,S01,K0017,乳品,1,33.63
2026-07-26 11:11,S01,K0004,日化,3,19.17
2026-07-26 11:18,S01,K0029,日化,2,59.08
2026-07-26 11:46,S01,K0026,饮料,3,34.14
2026-07-26 11:23,S01,K0040,鲜食,1,11.9
2026-07-26 12:30,S01,K0002,乳品,1,3.95
2026-07-26 12:32,S01,K0027,乳品,3,15.11
2026-07-26 13:13,S01,K0020,鲜食,3,6.09
2026-07-26 13:26,S01,K0011,饮料,3,28.9
2026-07-26 13:39,S01,K0008,零食,1,40.88
2026-07-26 13:42,S01,K0016,饮料,3,15.96
2026-07-26 13:28,S01,K0005,鲜食,2,7.7
2026-07-26 14:25,S01,K0010,鲜食,1,21.86
2026-07-26 14:15,S01,K0008,零食,2,20.44
2026-07-26 13:52,S01,K0033,零食,2,51.1
2026-07-25 22:42,S02,K0024,日化,2,52.7
2026-07-25 22:37,S02,K0030,鲜食,1,45.58
2026-07-25 22:33,S02,K0015,鲜食,2,13.89
2026-07-25 22:25,S02,K0006,饮料,3,18.72
2026-07-25 22:12,S02,K0024,日化,1,52.7
2026-07-25 22:07,S02,K0038,零食,2,20.9
2026-07-25 23:17,S02,K0003,零食,2,20.0
2026-07-25 23:32,S02,K0013,零食,2,28.79
2026-07-25 23:25,S02,K0015,鲜食,2,27.78
2026-07-25 23:08,S02,K0001,饮料,3,33.0
2026-07-25 23:18,S02,K0011,饮料,1,28.9
2026-07-25 23:13,S02,K0011,饮料,1,57.8
2026-07-25 22:54,S02,K0008,零食,2,20.44
2026-07-26 00:39,S02,K0014,日化,2,25.34
2026-07-26 00:30,S02,K0022,乳品,3,44.64
2026-07-26 00:32,S02,K0018,零食,1,13.77
2026-07-26 01:43,S02,K0033,零食,3,25.55
2026-07-26 01:36,S02,K0035,鲜食,2,10.29
2026-07-26 01:48,S02,K0040,鲜食,2,11.9
2026-07-26 01:35,S02,K0016,饮料,2,7.98
2026-07-26 02:25,S02,K0039,日化,3,12.46
2026-07-26 02:03,S02,K0017,乳品,1,67.26
2026-07-26 02:45,S02,K0016,饮料,1,15.96
2026-07-26 02:00,S02,K0030,鲜食,2,22.79
2026-07-26 03:04,S02,K0035,鲜食,1,10.29
2026-07-26 03:01,S02,K0017,乳品,1,33.63
2026-07-26 02:54,S02,K0005,鲜食,3,7.7
2026-07-26 03:20,S02,K0034,日化,2,4.47
2026-07-26 04:12,S02,K0018,零食,2,27.54
2026-07-26 04:32,S02,K0037,乳品,2,11.1
2026-07-26 04:39,S02,K0022,乳品,2,44.64
2026-07-26 04:34,S02,K0038,零食,3,20.9
2026-07-26 05:01,S02,K0022,乳品,2,22.32
2026-07-26 05:12,S02,K0028,零食,3,41.34
2026-07-26 05:14,S02,K0018,零食,2,27.54
2026-07-26 05:16,S02,K0005,鲜食,1,7.7
2026-07-26 06:00,S02,K0006,饮料,2,18.72
2026-07-26 05:50,S02,K0024,日化,3,26.35
2026-07-26 07:48,S02,K0022,乳品,3,44.64
2026-07-26 06:54,S02,K0033,零食,2,25.55
2026-07-26 07:27,S02,K0026,饮料,1,68.28
2026-07-26 07:25,S02,K0024,日化,2,52.7
2026-07-26 08:00,S02,K0029,日化,1,29.54
2026-07-26 08:18,S02,K0001,饮料,2,16.5
2026-07-26 08:12,S02,K0016,饮料,3,7.98
2026-07-26 09:13,S02,K0012,乳品,1,6.42
2026-07-26 09:31,S02,K0004,日化,2,19.17
2026-07-26 09:39,S02,K0016,饮料,1,15.96
2026-07-26 09:08,S02,K0008,零食,2,40.88
2026-07-26 10:17,S02,K0004,日化,3,38.34
2026-07-26 10:31,S02,K0015,鲜食,2,13.89
2026-07-26 10:47,S02,K0007,乳品,3,23.8
2026-07-26 11:30,S02,K0035,鲜食,3,10.29
2026-07-26 11:22,S02,K0032,乳品,2,21.48
2026-07-26 11:54,S02,K0008,零食,2,40.88
2026-07-26 12:47,S02,K0006,饮料,3,18.72
2026-07-26 13:02,S02,K0011,饮料,2,57.8
2026-07-26 13:16,S02,K0012,乳品,3,6.42
2026-07-26 13:06,S02,K0017,乳品,3,67.26
2026-07-26 14:20,S02,K0008,零食,1,20.44
2026-07-26 14:33,S02,K0002,乳品,3,7.9
2026-07-25 22:03,S03,K0010,鲜食,2,43.72
2026-07-25 21:57,S03,K0029,日化,3,59.08
2026-07-25 22:32,S03,K0026,饮料,2,68.28
2026-07-25 22:01,S03,K0013,零食,2,28.79
2026-07-25 23:47,S03,K0018,零食,1,13.77
2026-07-25 23:41,S03,K0023,零食,1,57.66
2026-07-26 00:48,S03,K0002,乳品,2,7.9
2026-07-26 00:31,S03,K0034,日化,1,4.47
2026-07-26 01:19,S03,K0010,鲜食,3,21.86
2026-07-26 00:53,S03,K0009,日化,2,10.05
2026-07-26 02:31,S03,K0030,鲜食,1,22.79
2026-07-26 01:50,S03,K0028,零食,3,41.34
2026-07-26 02:25,S03,K0015,鲜食,3,13.89
2026-07-26 03:22,S03,K0026,饮料,3,34.14
2026-07-26 02:59,S03,K0032,乳品,1,21.48
2026-07-26 03:01,S03,K0008,零食,2,40.88
2026-07-26 04:22,S03,K0010,鲜食,2,21.86
2026-07-26 04:27,S03,K0002,乳品,3,3.95
2026-07-26 04:35,S03,K0037,乳品,3,11.1
2026-07-26 04:11,S03,K0016,饮料,1,15.96
2026-07-26 05:47,S03,K0014,日化,1,25.34
2026-07-26 04:58,S03,K0011,饮料,3,57.8
2026-07-26 05:33,S03,K0015,鲜食,3,13.89
2026-07-26 06:07,S03,K0001,饮料,2,33.0
2026-07-26 06:39,S03,K0015,鲜食,2,13.89
2026-07-26 07:16,S03,K0015,鲜食,2,13.89
2026-07-26 07:11,S03,K0033,零食,1,51.1
2026-07-26 08:47,S03,K0006,饮料,1,18.72
2026-07-26 08:21,S03,K0003,零食,1,20.0
2026-07-26 08:20,S03,K0039,日化,1,6.23
2026-07-26 08:51,S03,K0025,鲜食,1,20.16
2026-07-26 08:56,S03,K0032,乳品,1,42.96
2026-07-26 09:11,S03,K0007,乳品,3,23.8
2026-07-26 10:29,S03,K0036,饮料,1,12.26
2026-07-26 10:31,S03,K0032,乳品,3,42.96
2026-07-26 10:23,S03,K0017,乳品,2,67.26
2026-07-26 10:01,S03,K0031,饮料,2,61.14
2026-07-26 09:57,S03,K0017,乳品,1,33.63
2026-07-26 10:33,S03,K0014,日化,1,25.34
2026-07-26 10:50,S03,K0033,零食,3,25.55
2026-07-26 11:07,S03,K0039,日化,2,6.23
2026-07-26 11:24,S03,K0023,零食,3,28.83
2026-07-26 12:35,S03,K0012,乳品,2,6.42
2026-07-26 12:13,S03,K0004,日化,1,38.34
2026-07-26 13:30,S03,K0024,日化,1,52.7
2026-07-26 13:42,S03,K0016,饮料,3,15.96
2026-07-26 14:43,S03,K0005,鲜食,3,3.85
2026-07-26 13:52,S03,K0035,鲜食,2,20.58
2026-07-25 21:55,S04,K0018,零食,1,13.77
2026-07-25 22:31,S04,K0032,乳品,2,21.48
2026-07-25 22:08,S04,K0036,饮料,1,24.52
2026-07-25 21:49,S04,K0010,鲜食,3,21.86
2026-07-25 22:38,S04,K0015,鲜食,2,13.89
2026-07-25 22:31,S04,K0026,饮料,1,68.28
2026-07-25 22:03,S04,K0026,饮料,3,68.28
2026-07-25 22:13,S04,K0024,日化,1,52.7
2026-07-25 22:39,S04,K0018,零食,2,13.77
2026-07-25 23:05,S04,K0021,饮料,3,30.12
2026-07-25 23:48,S04,K0012,乳品,3,3.21
2026-07-25 22:54,S04,K0024,日化,2,52.7
2026-07-25 22:53,S04,K0005,鲜食,3,7.7
2026-07-25 23:16,S04,K0022,乳品,2,22.32
2026-07-25 23:48,S04,K0037,乳品,3,5.55
2026-07-25 23:35,S04,K0037,乳品,2,5.55
2026-07-26 00:24,S04,K0029,日化,2,59.08
2026-07-25 23:52,S04,K0012,乳品,2,3.21
2026-07-25 23:50,S04,K0009,日化,2,10.05
2026-07-25 23:59,S04,K0028,零食,3,20.67
2026-07-26 01:44,S04,K0040,鲜食,3,23.8
2026-07-26 00:57,S04,K0007,乳品,3,23.8
2026-07-26 01:53,S04,K0020,鲜食,1,6.09
2026-07-26 02:46,S04,K0028,零食,3,41.34
2026-07-26 02:23,S04,K0030,鲜食,3,45.58
2026-07-26 03:25,S04,K0003,零食,3,20.0
2026-07-26 02:53,S04,K0014,日化,1,50.68
2026-07-26 03:46,S04,K0032,乳品,2,21.48
2026-07-26 03:40,S04,K0006,饮料,3,9.36
2026-07-26 03:17,S04,K0009,日化,3,20.1
2026-07-26 03:18,S04,K0002,乳品,2,7.9
2026-07-26 03:15,S04,K0035,鲜食,2,10.29
2026-07-26 03:29,S04,K0014,日化,3,50.68
2026-07-26 04:27,S04,K0008,零食,1,40.88
2026-07-26 04:08,S04,K0022,乳品,1,22.32
2026-07-26 04:32,S04,K0033,零食,3,51.1
2026-07-26 04:03,S04,K0012,乳品,1,3.21
2026-07-26 03:59,S04,K0003,零食,1,10.0
2026-07-26 05:38,S04,K0002,乳品,2,7.9
2026-07-26 05:06,S04,K0025,鲜食,2,40.32
2026-07-26 05:19,S04,K0019,日化,1,5.97
2026-07-26 04:57,S04,K0001,饮料,2,33.0
2026-07-26 06:08,S04,K0020,鲜食,3,12.18
2026-07-26 06:14,S04,K0032,乳品,2,42.96
2026-07-26 06:17,S04,K0038,零食,2,10.45
2026-07-26 06:41,S04,K0027,乳品,1,30.22
2026-07-26 06:16,S04,K0023,零食,3,28.83
2026-07-26 06:51,S04,K0022,乳品,1,44.64
2026-07-26 07:11,S04,K0016,饮料,2,7.98
2026-07-26 07:01,S04,K0031,饮料,1,61.14
2026-07-26 07:25,S04,K0018,零食,2,13.77
2026-07-26 07:54,S04,K0029,日化,1,59.08
2026-07-26 08:25,S04,K0009,日化,3,20.1
2026-07-26 08:09,S04,K0015,鲜食,1,13.89
2026-07-26 08:26,S04,K0024,日化,2,26.35
2026-07-26 08:12,S04,K0012,乳品,2,3.21
2026-07-26 08:59,S04,K0034,日化,2,8.94
2026-07-26 09:16,S04,K0014,日化,2,25.34
2026-07-26 09:43,S04,K0006,饮料,2,18.72
2026-07-26 09:28,S04,K0034,日化,3,8.94
2026-07-26 10:11,S04,K0026,饮料,2,68.28
2026-07-26 10:04,S04,K0028,零食,2,41.34
2026-07-26 10:44,S04,K0017,乳品,2,33.63
2026-07-26 10:34,S04,K0020,鲜食,2,6.09
2026-07-26 10:28,S04,K0020,鲜食,1,12.18
2026-07-26 10:48,S04,K0037,乳品,3,5.55
2026-07-26 10:04,S04,K0039,日化,3,12.46
2026-07-26 10:26,S04,K0018,零食,2,27.54
2026-07-26 10:25,S04,K0015,鲜食,2,27.78
2026-07-26 09:50,S04,K0017,乳品,3,33.63
2026-07-26 10:03,S04,K0010,鲜食,1,43.72
2026-07-26 10:57,S04,K0027,乳品,3,30.22
2026-07-26 11:25,S04,K0014,日化,3,50.68
2026-07-26 11:04,S04,K0007,乳品,1,23.8
2026-07-26 11:46,S04,K0001,饮料,3,33.0
2026-07-26 10:52,S04,K0009,日化,3,10.05
2026-07-26 11:44,S04,K0008,零食,2,20.44
2026-07-26 11:09,S04,K0031,饮料,2,61.14
2026-07-26 11:07,S04,K0013,零食,3,57.58
2026-07-26 11:10,S04,K0024,日化,2,26.35
2026-07-26 10:51,S04,K0009,日化,1,10.05
2026-07-26 12:06,S04,K0020,鲜食,3,12.18
2026-07-26 12:13,S04,K0020,鲜食,1,6.09
2026-07-26 12:52,S04,K0037,乳品,1,5.55
2026-07-26 12:55,S04,K0023,零食,1,28.83
2026-07-26 13:35,S04,K0014,日化,2,50.68
2026-07-26 14:22,S04,K0023,零食,3,57.66
2026-07-26 14:10,S04,K0013,零食,3,57.58
2026-07-26 13:49,S04,K0031,饮料,3,61.14
2026-07-26 14:48,S04,K0006,饮料,3,9.36
2026-07-26 14:05,S04,K0005,鲜食,3,7.7
2026-07-25 22:01,S05,K0020,鲜食,2,12.18
2026-07-25 22:13,S05,K0026,饮料,1,34.14
2026-07-25 22:03,S05,K0005,鲜食,3,7.7
2026-07-25 22:45,S05,K0004,日化,1,38.34
2026-07-25 22:01,S05,K0012,乳品,2,3.21
2026-07-25 21:51,S05,K0009,日化,1,10.05
2026-07-25 23:07,S05,K0030,鲜食,1,45.58
2026-07-25 23:02,S05,K0027,乳品,3,15.11
2026-07-25 23:08,S05,K0002,乳品,1,7.9
2026-07-25 23:15,S05,K0038,零食,3,20.9
2026-07-25 23:51,S05,K0002,乳品,3,7.9
2026-07-26 00:25,S05,K0010,鲜食,2,43.72
2026-07-25 23:52,S05,K0038,零食,1,10.45
2026-07-26 00:17,S05,K0032,乳品,2,21.48
2026-07-26 01:01,S05,K0017,乳品,1,67.26
2026-07-26 01:42,S05,K0014,日化,2,25.34
2026-07-26 01:03,S05,K0010,鲜食,3,43.72
2026-07-26 01:59,S05,K0011,饮料,3,57.8
2026-07-26 02:14,S05,K0028,零食,2,20.67
2026-07-26 03:35,S05,K0022,乳品,1,22.32
2026-07-26 02:57,S05,K0013,零食,3,28.79
2026-07-26 03:39,S05,K0040,鲜食,1,11.9
2026-07-26 02:50,S05,K0009,日化,1,20.1
2026-07-26 03:25,S05,K0026,饮料,1,34.14
2026-07-26 04:03,S05,K0001,饮料,1,16.5
2026-07-26 04:05,S05,K0013,零食,2,57.58
2026-07-26 03:53,S05,K0029,日化,3,29.54
2026-07-26 05:39,S05,K0028,零食,2,41.34
2026-07-26 05:17,S05,K0001,饮料,2,16.5
2026-07-26 05:28,S05,K0031,饮料,3,61.14
2026-07-26 05:04,S05,K0021,饮料,3,30.12
2026-07-26 06:30,S05,K0018,零食,2,13.77
2026-07-26 05:54,S05,K0004,日化,1,19.17
2026-07-26 07:24,S05,K0038,零食,2,20.9
2026-07-26 07:04,S05,K0011,饮料,1,28.9
2026-07-26 07:34,S05,K0018,零食,1,13.77
2026-07-26 07:23,S05,K0009,日化,2,20.1
2026-07-26 08:40,S05,K0038,零食,3,10.45
2026-07-26 08:18,S05,K0006,饮料,3,9.36
2026-07-26 09:07,S05,K0009,日化,1,20.1
2026-07-26 09:17,S05,K0004,日化,3,38.34
2026-07-26 09:31,S05,K0017,乳品,3,67.26
2026-07-26 10:42,S05,K0007,乳品,2,47.6
2026-07-26 10:41,S05,K0021,饮料,2,60.24
2026-07-26 10:28,S05,K0007,乳品,3,23.8
2026-07-26 09:52,S05,K0017,乳品,2,67.26
2026-07-26 10:03,S05,K0035,鲜食,3,20.58
2026-07-26 10:39,S05,K0010,鲜食,3,43.72
2026-07-26 10:10,S05,K0010,鲜食,3,21.86
2026-07-26 11:09,S05,K0010,鲜食,3,21.86
2026-07-26 11:39,S05,K0038,零食,3,20.9
2026-07-26 11:14,S05,K0025,鲜食,3,40.32
2026-07-26 12:47,S05,K0017,乳品,3,33.63
2026-07-26 12:20,S05,K0016,饮料,1,7.98
2026-07-26 12:25,S05,K0029,日化,1,29.54
2026-07-26 11:57,S05,K0007,乳品,1,23.8
2026-07-26 13:22,S05,K0008,零食,2,20.44
2026-07-26 13:33,S05,K0016,饮料,2,15.96
2026-07-26 13:52,S05,K0040,鲜食,3,11.9
2026-07-26 14:43,S05,K0030,鲜食,1,45.58
2026-07-26 14:33,S05,K0019,日化,1,5.97
2026-07-26 13:58,S05,K0039,日化,2,6.23
2026-07-25 22:00,S06,K0023,零食,3,57.66
2026-07-25 22:20,S06,K0008,零食,1,20.44
2026-07-25 21:58,S06,K0012,乳品,2,6.42
2026-07-25 22:04,S06,K0017,乳品,1,67.26
2026-07-25 22:50,S06,K0011,饮料,2,57.8
2026-07-25 22:58,S06,K0010,鲜食,1,43.72
2026-07-25 23:13,S06,K0012,乳品,3,6.42
2026-07-26 00:45,S06,K0038,零食,3,20.9
2026-07-26 00:47,S06,K0013,零食,1,28.79
2026-07-26 00:41,S06,K0035,鲜食,1,10.29
2026-07-26 01:08,S06,K0019,日化,2,5.97
2026-07-26 01:21,S06,K0020,鲜食,3,12.18
2026-07-26 01:27,S06,K0033,零食,3,51.1
2026-07-26 02:18,S06,K0018,零食,1,13.77
2026-07-26 02:44,S06,K0001,饮料,2,33.0
2026-07-26 03:28,S06,K0005,鲜食,2,3.85
2026-07-26 03:20,S06,K0029,日化,2,29.54
2026-07-26 03:16,S06,K0026,饮料,3,34.14
2026-07-26 03:45,S06,K0011,饮料,3,57.8
2026-07-26 04:06,S06,K0015,鲜食,1,27.78
2026-07-26 04:19,S06,K0032,乳品,2,21.48
2026-07-26 04:47,S06,K0011,饮料,2,28.9
2026-07-26 04:15,S06,K0002,乳品,1,7.9
2026-07-26 04:23,S06,K0023,零食,1,28.83
2026-07-26 05:30,S06,K0002,乳品,2,3.95
2026-07-26 05:26,S06,K0010,鲜食,2,21.86
2026-07-26 06:48,S06,K0021,饮料,2,30.12
2026-07-26 05:58,S06,K0003,零食,3,20.0
2026-07-26 07:14,S06,K0038,零食,1,20.9
2026-07-26 07:18,S06,K0016,饮料,3,7.98
2026-07-26 07:00,S06,K0027,乳品,3,30.22
2026-07-26 08:16,S06,K0003,零食,2,10.0
2026-07-26 08:31,S06,K0022,乳品,2,22.32
2026-07-26 08:55,S06,K0022,乳品,1,22.32
2026-07-26 09:03,S06,K0007,乳品,3,23.8
2026-07-26 09:06,S06,K0003,零食,3,10.0
2026-07-26 08:53,S06,K0011,饮料,3,28.9
2026-07-26 09:43,S06,K0012,乳品,1,3.21
2026-07-26 09:39,S06,K0012,乳品,1,6.42
2026-07-26 10:31,S06,K0033,零食,1,51.1
2026-07-26 09:58,S06,K0035,鲜食,2,20.58
2026-07-26 10:20,S06,K0035,鲜食,2,20.58
2026-07-26 09:55,S06,K0001,饮料,3,16.5
2026-07-26 11:05,S06,K0021,饮料,3,30.12
2026-07-26 11:08,S06,K0025,鲜食,2,20.16
2026-07-26 10:51,S06,K0001,饮料,2,16.5
2026-07-26 11:48,S06,K0037,乳品,3,11.1
2026-07-26 11:29,S06,K0029,日化,3,59.08
2026-07-26 11:42,S06,K0016,饮料,2,15.96
2026-07-26 12:07,S06,K0026,饮料,2,68.28
2026-07-26 12:27,S06,K0008,零食,2,20.44
2026-07-26 12:07,S06,K0014,日化,3,25.34
2026-07-26 12:58,S06,K0040,鲜食,3,23.8
2026-07-26 13:00,S06,K0010,鲜食,1,21.86
2026-07-26 14:08,S06,K0002,乳品,3,3.95
2026-07-26 14:07,S06,K0003,零食,1,20.0
2026-07-25 22:07,S07,K0008,零食,3,40.88
2026-07-25 22:47,S07,K0033,零食,3,25.55
2026-07-25 22:19,S07,K0006,饮料,3,18.72
2026-07-25 22:41,S07,K0010,鲜食,2,43.72
2026-07-25 22:33,S07,K0037,乳品,3,5.55
2026-07-25 23:33,S07,K0033,零食,1,25.55
2026-07-25 22:50,S07,K0036,饮料,1,12.26
2026-07-25 23:16,S07,K0028,零食,2,20.67
2026-07-25 23:34,S07,K0011,饮料,1,28.9
2026-07-26 00:48,S07,K0023,零食,1,28.83
2026-07-26 00:10,S07,K0035,鲜食,1,20.58
2026-07-26 00:49,S07,K0007,乳品,2,23.8
2026-07-26 01:40,S07,K0021,饮料,1,60.24
2026-07-26 01:45,S07,K0016,饮料,3,7.98
2026-07-26 02:24,S07,K0023,零食,3,28.83
2026-07-26 02:42,S07,K0027,乳品,3,15.11
2026-07-26 03:17,S07,K0004,日化,2,38.34
2026-07-26 03:41,S07,K0011,饮料,2,57.8
2026-07-26 04:00,S07,K0015,鲜食,3,13.89
2026-07-26 04:28,S07,K0033,零食,2,25.55
2026-07-26 04:41,S07,K0014,日化,2,50.68
2026-07-26 04:21,S07,K0006,饮料,2,9.36
2026-07-26 04:47,S07,K0035,鲜食,2,10.29
2026-07-26 04:55,S07,K0030,鲜食,1,45.58
2026-07-26 05:08,S07,K0036,饮料,1,12.26
2026-07-26 05:01,S07,K0005,鲜食,1,3.85
2026-07-26 05:46,S07,K0013,零食,1,28.79
2026-07-26 05:32,S07,K0007,乳品,3,23.8
2026-07-26 06:18,S07,K0012,乳品,3,3.21
2026-07-26 06:19,S07,K0034,日化,2,4.47
2026-07-26 06:46,S07,K0026,饮料,2,68.28
2026-07-26 05:55,S07,K0025,鲜食,3,20.16
2026-07-26 07:41,S07,K0024,日化,3,26.35
2026-07-26 07:29,S07,K0001,饮料,3,16.5
2026-07-26 07:04,S07,K0018,零食,1,13.77
2026-07-26 07:27,S07,K0030,鲜食,2,45.58
2026-07-26 07:18,S07,K0008,零食,3,20.44
2026-07-26 08:15,S07,K0038,零食,3,10.45
2026-07-26 08:33,S07,K0035,鲜食,2,20.58
2026-07-26 08:00,S07,K0032,乳品,3,21.48
2026-07-26 08:33,S07,K0010,鲜食,2,43.72
2026-07-26 09:23,S07,K0026,饮料,2,34.14
2026-07-26 09:44,S07,K0040,鲜食,2,11.9
2026-07-26 09:09,S07,K0009,日化,2,10.05
2026-07-26 09:28,S07,K0020,鲜食,3,6.09
2026-07-26 09:09,S07,K0022,乳品,1,44.64
2026-07-26 09:29,S07,K0028,零食,3,20.67
2026-07-26 09:36,S07,K0029,日化,2,29.54
2026-07-26 09:50,S07,K0039,日化,2,12.46
2026-07-26 09:58,S07,K0031,饮料,3,61.14
2026-07-26 10:26,S07,K0028,零食,2,20.67
2026-07-26 10:25,S07,K0029,日化,3,59.08
2026-07-26 09:50,S07,K0032,乳品,3,21.48
2026-07-26 10:39,S07,K0036,饮料,3,24.52
2026-07-26 10:32,S07,K0020,鲜食,3,12.18
2026-07-26 10:24,S07,K0017,乳品,2,67.26
2026-07-26 10:06,S07,K0026,饮料,1,34.14
2026-07-26 10:40,S07,K0039,日化,3,12.46
2026-07-26 10:15,S07,K0008,零食,2,20.44
2026-07-26 11:22,S07,K0030,鲜食,3,45.58
2026-07-26 11:14,S07,K0014,日化,3,25.34
2026-07-26 11:07,S07,K0025,鲜食,3,20.16
2026-07-26 11:07,S07,K0017,乳品,2,33.63
2026-07-26 10:59,S07,K0039,日化,3,12.46
2026-07-26 11:09,S07,K0001,饮料,1,16.5
2026-07-26 12:14,S07,K0011,饮料,1,57.8
2026-07-26 12:14,S07,K0003,零食,2,20.0
2026-07-26 13:42,S07,K0002,乳品,3,3.95
2026-07-26 13:23,S07,K0018,零食,2,27.54
2026-07-26 13:49,S07,K0015,鲜食,3,13.89
2026-07-26 14:10,S07,K0003,零食,2,20.0
2026-07-25 22:24,S08,K0035,鲜食,1,20.58
2026-07-25 22:42,S08,K0017,乳品,3,33.63
2026-07-25 22:11,S08,K0036,饮料,2,12.26
2026-07-25 21:58,S08,K0001,饮料,2,33.0
2026-07-25 21:52,S08,K0001,饮料,1,16.5
2026-07-25 22:32,S08,K0003,零食,2,20.0
2026-07-25 21:55,S08,K0026,饮料,3,68.28
2026-07-25 22:50,S08,K0014,日化,2,50.68
2026-07-25 22:55,S08,K0019,日化,3,11.94
2026-07-25 23:01,S08,K0037,乳品,2,11.1
2026-07-25 23:17,S08,K0028,零食,3,20.67
2026-07-25 23:37,S08,K0033,零食,2,25.55
2026-07-25 23:22,S08,K0008,零食,2,20.44
2026-07-25 23:45,S08,K0027,乳品,3,15.11
2026-07-26 00:29,S08,K0008,零食,1,40.88
2026-07-26 00:45,S08,K0024,日化,3,26.35
2026-07-26 01:06,S08,K0015,鲜食,2,27.78
2026-07-26 00:57,S08,K0017,乳品,3,33.63
2026-07-26 02:06,S08,K0031,饮料,3,61.14
2026-07-26 02:24,S08,K0028,零食,2,41.34
2026-07-26 02:08,S08,K0011,饮料,1,57.8
2026-07-26 02:56,S08,K0009,日化,2,20.1
2026-07-26 03:27,S08,K0040,鲜食,2,23.8
2026-07-26 03:09,S08,K0009,日化,2,10.05
2026-07-26 03:56,S08,K0012,乳品,3,3.21
2026-07-26 04:04,S08,K0022,乳品,1,44.64
2026-07-26 04:39,S08,K0029,日化,1,59.08
2026-07-26 05:19,S08,K0020,鲜食,2,12.18
2026-07-26 05:07,S08,K0035,鲜食,3,20.58
2026-07-26 05:27,S08,K0024,日化,1,52.7
2026-07-26 05:55,S08,K0011,饮料,1,28.9
2026-07-26 05:49,S08,K0021,饮料,2,30.12
2026-07-26 06:07,S08,K0009,日化,2,20.1
2026-07-26 06:59,S08,K0007,乳品,3,23.8
2026-07-26 07:36,S08,K0001,饮料,1,33.0
2026-07-26 07:54,S08,K0012,乳品,1,6.42
2026-07-26 08:48,S08,K0016,饮料,3,7.98
2026-07-26 09:20,S08,K0030,鲜食,1,45.58
2026-07-26 09:23,S08,K0018,零食,3,13.77
2026-07-26 09:11,S08,K0040,鲜食,3,23.8
2026-07-26 09:24,S08,K0021,饮料,2,30.12
2026-07-26 09:26,S08,K0012,乳品,3,6.42
2026-07-26 09:32,S08,K0011,饮料,2,28.9
2026-07-26 08:55,S08,K0021,饮料,2,30.12
2026-07-26 10:20,S08,K0021,饮料,2,30.12
2026-07-26 09:53,S08,K0029,日化,1,59.08
2026-07-26 10:22,S08,K0004,日化,3,19.17
2026-07-26 10:08,S08,K0024,日化,3,26.35
2026-07-26 10:17,S08,K0017,乳品,2,67.26
2026-07-26 10:19,S08,K0018,零食,1,27.54
2026-07-26 11:11,S08,K0014,日化,1,50.68
2026-07-26 11:44,S08,K0029,日化,3,59.08
2026-07-26 11:42,S08,K0008,零食,2,20.44
2026-07-26 11:26,S08,K0023,零食,2,57.66
2026-07-26 11:05,S08,K0013,零食,2,28.79
2026-07-26 11:10,S08,K0003,零食,1,20.0
2026-07-26 11:23,S08,K0033,零食,1,25.55
2026-07-26 12:22,S08,K0008,零食,1,40.88
2026-07-26 12:44,S08,K0006,饮料,1,9.36
2026-07-26 13:47,S08,K0034,日化,3,4.47
2026-07-26 13:48,S08,K0028,零食,1,41.34
2026-07-26 14:45,S08,K0035,鲜食,1,10.29
2026-07-26 14:39,S08,K0023,零食,1,57.66
2026-07-26 14:19,S08,K0035,鲜食,1,10.29
2026-07-26 14:41,S08,K0019,日化,3,11.94
2026-07-25 22:32,S09,K0021,饮料,1,60.24
2026-07-25 21:56,S09,K0012,乳品,2,6.42
2026-07-25 22:09,S09,K0027,乳品,3,15.11
2026-07-25 23:19,S09,K0015,鲜食,3,13.89
2026-07-25 23:21,S09,K0007,乳品,3,23.8
2026-07-25 23:16,S09,K0023,零食,3,57.66
2026-07-25 23:07,S09,K0013,零食,2,57.58
2026-07-26 00:36,S09,K0006,饮料,2,18.72
2026-07-26 00:48,S09,K0025,鲜食,1,40.32
2026-07-26 00:48,S09,K0038,零食,1,20.9
2026-07-26 01:41,S09,K0014,日化,2,25.34
2026-07-26 01:27,S09,K0038,零食,3,20.9
2026-07-26 02:05,S09,K0028,零食,2,20.67
2026-07-26 02:26,S09,K0040,鲜食,3,11.9
2026-07-26 01:56,S09,K0003,零食,1,20.0
2026-07-26 03:25,S09,K0015,鲜食,1,13.89
2026-07-26 02:59,S09,K0022,乳品,1,22.32
2026-07-26 03:27,S09,K0035,鲜食,2,20.58
2026-07-26 02:59,S09,K0019,日化,3,11.94
2026-07-26 03:06,S09,K0025,鲜食,3,40.32
2026-07-26 04:12,S09,K0038,零食,2,10.45
2026-07-26 04:47,S09,K0036,饮料,2,24.52
2026-07-26 04:29,S09,K0022,乳品,3,44.64
2026-07-26 03:57,S09,K0034,日化,3,4.47
2026-07-26 03:52,S09,K0038,零食,1,10.45
2026-07-26 05:36,S09,K0029,日化,3,59.08
2026-07-26 05:27,S09,K0035,鲜食,3,10.29
2026-07-26 06:22,S09,K0020,鲜食,3,6.09
2026-07-26 06:47,S09,K0039,日化,2,6.23
2026-07-26 07:48,S09,K0001,饮料,2,33.0
2026-07-26 07:48,S09,K0017,乳品,2,33.63
2026-07-26 07:39,S09,K0018,零食,1,27.54
2026-07-26 08:22,S09,K0011,饮料,2,28.9
2026-07-26 08:00,S09,K0006,饮料,3,9.36
2026-07-26 08:02,S09,K0002,乳品,3,7.9
2026-07-26 08:56,S09,K0035,鲜食,1,10.29
2026-07-26 09:20,S09,K0040,鲜食,3,11.9
2026-07-26 09:47,S09,K0018,零食,2,13.77
2026-07-26 09:36,S09,K0002,乳品,3,3.95
2026-07-26 09:17,S09,K0007,乳品,2,23.8
2026-07-26 09:58,S09,K0021,饮料,3,60.24
2026-07-26 10:26,S09,K0028,零食,1,20.67
2026-07-26 09:54,S09,K0024,日化,3,52.7
2026-07-26 10:23,S09,K0033,零食,1,51.1
2026-07-26 11:01,S09,K0021,饮料,1,60.24
2026-07-26 11:36,S09,K0002,乳品,3,3.95
2026-07-26 12:04,S09,K0037,乳品,3,5.55
2026-07-26 12:04,S09,K0001,饮料,3,16.5
2026-07-26 12:57,S09,K0020,鲜食,3,12.18
2026-07-26 12:56,S09,K0023,零食,1,57.66
2026-07-26 13:25,S09,K0003,零食,1,20.0
2026-07-26 14:34,S09,K0033,零食,1,25.55
2026-07-26 14:09,S09,K0019,日化,1,5.97
2026-07-25 22:34,S10,K0014,日化,2,25.34
2026-07-25 21:53,S10,K0026,饮料,2,68.28
2026-07-25 22:13,S10,K0014,日化,2,25.34
2026-07-25 21:54,S10,K0029,日化,1,59.08
2026-07-25 22:35,S10,K0033,零食,3,51.1
2026-07-25 22:04,S10,K0037,乳品,1,11.1
2026-07-25 22:52,S10,K0040,鲜食,3,11.9
2026-07-25 23:23,S10,K0022,乳品,2,44.64
2026-07-25 23:12,S10,K0006,饮料,3,18.72
2026-07-25 23:31,S10,K0029,日化,1,29.54
2026-07-25 23:44,S10,K0022,乳品,2,44.64
2026-07-26 00:20,S10,K0038,零食,3,10.45
2026-07-26 00:11,S10,K0023,零食,1,28.83
2026-07-26 00:07,S10,K0025,鲜食,1,40.32
2026-07-26 01:42,S10,K0009,日化,3,10.05
2026-07-26 01:20,S10,K0031,饮料,1,61.14
2026-07-26 02:23,S10,K0011,饮料,3,57.8
2026-07-26 02:15,S10,K0025,鲜食,1,40.32
2026-07-26 03:00,S10,K0019,日化,3,5.97
2026-07-26 03:40,S10,K0025,鲜食,2,40.32
2026-07-26 03:41,S10,K0005,鲜食,3,7.7
2026-07-26 02:51,S10,K0005,鲜食,1,7.7
2026-07-26 03:29,S10,K0021,饮料,1,60.24
2026-07-26 04:42,S10,K0027,乳品,2,15.11
2026-07-26 03:56,S10,K0024,日化,1,26.35
2026-07-26 04:23,S10,K0036,饮料,1,12.26
2026-07-26 04:02,S10,K0032,乳品,1,42.96
2026-07-26 04:20,S10,K0010,鲜食,2,21.86
2026-07-26 03:57,S10,K0028,零食,3,20.67
2026-07-26 05:32,S10,K0017,乳品,2,67.26
2026-07-26 05:22,S10,K0008,零食,3,20.44
2026-07-26 05:09,S10,K0038,零食,1,10.45
2026-07-26 05:15,S10,K0037,乳品,3,5.55
2026-07-26 06:14,S10,K0032,乳品,2,21.48
2026-07-26 06:00,S10,K0037,乳品,1,11.1
2026-07-26 06:21,S10,K0040,鲜食,2,23.8
2026-07-26 06:37,S10,K0021,饮料,2,30.12
2026-07-26 06:42,S10,K0016,饮料,2,15.96
2026-07-26 06:56,S10,K0032,乳品,2,42.96
2026-07-26 06:50,S10,K0013,零食,3,57.58
2026-07-26 07:24,S10,K0036,饮料,1,12.26
2026-07-26 08:38,S10,K0018,零食,3,13.77
2026-07-26 08:08,S10,K0013,零食,1,28.79
2026-07-26 08:20,S10,K0033,零食,1,51.1
2026-07-26 08:30,S10,K0029,日化,3,59.08
2026-07-26 08:03,S10,K0033,零食,3,25.55
2026-07-26 09:07,S10,K0026,饮料,2,68.28
2026-07-26 09:42,S10,K0001,饮料,2,16.5
2026-07-26 09:34,S10,K0015,鲜食,1,13.89
2026-07-26 09:47,S10,K0040,鲜食,1,23.8
2026-07-26 09:21,S10,K0013,零食,3,57.58
2026-07-26 10:23,S10,K0012,乳品,1,6.42
2026-07-26 10:11,S10,K0009,日化,2,10.05
2026-07-26 10:53,S10,K0017,乳品,3,33.63
2026-07-26 11:46,S10,K0015,鲜食,1,13.89
2026-07-26 12:18,S10,K0029,日化,1,29.54
2026-07-26 12:37,S10,K0018,零食,2,13.77
2026-07-26 11:52,S10,K0002,乳品,3,7.9
2026-07-26 12:42,S10,K0038,零食,3,20.9
2026-07-26 13:02,S10,K0037,乳品,1,11.1
2026-07-26 13:38,S10,K0024,日化,1,26.35
2026-07-26 14:19,S10,K0040,鲜食,3,23.8
2026-07-26 14:29,S10,K0007,乳品,1,23.8
2026-07-25 22:18,S11,K0035,鲜食,1,20.58
2026-07-25 22:36,S11,K0010,鲜食,2,43.72
2026-07-25 22:15,S11,K0037,乳品,1,5.55
2026-07-25 22:12,S11,K0012,乳品,1,6.42
2026-07-25 23:00,S11,K0010,鲜食,2,21.86
2026-07-25 23:42,S11,K0017,乳品,3,33.63
2026-07-25 23:15,S11,K0012,乳品,1,3.21
2026-07-25 23:42,S11,K0035,鲜食,3,10.29
2026-07-26 00:08,S11,K0013,零食,2,57.58
2026-07-26 00:33,S11,K0007,乳品,2,23.8
2026-07-26 00:49,S11,K0031,饮料,1,61.14
2026-07-26 01:33,S11,K0029,日化,3,29.54
2026-07-26 02:38,S11,K0010,鲜食,1,21.86
2026-07-26 02:10,S11,K0039,日化,1,12.46
2026-07-26 02:53,S11,K0009,日化,3,20.1
2026-07-26 03:15,S11,K0013,零食,3,28.79
2026-07-26 03:10,S11,K0001,饮料,2,33.0
2026-07-26 03:09,S11,K0039,日化,1,6.23
2026-07-26 03:20,S11,K0007,乳品,1,23.8
2026-07-26 03:49,S11,K0037,乳品,1,11.1
2026-07-26 04:28,S11,K0014,日化,2,25.34
2026-07-26 04:37,S11,K0013,零食,1,57.58
2026-07-26 03:59,S11,K0011,饮料,1,28.9
2026-07-26 05:41,S11,K0035,鲜食,2,10.29
2026-07-26 05:19,S11,K0033,零食,1,51.1
2026-07-26 06:00,S11,K0010,鲜食,1,21.86
2026-07-26 06:09,S11,K0017,乳品,3,67.26
2026-07-26 06:39,S11,K0027,乳品,1,30.22
2026-07-26 06:59,S11,K0037,乳品,3,5.55
2026-07-26 07:42,S11,K0031,饮料,1,61.14
2026-07-26 08:04,S11,K0020,鲜食,2,6.09
2026-07-26 08:41,S11,K0010,鲜食,1,43.72
2026-07-26 08:43,S11,K0019,日化,1,5.97
2026-07-26 08:54,S11,K0010,鲜食,3,43.72
2026-07-26 08:58,S11,K0001,饮料,2,16.5
2026-07-26 09:47,S11,K0014,日化,3,50.68
2026-07-26 08:58,S11,K0006,饮料,3,9.36
2026-07-26 10:08,S11,K0018,零食,3,27.54
2026-07-26 10:45,S11,K0031,饮料,1,61.14
2026-07-26 09:50,S11,K0040,鲜食,1,11.9
2026-07-26 10:30,S11,K0027,乳品,3,30.22
2026-07-26 09:55,S11,K0021,饮料,1,30.12
2026-07-26 10:15,S11,K0031,饮料,1,61.14
2026-07-26 11:35,S11,K0020,鲜食,3,6.09
2026-07-26 11:06,S11,K0009,日化,2,20.1
2026-07-26 11:23,S11,K0038,零食,2,10.45
2026-07-26 10:51,S11,K0025,鲜食,1,20.16
2026-07-26 11:25,S11,K0007,乳品,3,23.8
2026-07-26 11:48,S11,K0021,饮料,3,30.12
2026-07-26 12:23,S11,K0028,零食,2,41.34
2026-07-26 12:40,S11,K0039,日化,3,12.46
2026-07-26 13:24,S11,K0031,饮料,2,61.14
2026-07-26 13:02,S11,K0009,日化,2,20.1
2026-07-26 13:47,S11,K0004,日化,1,38.34
2026-07-26 14:05,S11,K0030,鲜食,1,22.79
2026-07-26 14:41,S11,K0029,日化,3,29.54
2026-07-26 13:56,S11,K0037,乳品,3,5.55
2026-07-25 22:28,S12,K0019,日化,3,5.97
2026-07-25 22:16,S12,K0006,饮料,2,9.36
2026-07-25 22:14,S12,K0004,日化,3,19.17
2026-07-25 22:27,S12,K0026,饮料,3,34.14
2026-07-25 22:39,S12,K0013,零食,2,28.79
2026-07-25 23:06,S12,K0035,鲜食,3,20.58
2026-07-25 23:17,S12,K0018,零食,1,13.77
2026-07-25 23:03,S12,K0008,零食,3,40.88
2026-07-25 23:06,S12,K0021,饮料,2,30.12
2026-07-25 23:59,S12,K0001,饮料,1,16.5
2026-07-26 00:36,S12,K0013,零食,3,57.58
2026-07-26 01:11,S12,K0001,饮料,2,16.5
2026-07-26 01:37,S12,K0014,日化,1,25.34
2026-07-26 01:50,S12,K0002,乳品,3,7.9
2026-07-26 02:39,S12,K0016,饮料,2,15.96
2026-07-26 03:26,S12,K0016,饮料,1,7.98
2026-07-26 03:22,S12,K0001,饮料,3,16.5
2026-07-26 03:05,S12,K0008,零食,1,40.88
2026-07-26 02:50,S12,K0001,饮料,3,16.5
2026-07-26 03:25,S12,K0025,鲜食,3,20.16
2026-07-26 04:32,S12,K0009,日化,2,10.05
2026-07-26 04:36,S12,K0030,鲜食,3,45.58
2026-07-26 03:51,S12,K0040,鲜食,2,11.9
2026-07-26 05:23,S12,K0020,鲜食,1,12.18
2026-07-26 05:05,S12,K0031,饮料,2,30.57
2026-07-26 04:52,S12,K0003,零食,1,20.0
2026-07-26 06:16,S12,K0016,饮料,1,7.98
2026-07-26 06:17,S12,K0016,饮料,1,7.98
2026-07-26 06:54,S12,K0021,饮料,3,60.24
2026-07-26 07:10,S12,K0017,乳品,3,33.63
2026-07-26 07:50,S12,K0010,鲜食,1,43.72
2026-07-26 07:53,S12,K0001,饮料,2,16.5
2026-07-26 08:37,S12,K0021,饮料,1,60.24
2026-07-26 08:50,S12,K0027,乳品,2,30.22
2026-07-26 09:25,S12,K0025,鲜食,3,40.32
2026-07-26 09:26,S12,K0019,日化,3,11.94
2026-07-26 09:16,S12,K0026,饮料,2,34.14
2026-07-26 08:55,S12,K0004,日化,1,19.17
2026-07-26 10:40,S12,K0002,乳品,1,3.95
2026-07-26 09:58,S12,K0033,零食,1,25.55
2026-07-26 10:17,S12,K0033,零食,3,51.1
2026-07-26 09:58,S12,K0001,饮料,2,16.5
2026-07-26 11:11,S12,K0034,日化,3,4.47
2026-07-26 11:05,S12,K0032,乳品,3,42.96
2026-07-26 12:03,S12,K0030,鲜食,2,22.79
2026-07-26 12:08,S12,K0027,乳品,1,15.11
2026-07-26 12:50,S12,K0030,鲜食,1,45.58
2026-07-26 12:59,S12,K0006,饮料,3,9.36
2026-07-26 12:57,S12,K0036,饮料,3,24.52
2026-07-26 13:56,S12,K0036,饮料,3,24.52
2026-07-26 14:29,S12,K0005,鲜食,1,7.7
2026-07-26 21:50,S01,K0037,乳品,2,11.1
2026-07-26 22:45,S01,K0008,零食,1,20.44
2026-07-26 22:27,S01,K0030,鲜食,1,22.79
2026-07-26 22:05,S01,K0004,日化,2,38.34
2026-07-26 21:52,S01,K0002,乳品,1,3.95
2026-07-26 22:04,S01,K0036,饮料,3,12.26
2026-07-26 21:54,S01,K0030,鲜食,1,22.79
2026-07-26 23:46,S01,K0013,零食,1,57.58
2026-07-26 23:11,S01,K0005,鲜食,1,3.85
2026-07-26 23:30,S01,K0002,乳品,2,7.9
2026-07-26 23:20,S01,K0001,饮料,3,33.0
2026-07-27 00:03,S01,K0021,饮料,3,60.24
2026-07-27 00:13,S01,K0020,鲜食,3,6.09
2026-07-27 00:30,S01,K0020,鲜食,1,6.09
2026-07-27 00:15,S01,K0029,日化,1,59.08
2026-07-27 00:41,S01,K0025,鲜食,1,20.16
2026-07-27 01:04,S01,K0022,乳品,1,44.64
2026-07-27 01:35,S01,K0032,乳品,3,21.48
2026-07-27 02:43,S01,K0032,乳品,1,42.96
2026-07-27 02:11,S01,K0016,饮料,3,15.96
2026-07-27 02:20,S01,K0006,饮料,2,9.36
2026-07-27 02:09,S01,K0011,饮料,1,28.9
2026-07-27 03:14,S01,K0012,乳品,2,3.21
2026-07-27 03:14,S01,K0033,零食,2,51.1
2026-07-27 03:48,S01,K0023,零食,3,57.66
2026-07-27 03:43,S01,K0010,鲜食,1,43.72
2026-07-27 03:48,S01,K0005,鲜食,3,7.7
2026-07-27 03:43,S01,K0027,乳品,3,30.22
2026-07-27 03:43,S01,K0033,零食,2,51.1
2026-07-27 03:18,S01,K0031,饮料,1,30.57
2026-07-27 02:52,S01,K0038,零食,3,10.45
2026-07-27 03:51,S01,K0001,饮料,2,16.5
2026-07-27 04:08,S01,K0033,零食,3,51.1
2026-07-27 03:58,S01,K0020,鲜食,1,6.09
2026-07-27 04:44,S01,K0021,饮料,2,30.12
2026-07-27 03:52,S01,K0020,鲜食,2,12.18
2026-07-27 04:24,S01,K0025,鲜食,1,20.16
2026-07-27 03:54,S01,K0010,鲜食,2,43.72
2026-07-27 05:36,S01,K0039,日化,2,6.23
2026-07-27 05:05,S01,K0023,零食,3,28.83
2026-07-27 05:14,S01,K0002,乳品,3,7.9
2026-07-27 05:30,S01,K0019,日化,1,5.97
2026-07-27 06:20,S01,K0040,鲜食,1,11.9
2026-07-27 05:58,S01,K0034,日化,2,4.47
2026-07-27 07:03,S01,K0028,零食,2,20.67
2026-07-27 07:32,S01,K0022,乳品,3,44.64
2026-07-27 08:22,S01,K0005,鲜食,3,7.7
2026-07-27 08:40,S01,K0038,零食,2,10.45
2026-07-27 08:14,S01,K0026,饮料,2,34.14
2026-07-27 09:41,S01,K0007,乳品,1,23.8
2026-07-27 08:54,S01,K0012,乳品,1,6.42
2026-07-27 09:01,S01,K0020,鲜食,3,12.18
2026-07-27 09:40,S01,K0006,饮料,3,9.36
2026-07-27 09:44,S01,K0016,饮料,1,7.98
2026-07-27 08:52,S01,K0026,饮料,2,68.28
2026-07-27 09:41,S01,K0001,饮料,1,33.0
2026-07-27 10:34,S01,K0007,乳品,3,47.6
2026-07-27 09:52,S01,K0004,日化,1,19.17
2026-07-27 10:33,S01,K0004,日化,1,19.17
2026-07-27 10:17,S01,K0039,日化,3,6.23
2026-07-27 11:40,S01,K0006,饮料,2,9.36
2026-07-27 11:02,S01,K0001,饮料,2,33.0
2026-07-27 11:04,S01,K0008,零食,1,40.88
2026-07-27 12:41,S01,K0038,零食,2,20.9
2026-07-27 12:38,S01,K0003,零食,3,10.0
2026-07-27 13:37,S01,K0010,鲜食,2,21.86
2026-07-27 13:05,S01,K0033,零食,1,51.1
2026-07-27 13:41,S01,K0030,鲜食,3,45.58
2026-07-27 13:47,S01,K0024,日化,1,26.35
2026-07-27 13:02,S01,K0005,鲜食,2,7.7
2026-07-27 14:22,S01,K0022,乳品,1,22.32
2026-07-27 14:19,S01,K0002,乳品,1,7.9
2026-07-27 14:36,S01,K0034,日化,1,8.94
2026-07-26 22:27,S02,K0030,鲜食,1,22.79
2026-07-26 21:56,S02,K0030,鲜食,2,22.79
2026-07-26 21:50,S02,K0028,零食,3,20.67
2026-07-26 23:42,S02,K0031,饮料,1,30.57
2026-07-26 23:32,S02,K0013,零食,3,57.58
2026-07-26 23:19,S02,K0017,乳品,2,33.63
2026-07-26 23:01,S02,K0035,鲜食,2,20.58
2026-07-26 22:51,S02,K0015,鲜食,2,27.78
2026-07-26 23:44,S02,K0036,饮料,1,12.26
2026-07-27 00:24,S02,K0019,日化,1,11.94
2026-07-27 00:18,S02,K0023,零食,3,28.83
2026-07-27 01:30,S02,K0011,饮料,2,57.8
2026-07-27 01:40,S02,K0013,零食,1,28.79
2026-07-27 01:59,S02,K0012,乳品,1,6.42
2026-07-27 01:51,S02,K0038,零食,2,20.9
2026-07-27 02:11,S02,K0036,饮料,2,24.52
2026-07-27 02:50,S02,K0031,饮料,2,61.14
2026-07-27 02:53,S02,K0023,零食,2,28.83
2026-07-27 03:25,S02,K0016,饮料,2,7.98
2026-07-27 03:09,S02,K0006,饮料,1,9.36
2026-07-27 03:46,S02,K0027,乳品,2,15.11
2026-07-27 03:49,S02,K0005,鲜食,2,3.85
2026-07-27 04:01,S02,K0014,日化,2,25.34
2026-07-27 04:38,S02,K0034,日化,2,4.47
2026-07-27 04:43,S02,K0019,日化,1,5.97
2026-07-27 04:23,S02,K0040,鲜食,1,11.9
2026-07-27 05:43,S02,K0035,鲜食,2,10.29
2026-07-27 04:50,S02,K0015,鲜食,1,27.78
2026-07-27 05:36,S02,K0007,乳品,2,23.8
2026-07-27 06:43,S02,K0021,饮料,1,30.12
2026-07-27 05:55,S02,K0010,鲜食,2,21.86
2026-07-27 07:35,S02,K0031,饮料,2,61.14
2026-07-27 07:14,S02,K0019,日化,3,5.97
2026-07-27 07:31,S02,K0015,鲜食,3,27.78
2026-07-27 08:24,S02,K0020,鲜食,1,6.09
2026-07-27 08:09,S02,K0001,饮料,1,16.5
2026-07-27 09:47,S02,K0018,零食,2,27.54
2026-07-27 09:38,S02,K0017,乳品,1,67.26
2026-07-27 09:41,S02,K0033,零食,3,51.1
2026-07-27 09:09,S02,K0008,零食,2,20.44
2026-07-27 09:10,S02,K0036,饮料,2,12.26
2026-07-27 09:23,S02,K0009,日化,1,20.1
2026-07-27 09:10,S02,K0032,乳品,1,21.48
2026-07-27 09:26,S02,K0015,鲜食,2,27.78
2026-07-27 10:10,S02,K0007,乳品,2,47.6
2026-07-27 10:13,S02,K0010,鲜食,3,21.86
2026-07-27 10:18,S02,K0039,日化,1,6.23
2026-07-27 09:50,S02,K0025,鲜食,1,40.32
2026-07-27 10:16,S02,K0019,日化,3,11.94
2026-07-27 10:16,S02,K0018,零食,2,27.54
2026-07-27 11:11,S02,K0003,零食,1,20.0
2026-07-27 10:50,S02,K0007,乳品,2,23.8
2026-07-27 11:41,S02,K0004,日化,3,38.34
2026-07-27 12:13,S02,K0024,日化,2,52.7
2026-07-27 12:30,S02,K0035,鲜食,1,20.58
2026-07-27 13:02,S02,K0004,日化,1,38.34
2026-07-27 13:08,S02,K0021,饮料,1,30.12
2026-07-27 13:45,S02,K0012,乳品,2,6.42
2026-07-27 13:42,S02,K0005,鲜食,2,7.7
2026-07-27 14:31,S02,K0030,鲜食,1,45.58
2026-07-27 13:59,S02,K0004,日化,3,19.17
2026-07-27 14:05,S02,K0022,乳品,2,44.64
2026-07-27 14:46,S02,K0010,鲜食,2,21.86
2026-07-26 22:17,S03,K0003,零食,2,20.0
2026-07-26 21:57,S03,K0017,乳品,1,67.26
2026-07-26 22:32,S03,K0025,鲜食,1,20.16
2026-07-26 21:53,S03,K0031,饮料,3,30.57
2026-07-26 23:35,S03,K0014,日化,3,50.68
2026-07-26 23:15,S03,K0031,饮料,3,30.57
2026-07-26 23:27,S03,K0023,零食,1,28.83
2026-07-26 23:16,S03,K0034,日化,3,8.94
2026-07-27 00:46,S03,K0027,乳品,3,15.11
2026-07-27 00:22,S03,K0017,乳品,3,67.26
2026-07-27 00:52,S03,K0012,乳品,3,6.42
2026-07-27 01:38,S03,K0024,日化,1,52.7
2026-07-27 02:39,S03,K0023,零食,1,28.83
2026-07-27 02:01,S03,K0031,饮料,3,61.14
2026-07-27 03:27,S03,K0021,饮料,2,60.24
2026-07-27 03:38,S03,K0017,乳品,1,67.26
2026-07-27 04:15,S03,K0021,饮料,2,30.12
2026-07-27 04:21,S03,K0031,饮料,3,61.14
2026-07-27 04:34,S03,K0032,乳品,2,42.96
2026-07-27 05:16,S03,K0011,饮料,1,28.9
2026-07-27 05:42,S03,K0016,饮料,3,15.96
2026-07-27 05:43,S03,K0010,鲜食,1,43.72
2026-07-27 06:36,S03,K0026,饮料,1,68.28
2026-07-27 06:00,S03,K0014,日化,1,25.34
2026-07-27 07:19,S03,K0010,鲜食,1,21.86
2026-07-27 07:42,S03,K0005,鲜食,2,7.7
2026-07-27 08:27,S03,K0028,零食,1,41.34
2026-07-27 08:16,S03,K0007,乳品,1,23.8
2026-07-27 07:59,S03,K0019,日化,3,11.94
2026-07-27 09:06,S03,K0019,日化,3,11.94
2026-07-27 09:24,S03,K0037,乳品,1,5.55
2026-07-27 09:55,S03,K0012,乳品,2,3.21
2026-07-27 10:26,S03,K0014,日化,1,25.34
2026-07-27 10:46,S03,K0002,乳品,1,7.9
2026-07-27 10:39,S03,K0037,乳品,3,5.55
2026-07-27 11:00,S03,K0018,零食,3,27.54
2026-07-27 11:20,S03,K0018,零食,1,13.77
2026-07-27 11:50,S03,K0035,鲜食,1,20.58
2026-07-27 12:45,S03,K0030,鲜食,1,22.79
2026-07-27 12:14,S03,K0006,饮料,1,18.72
2026-07-27 13:32,S03,K0022,乳品,1,22.32
2026-07-27 13:26,S03,K0019,日化,1,5.97
2026-07-27 14:42,S03,K0027,乳品,2,15.11
2026-07-27 14:47,S03,K0017,乳品,2,67.26
2026-07-26 22:44,S04,K0008,零食,2,20.44
2026-07-26 22:06,S04,K0037,乳品,2,11.1
2026-07-26 22:47,S04,K0016,饮料,3,7.98
2026-07-26 22:03,S04,K0035,鲜食,3,10.29
2026-07-26 22:37,S04,K0026,饮料,2,68.28
2026-07-26 23:45,S04,K0011,饮料,2,57.8
2026-07-26 23:33,S04,K0007,乳品,3,23.8
2026-07-27 00:18,S04,K0009,日化,3,10.05
2026-07-27 00:00,S04,K0032,乳品,3,21.48
2026-07-27 00:46,S04,K0011,饮料,3,28.9
2026-07-27 01:11,S04,K0015,鲜食,3,13.89
2026-07-27 01:38,S04,K0020,鲜食,3,12.18
2026-07-27 00:57,S04,K0004,日化,2,38.34
2026-07-27 01:14,S04,K0029,日化,3,59.08
2026-07-27 01:18,S04,K0011,饮料,1,57.8
2026-07-27 02:26,S04,K0014,日化,2,50.68
2026-07-27 02:36,S04,K0040,鲜食,3,23.8
2026-07-27 02:17,S04,K0002,乳品,3,3.95
2026-07-27 02:43,S04,K0033,零食,3,51.1
2026-07-27 03:15,S04,K0001,饮料,3,33.0
2026-07-27 03:37,S04,K0024,日化,2,26.35
2026-07-27 02:51,S04,K0011,饮料,3,28.9
2026-07-27 03:25,S04,K0007,乳品,1,23.8
2026-07-27 03:00,S04,K0011,饮料,1,57.8
2026-07-27 03:45,S04,K0020,鲜食,1,6.09
2026-07-27 04:23,S04,K0017,乳品,3,33.63
2026-07-27 04:03,S04,K0038,零食,1,10.45
2026-07-27 04:01,S04,K0023,零食,1,28.83
2026-07-27 03:49,S04,K0012,乳品,1,3.21
2026-07-27 03:53,S04,K0023,零食,1,28.83
2026-07-27 04:46,S04,K0024,日化,3,52.7
2026-07-27 04:56,S04,K0004,日化,3,19.17
2026-07-27 05:07,S04,K0022,乳品,2,22.32
2026-07-27 05:43,S04,K0015,鲜食,2,27.78
2026-07-27 05:28,S04,K0014,日化,1,25.34
2026-07-27 06:07,S04,K0011,饮料,1,57.8
2026-07-27 06:26,S04,K0011,饮料,2,28.9
2026-07-27 06:40,S04,K0001,饮料,3,16.5
2026-07-27 07:36,S04,K0037,乳品,3,5.55
2026-07-27 06:57,S04,K0008,零食,2,40.88
2026-07-27 06:59,S04,K0006,饮料,3,9.36
2026-07-27 07:38,S04,K0029,日化,2,59.08
2026-07-27 08:27,S04,K0040,鲜食,3,11.9
2026-07-27 07:56,S04,K0004,日化,1,19.17
2026-07-27 08:14,S04,K0032,乳品,1,21.48
2026-07-27 08:18,S04,K0031,饮料,2,61.14
2026-07-27 08:53,S04,K0011,饮料,1,57.8
2026-07-27 09:27,S04,K0012,乳品,2,3.21
2026-07-27 09:02,S04,K0037,乳品,2,11.1
2026-07-27 09:39,S04,K0040,鲜食,1,11.9
2026-07-27 09:14,S04,K0012,乳品,2,3.21
2026-07-27 08:55,S04,K0015,鲜食,2,27.78
2026-07-27 09:57,S04,K0026,饮料,2,68.28
2026-07-27 10:09,S04,K0031,饮料,1,61.14
2026-07-27 10:13,S04,K0017,乳品,1,33.63
2026-07-27 10:45,S04,K0002,乳品,3,7.9
2026-07-27 10:17,S04,K0008,零食,1,20.44
2026-07-27 11:26,S04,K0037,乳品,1,11.1
2026-07-27 11:44,S04,K0021,饮料,1,60.24
2026-07-27 11:59,S04,K0013,零食,3,28.79
2026-07-27 12:11,S04,K0005,鲜食,3,3.85
2026-07-27 12:49,S04,K0023,零食,2,28.83
2026-07-27 13:02,S04,K0018,零食,3,13.77
2026-07-27 13:26,S04,K0007,乳品,3,23.8
2026-07-27 13:04,S04,K0020,鲜食,3,6.09
2026-07-27 14:47,S04,K0032,乳品,3,42.96
2026-07-27 14:05,S04,K0009,日化,2,10.05
2026-07-27 14:33,S04,K0024,日化,3,52.7
2026-07-27 13:58,S04,K0009,日化,1,10.05
2026-07-27 14:29,S04,K0017,乳品,3,67.26
2026-07-26 22:39,S05,K0035,鲜食,1,10.29
2026-07-26 22:08,S05,K0001,饮料,3,33.0
2026-07-26 21:51,S05,K0032,乳品,2,42.96
2026-07-26 22:42,S05,K0025,鲜食,3,20.16
2026-07-26 22:45,S05,K0014,日化,1,25.34
2026-07-26 22:26,S05,K0038,零食,3,20.9
2026-07-26 21:55,S05,K0023,零食,2,28.83
2026-07-26 23:18,S05,K0022,乳品,3,44.64
2026-07-26 23:06,S05,K0028,零食,1,41.34
2026-07-26 23:39,S05,K0033,零食,2,25.55
2026-07-26 23:59,S05,K0035,鲜食,2,20.58
2026-07-26 23:57,S05,K0031,饮料,2,30.57
2026-07-27 00:36,S05,K0002,乳品,3,7.9
2026-07-27 00:19,S05,K0026,饮料,1,34.14
2026-07-27 01:48,S05,K0020,鲜食,1,12.18
2026-07-27 00:54,S05,K0024,日化,3,52.7
2026-07-27 01:24,S05,K0011,饮料,1,28.9
2026-07-27 01:49,S05,K0023,零食,1,28.83
2026-07-27 02:35,S05,K0023,零食,3,57.66
2026-07-27 03:17,S05,K0020,鲜食,1,12.18
2026-07-27 03:26,S05,K0013,零食,2,28.79
2026-07-27 02:54,S05,K0001,饮料,1,16.5
2026-07-27 03:54,S05,K0018,零食,2,13.77
2026-07-27 03:49,S05,K0039,日化,1,12.46
2026-07-27 03:59,S05,K0026,饮料,3,68.28
2026-07-27 05:15,S05,K0009,日化,2,10.05
2026-07-27 05:47,S05,K0017,乳品,2,33.63
2026-07-27 06:16,S05,K0024,日化,1,26.35
2026-07-27 06:19,S05,K0005,鲜食,2,3.85
2026-07-27 06:34,S05,K0002,乳品,1,3.95
2026-07-27 06:36,S05,K0004,日化,1,19.17
2026-07-27 07:37,S05,K0024,日化,1,26.35
2026-07-27 06:59,S05,K0009,日化,2,20.1
2026-07-27 08:26,S05,K0006,饮料,1,18.72
2026-07-27 08:33,S05,K0001,饮料,1,33.0
2026-07-27 08:58,S05,K0034,日化,2,8.94
2026-07-27 09:09,S05,K0003,零食,2,20.0
2026-07-27 10:48,S05,K0008,零食,3,40.88
2026-07-27 10:19,S05,K0004,日化,2,19.17
2026-07-27 10:07,S05,K0026,饮料,1,68.28
2026-07-27 09:49,S05,K0001,饮料,3,33.0
2026-07-27 10:18,S05,K0015,鲜食,1,13.89
2026-07-27 10:54,S05,K0028,零食,2,41.34
2026-07-27 11:43,S05,K0010,鲜食,1,21.86
2026-07-27 11:44,S05,K0014,日化,1,50.68
2026-07-27 10:49,S05,K0008,零食,3,40.88
2026-07-27 12:16,S05,K0006,饮料,2,9.36
2026-07-27 12:34,S05,K0013,零食,1,57.58
2026-07-27 12:06,S05,K0023,零食,2,28.83
2026-07-27 13:18,S05,K0013,零食,1,57.58
2026-07-27 13:31,S05,K0031,饮料,2,61.14
2026-07-27 13:15,S05,K0031,饮料,1,61.14
2026-07-27 13:39,S05,K0014,日化,2,50.68
2026-07-27 13:51,S05,K0040,鲜食,2,23.8
2026-07-27 14:19,S05,K0005,鲜食,2,7.7
2026-07-26 22:24,S06,K0033,零食,2,25.55
2026-07-26 22:42,S06,K0006,饮料,2,9.36
2026-07-26 23:33,S06,K0020,鲜食,1,6.09
2026-07-26 23:07,S06,K0011,饮料,3,28.9
2026-07-26 23:08,S06,K0029,日化,2,59.08
2026-07-26 23:59,S06,K0032,乳品,1,42.96
2026-07-27 00:16,S06,K0023,零食,2,28.83
2026-07-27 01:05,S06,K0037,乳品,2,5.55
2026-07-27 01:11,S06,K0011,饮料,2,57.8
2026-07-27 01:13,S06,K0015,鲜食,1,27.78
2026-07-27 02:33,S06,K0018,零食,2,13.77
2026-07-27 02:22,S06,K0013,零食,2,57.58
2026-07-27 02:49,S06,K0001,饮料,3,33.0
2026-07-27 03:21,S06,K0015,鲜食,2,27.78
2026-07-27 04:00,S06,K0018,零食,1,27.54
2026-07-27 04:04,S06,K0018,零食,2,13.77
2026-07-27 04:26,S06,K0003,零食,1,20.0
2026-07-27 03:53,S06,K0035,鲜食,2,20.58
2026-07-27 04:08,S06,K0004,日化,2,38.34
2026-07-27 05:03,S06,K0019,日化,2,11.94
2026-07-27 05:02,S06,K0018,零食,2,13.77
2026-07-27 05:54,S06,K0025,鲜食,3,40.32
2026-07-27 06:45,S06,K0023,零食,2,57.66
2026-07-27 06:43,S06,K0027,乳品,2,15.11
2026-07-27 07:14,S06,K0015,鲜食,3,13.89
2026-07-27 07:31,S06,K0024,日化,2,26.35
2026-07-27 07:12,S06,K0034,日化,3,4.47
2026-07-27 08:17,S06,K0010,鲜食,2,21.86
2026-07-27 08:42,S06,K0037,乳品,1,5.55
2026-07-27 09:10,S06,K0020,鲜食,1,12.18
2026-07-27 09:13,S06,K0036,饮料,1,24.52
2026-07-27 09:12,S06,K0016,饮料,2,15.96
2026-07-27 09:10,S06,K0003,零食,1,10.0
2026-07-27 09:17,S06,K0016,饮料,2,15.96
2026-07-27 09:21,S06,K0038,零食,1,10.45
2026-07-27 10:19,S06,K0026,饮料,3,68.28
2026-07-27 09:50,S06,K0014,日化,2,50.68
2026-07-27 11:48,S06,K0036,饮料,1,12.26
2026-07-27 11:15,S06,K0012,乳品,2,6.42
2026-07-27 12:28,S06,K0006,饮料,1,18.72
2026-07-27 12:30,S06,K0033,零食,3,51.1
2026-07-27 12:02,S06,K0022,乳品,3,44.64
2026-07-27 13:19,S06,K0025,鲜食,1,40.32
2026-07-27 13:08,S06,K0014,日化,3,25.34
2026-07-27 13:50,S06,K0026,饮料,3,68.28
2026-07-27 14:43,S06,K0021,饮料,1,60.24
2026-07-27 13:57,S06,K0037,乳品,1,5.55
2026-07-26 22:05,S07,K0004,日化,3,38.34
2026-07-26 22:23,S07,K0005,鲜食,2,7.7
2026-07-26 22:15,S07,K0002,乳品,2,3.95
2026-07-26 22:42,S07,K0012,乳品,1,3.21
2026-07-26 22:37,S07,K0026,饮料,1,34.14
2026-07-26 22:01,S07,K0031,饮料,3,30.57
2026-07-26 22:42,S07,K0033,零食,3,25.55
2026-07-26 22:41,S07,K0037,乳品,3,5.55
2026-07-26 21:56,S07,K0032,乳品,3,21.48
2026-07-26 23:45,S07,K0021,饮料,1,30.12
2026-07-26 22:54,S07,K0030,鲜食,2,22.79
2026-07-26 23:16,S07,K0035,鲜食,2,20.58
2026-07-26 23:14,S07,K0011,饮料,3,57.8
2026-07-26 22:50,S07,K0011,饮料,1,28.9
2026-07-26 23:32,S07,K0006,饮料,1,18.72
2026-07-26 23:32,S07,K0020,鲜食,3,6.09
2026-07-26 23:07,S07,K0008,零食,2,40.88
2026-07-27 00:13,S07,K0002,乳品,3,3.95
2026-07-27 00:28,S07,K0005,鲜食,2,7.7
2026-07-26 23:49,S07,K0013,零食,2,57.58
2026-07-27 00:22,S07,K0039,日化,1,12.46
2026-07-27 00:24,S07,K0015,鲜食,3,27.78
2026-07-27 01:33,S07,K0004,日化,1,19.17
2026-07-27 01:35,S07,K0030,鲜食,3,22.79
2026-07-27 01:19,S07,K0027,乳品,3,15.11
2026-07-27 02:30,S07,K0025,鲜食,2,20.16
2026-07-27 02:10,S07,K0008,零食,3,20.44
2026-07-27 02:13,S07,K0007,乳品,3,47.6
2026-07-27 02:47,S07,K0038,零食,3,10.45
2026-07-27 01:54,S07,K0033,零食,2,25.55
2026-07-27 03:38,S07,K0029,日化,1,29.54
2026-07-27 02:52,S07,K0031,饮料,3,30.57
2026-07-27 03:29,S07,K0027,乳品,2,15.11
2026-07-27 03:45,S07,K0029,日化,1,29.54
2026-07-27 03:21,S07,K0002,乳品,3,3.95
2026-07-27 03:59,S07,K0030,鲜食,2,22.79
2026-07-27 03:59,S07,K0034,日化,3,8.94
2026-07-27 04:00,S07,K0036,饮料,3,24.52
2026-07-27 05:09,S07,K0034,日化,1,4.47
2026-07-27 04:58,S07,K0030,鲜食,3,45.58
2026-07-27 05:00,S07,K0037,乳品,3,11.1
2026-07-27 04:54,S07,K0018,零食,1,27.54
2026-07-27 06:48,S07,K0028,零食,3,20.67
2026-07-27 06:45,S07,K0039,日化,2,6.23
2026-07-27 07:14,S07,K0031,饮料,2,30.57
2026-07-27 07:24,S07,K0001,饮料,1,16.5
2026-07-27 07:04,S07,K0002,乳品,3,3.95
2026-07-27 08:29,S07,K0004,日化,1,38.34
2026-07-27 08:32,S07,K0013,零食,2,57.58
2026-07-27 08:02,S07,K0018,零食,2,27.54
2026-07-27 08:30,S07,K0012,乳品,2,6.42
2026-07-27 08:32,S07,K0034,日化,2,4.47
2026-07-27 08:49,S07,K0012,乳品,3,6.42
2026-07-27 09:08,S07,K0010,鲜食,1,43.72
2026-07-27 09:15,S07,K0014,日化,3,25.34
2026-07-27 10:48,S07,K0006,饮料,1,9.36
2026-07-27 10:12,S07,K0030,鲜食,1,22.79
2026-07-27 10:24,S07,K0012,乳品,2,6.42
2026-07-27 10:41,S07,K0026,饮料,3,34.14
2026-07-27 10:28,S07,K0016,饮料,2,15.96
2026-07-27 09:57,S07,K0001,饮料,2,16.5
2026-07-27 10:09,S07,K0025,鲜食,1,40.32
2026-07-27 10:11,S07,K0003,零食,2,10.0
2026-07-27 10:05,S07,K0028,零食,3,20.67
2026-07-27 10:41,S07,K0035,鲜食,2,20.58
2026-07-27 10:32,S07,K0018,零食,1,13.77
2026-07-27 11:42,S07,K0018,零食,3,13.77
2026-07-27 11:11,S07,K0008,零食,3,40.88
2026-07-27 11:04,S07,K0032,乳品,3,42.96
2026-07-27 11:34,S07,K0018,零食,2,27.54
2026-07-27 11:01,S07,K0010,鲜食,1,21.86
2026-07-27 10:51,S07,K0028,零食,2,41.34
2026-07-27 11:27,S07,K0030,鲜食,3,45.58
2026-07-27 11:26,S07,K0019,日化,1,5.97
2026-07-27 12:08,S07,K0038,零食,3,20.9
2026-07-27 11:57,S07,K0012,乳品,3,3.21
2026-07-27 12:00,S07,K0017,乳品,3,67.26
2026-07-27 11:59,S07,K0012,乳品,2,3.21
2026-07-27 13:15,S07,K0025,鲜食,2,20.16
2026-07-27 13:48,S07,K0030,鲜食,3,45.58
2026-07-27 14:46,S07,K0013,零食,2,57.58
2026-07-27 14:26,S07,K0040,鲜食,3,11.9
2026-07-27 14:47,S07,K0038,零食,3,10.45
2026-07-26 22:37,S08,K0021,饮料,3,60.24
2026-07-26 22:24,S08,K0026,饮料,3,68.28
2026-07-26 22:17,S08,K0032,乳品,3,21.48
2026-07-26 22:49,S08,K0028,零食,2,20.67
2026-07-26 23:05,S08,K0016,饮料,3,7.98
2026-07-26 23:22,S08,K0004,日化,2,19.17
2026-07-26 23:09,S08,K0007,乳品,1,23.8
2026-07-26 23:58,S08,K0006,饮料,1,18.72
2026-07-26 23:50,S08,K0001,饮料,1,16.5
2026-07-27 00:08,S08,K0019,日化,1,11.94
2026-07-26 23:58,S08,K0026,饮料,3,34.14
2026-07-27 01:43,S08,K0015,鲜食,1,27.78
2026-07-27 00:53,S08,K0037,乳品,1,11.1
2026-07-27 00:50,S08,K0008,零食,1,40.88
2026-07-27 02:46,S08,K0010,鲜食,3,43.72
2026-07-27 01:51,S08,K0009,日化,3,20.1
2026-07-27 02:42,S08,K0021,饮料,3,60.24
2026-07-27 03:36,S08,K0011,饮料,3,28.9
2026-07-27 03:47,S08,K0019,日化,1,11.94
2026-07-27 03:34,S08,K0040,鲜食,3,11.9
2026-07-27 03:22,S08,K0004,日化,1,19.17
2026-07-27 03:50,S08,K0015,鲜食,3,27.78
2026-07-27 04:16,S08,K0028,零食,3,20.67
2026-07-27 04:05,S08,K0040,鲜食,3,23.8
2026-07-27 04:47,S08,K0009,日化,3,10.05
2026-07-27 05:14,S08,K0024,日化,3,26.35
2026-07-27 04:54,S08,K0001,饮料,2,33.0
2026-07-27 05:29,S08,K0016,饮料,1,15.96
2026-07-27 05:15,S08,K0040,鲜食,2,11.9
2026-07-27 06:25,S08,K0028,零食,2,41.34
2026-07-27 06:37,S08,K0010,鲜食,3,43.72
2026-07-27 06:08,S08,K0001,饮料,1,33.0
2026-07-27 06:05,S08,K0032,乳品,1,21.48
2026-07-27 06:53,S08,K0015,鲜食,3,13.89
2026-07-27 07:31,S08,K0031,饮料,3,61.14
2026-07-27 06:55,S08,K0026,饮料,1,34.14
2026-07-27 08:20,S08,K0032,乳品,1,21.48
2026-07-27 08:20,S08,K0005,鲜食,2,3.85
2026-07-27 08:15,S08,K0015,鲜食,1,13.89
2026-07-27 09:33,S08,K0010,鲜食,2,21.86
2026-07-27 09:01,S08,K0038,零食,3,20.9
2026-07-27 10:18,S08,K0014,日化,1,25.34
2026-07-27 10:35,S08,K0020,鲜食,1,12.18
2026-07-27 10:06,S08,K0020,鲜食,2,12.18
2026-07-27 10:49,S08,K0039,日化,2,12.46
2026-07-27 10:50,S08,K0028,零食,2,41.34
2026-07-27 11:38,S08,K0009,日化,1,20.1
2026-07-27 11:48,S08,K0005,鲜食,1,7.7
2026-07-27 11:09,S08,K0027,乳品,1,15.11
2026-07-27 11:29,S08,K0031,饮料,1,61.14
2026-07-27 12:33,S08,K0031,饮料,1,30.57
2026-07-27 12:26,S08,K0035,鲜食,2,10.29
2026-07-27 13:13,S08,K0023,零食,1,57.66
2026-07-27 13:27,S08,K0003,零食,1,20.0
2026-07-27 12:49,S08,K0033,零食,2,51.1
2026-07-27 14:35,S08,K0006,饮料,3,9.36
2026-07-27 14:46,S08,K0021,饮料,2,60.24
2026-07-27 14:34,S08,K0018,零食,3,27.54
2026-07-27 14:04,S08,K0024,日化,3,26.35
2026-07-26 22:30,S09,K0004,日化,2,38.34
2026-07-26 21:52,S09,K0001,饮料,2,16.5
2026-07-26 22:04,S09,K0038,零食,1,20.9
2026-07-26 22:46,S09,K0021,饮料,2,30.12
2026-07-26 22:06,S09,K0035,鲜食,1,10.29
2026-07-26 22:54,S09,K0012,乳品,3,3.21
2026-07-26 23:26,S09,K0014,日化,2,50.68
2026-07-26 23:38,S09,K0011,饮料,3,28.9
2026-07-27 00:12,S09,K0033,零食,3,51.1
2026-07-27 00:29,S09,K0018,零食,3,13.77
2026-07-27 01:23,S09,K0035,鲜食,1,10.29
2026-07-27 01:09,S09,K0026,饮料,1,68.28
2026-07-27 01:46,S09,K0006,饮料,2,18.72
2026-07-27 02:02,S09,K0039,日化,1,6.23
2026-07-27 02:35,S09,K0022,乳品,2,22.32
2026-07-27 01:52,S09,K0013,零食,1,57.58
2026-07-27 03:43,S09,K0017,乳品,1,33.63
2026-07-27 03:20,S09,K0028,零食,1,41.34
2026-07-27 03:27,S09,K0003,零食,1,10.0
2026-07-27 03:27,S09,K0008,零食,3,20.44
2026-07-27 03:54,S09,K0015,鲜食,1,13.89
2026-07-27 04:40,S09,K0010,鲜食,2,43.72
2026-07-27 03:55,S09,K0007,乳品,2,47.6
2026-07-27 04:10,S09,K0036,饮料,3,12.26
2026-07-27 05:40,S09,K0011,饮料,2,28.9
2026-07-27 05:31,S09,K0012,乳品,1,3.21
2026-07-27 05:30,S09,K0039,日化,2,6.23
2026-07-27 06:40,S09,K0030,鲜食,3,22.79
2026-07-27 05:50,S09,K0010,鲜食,2,21.86
2026-07-27 06:46,S09,K0039,日化,2,6.23
2026-07-27 07:06,S09,K0031,饮料,2,61.14
2026-07-27 07:19,S09,K0019,日化,3,5.97
2026-07-27 07:32,S09,K0035,鲜食,3,10.29
2026-07-27 08:17,S09,K0006,饮料,1,18.72
2026-07-27 08:36,S09,K0025,鲜食,1,40.32
2026-07-27 09:06,S09,K0037,乳品,2,11.1
2026-07-27 09:15,S09,K0025,鲜食,1,40.32
2026-07-27 09:04,S09,K0012,乳品,2,6.42
2026-07-27 10:03,S09,K0024,日化,1,26.35
2026-07-27 09:53,S09,K0025,鲜食,3,40.32
2026-07-27 11:12,S09,K0009,日化,2,20.1
2026-07-27 11:02,S09,K0001,饮料,2,33.0
2026-07-27 12:48,S09,K0022,乳品,1,44.64
2026-07-27 11:51,S09,K0016,饮料,2,15.96
2026-07-27 13:42,S09,K0028,零食,1,41.34
2026-07-27 12:57,S09,K0003,零食,3,10.0
2026-07-27 14:42,S09,K0018,零食,1,13.77
2026-07-27 14:44,S09,K0001,饮料,1,16.5
2026-07-27 13:56,S09,K0038,零食,1,10.45
2026-07-26 21:58,S10,K0002,乳品,2,3.95
2026-07-26 22:27,S10,K0002,乳品,2,7.9
2026-07-26 22:33,S10,K0011,饮料,1,57.8
2026-07-26 22:25,S10,K0024,日化,2,52.7
2026-07-26 22:43,S10,K0015,鲜食,1,13.89
2026-07-26 22:52,S10,K0003,零食,3,20.0
2026-07-26 22:57,S10,K0003,零食,2,20.0
2026-07-26 23:48,S10,K0032,乳品,2,42.96
2026-07-26 23:40,S10,K0017,乳品,2,33.63
2026-07-26 23:09,S10,K0003,零食,2,20.0
2026-07-26 23:48,S10,K0019,日化,2,5.97
2026-07-26 22:54,S10,K0033,零食,1,25.55
2026-07-26 22:56,S10,K0036,饮料,3,24.52
2026-07-27 00:22,S10,K0023,零食,1,57.66
2026-07-27 00:37,S10,K0019,日化,2,11.94
2026-07-26 23:59,S10,K0026,饮料,1,68.28
2026-07-26 23:56,S10,K0010,鲜食,2,43.72
2026-07-27 01:33,S10,K0021,饮料,2,60.24
2026-07-27 01:04,S10,K0001,饮料,2,16.5
2026-07-27 02:08,S10,K0009,日化,3,20.1
2026-07-27 02:17,S10,K0002,乳品,1,7.9
2026-07-27 02:44,S10,K0029,日化,3,29.54
2026-07-27 02:46,S10,K0027,乳品,2,15.11
2026-07-27 02:01,S10,K0009,日化,2,10.05
2026-07-27 03:12,S10,K0033,零食,1,25.55
2026-07-27 03:01,S10,K0024,日化,3,26.35
2026-07-27 03:17,S10,K0005,鲜食,1,3.85
2026-07-27 03:20,S10,K0028,零食,1,41.34
2026-07-27 02:52,S10,K0028,零食,2,41.34
2026-07-27 02:52,S10,K0037,乳品,2,5.55
2026-07-27 03:05,S10,K0012,乳品,2,3.21
2026-07-27 04:26,S10,K0016,饮料,2,15.96
2026-07-27 04:25,S10,K0029,日化,2,29.54
2026-07-27 04:05,S10,K0025,鲜食,3,40.32
2026-07-27 03:55,S10,K0014,日化,3,50.68
2026-07-27 04:26,S10,K0030,鲜食,1,45.58
2026-07-27 05:25,S10,K0008,零食,3,20.44
2026-07-27 05:29,S10,K0034,日化,3,8.94
2026-07-27 05:36,S10,K0028,零食,2,41.34
2026-07-27 05:02,S10,K0038,零食,2,20.9
2026-07-27 05:45,S10,K0025,鲜食,1,20.16
2026-07-27 06:34,S10,K0021,饮料,3,60.24
2026-07-27 06:29,S10,K0017,乳品,3,67.26
2026-07-27 06:24,S10,K0026,饮料,1,68.28
2026-07-27 07:38,S10,K0004,日化,1,19.17
2026-07-27 07:43,S10,K0031,饮料,2,30.57
2026-07-27 07:05,S10,K0035,鲜食,1,10.29
2026-07-27 07:25,S10,K0007,乳品,1,23.8
2026-07-27 07:27,S10,K0002,乳品,2,7.9
2026-07-27 08:02,S10,K0016,饮料,1,7.98
2026-07-27 08:33,S10,K0039,日化,2,6.23
2026-07-27 08:02,S10,K0009,日化,3,20.1
2026-07-27 08:05,S10,K0019,日化,1,5.97
2026-07-27 08:47,S10,K0036,饮料,1,24.52
2026-07-27 09:41,S10,K0011,饮料,2,57.8
2026-07-27 09:28,S10,K0025,鲜食,3,20.16
2026-07-27 08:59,S10,K0017,乳品,2,67.26
2026-07-27 09:28,S10,K0016,饮料,3,7.98
2026-07-27 09:35,S10,K0015,鲜食,3,27.78
2026-07-27 09:57,S10,K0003,零食,1,10.0
2026-07-27 10:25,S10,K0002,乳品,1,7.9
2026-07-27 09:53,S10,K0001,饮料,2,16.5
2026-07-27 10:37,S10,K0015,鲜食,1,27.78
2026-07-27 11:02,S10,K0009,日化,2,20.1
2026-07-27 11:27,S10,K0005,鲜食,3,3.85
2026-07-27 10:49,S10,K0039,日化,3,12.46
2026-07-27 11:41,S10,K0022,乳品,2,22.32
2026-07-27 11:42,S10,K0022,乳品,2,44.64
2026-07-27 11:46,S10,K0009,日化,2,10.05
2026-07-27 12:16,S10,K0021,饮料,3,30.12
2026-07-27 12:24,S10,K0013,零食,1,28.79
2026-07-27 11:49,S10,K0002,乳品,3,7.9
2026-07-27 12:04,S10,K0019,日化,1,5.97
2026-07-27 12:38,S10,K0012,乳品,2,3.21
2026-07-27 13:17,S10,K0032,乳品,2,42.96
2026-07-27 13:02,S10,K0014,日化,1,50.68
2026-07-27 13:33,S10,K0033,零食,1,51.1
2026-07-27 14:35,S10,K0020,鲜食,2,6.09
2026-07-27 13:49,S10,K0029,日化,1,59.08
2026-07-27 14:04,S10,K0004,日化,2,19.17
2026-07-27 14:28,S10,K0022,乳品,2,22.32
2026-07-27 14:21,S10,K0040,鲜食,2,11.9
2026-07-26 21:54,S11,K0019,日化,3,5.97
2026-07-26 22:39,S11,K0031,饮料,3,61.14
2026-07-26 21:57,S11,K0004,日化,2,38.34
2026-07-26 22:32,S11,K0002,乳品,3,7.9
2026-07-26 22:39,S11,K0031,饮料,2,30.57
2026-07-26 22:18,S11,K0028,零食,2,20.67
2026-07-26 22:25,S11,K0024,日化,1,52.7
2026-07-26 23:42,S11,K0001,饮料,1,16.5
2026-07-26 23:01,S11,K0026,饮料,3,68.28
2026-07-26 23:45,S11,K0026,饮料,2,68.28
2026-07-27 00:07,S11,K0005,鲜食,3,7.7
2026-07-27 00:09,S11,K0018,零食,3,27.54
2026-07-27 00:02,S11,K0038,零食,1,10.45
2026-07-27 00:33,S11,K0038,零食,3,20.9
2026-07-27 01:42,S11,K0037,乳品,3,11.1
2026-07-27 01:39,S11,K0039,日化,1,12.46
2026-07-27 01:47,S11,K0039,日化,3,12.46
2026-07-27 01:26,S11,K0003,零食,3,20.0
2026-07-27 02:44,S11,K0001,饮料,2,16.5
2026-07-27 02:41,S11,K0010,鲜食,2,43.72
2026-07-27 02:02,S11,K0019,日化,1,5.97
2026-07-27 03:26,S11,K0015,鲜食,2,27.78
2026-07-27 02:57,S11,K0007,乳品,1,23.8
2026-07-27 03:26,S11,K0036,饮料,3,12.26
2026-07-27 03:10,S11,K0007,乳品,3,47.6
2026-07-27 03:48,S11,K0036,饮料,2,12.26
2026-07-27 02:50,S11,K0017,乳品,1,33.63
2026-07-27 03:32,S11,K0012,乳品,2,6.42
2026-07-27 03:57,S11,K0011,饮料,1,57.8
2026-07-27 04:08,S11,K0032,乳品,1,21.48
2026-07-27 04:14,S11,K0022,乳品,3,44.64
2026-07-27 04:33,S11,K0033,零食,2,25.55
2026-07-27 04:38,S11,K0033,零食,3,25.55
2026-07-27 04:02,S11,K0009,日化,2,20.1
2026-07-27 04:10,S11,K0004,日化,3,38.34
2026-07-27 05:22,S11,K0025,鲜食,1,40.32
2026-07-27 05:35,S11,K0005,鲜食,1,7.7
2026-07-27 06:14,S11,K0024,日化,2,52.7
2026-07-27 06:27,S11,K0037,乳品,3,11.1
2026-07-27 05:50,S11,K0026,饮料,3,68.28
2026-07-27 06:16,S11,K0033,零食,3,51.1
2026-07-27 07:25,S11,K0018,零食,2,13.77
2026-07-27 07:04,S11,K0035,鲜食,1,20.58
2026-07-27 07:01,S11,K0010,鲜食,2,21.86
2026-07-27 07:42,S11,K0004,日化,3,19.17
2026-07-27 08:15,S11,K0010,鲜食,1,43.72
2026-07-27 07:57,S11,K0026,饮料,1,34.14
2026-07-27 08:09,S11,K0027,乳品,2,30.22
2026-07-27 08:32,S11,K0029,日化,3,59.08
2026-07-27 09:20,S11,K0022,乳品,3,44.64
2026-07-27 09:09,S11,K0021,饮料,2,60.24
2026-07-27 08:55,S11,K0023,零食,1,57.66
2026-07-27 09:16,S11,K0031,饮料,2,30.57
2026-07-27 10:13,S11,K0004,日化,3,38.34
2026-07-27 10:22,S11,K0022,乳品,2,22.32
2026-07-27 11:11,S11,K0004,日化,1,38.34
2026-07-27 11:11,S11,K0025,鲜食,2,40.32
2026-07-27 10:58,S11,K0007,乳品,1,47.6
2026-07-27 11:05,S11,K0020,鲜食,1,12.18
2026-07-27 11:58,S11,K0001,饮料,1,16.5
2026-07-27 12:15,S11,K0034,日化,3,8.94
2026-07-27 12:21,S11,K0002,乳品,1,7.9
2026-07-27 13:35,S11,K0003,零食,1,20.0
2026-07-27 13:04,S11,K0002,乳品,2,3.95
2026-07-27 13:45,S11,K0003,零食,3,20.0
2026-07-27 14:47,S11,K0010,鲜食,1,43.72
2026-07-27 14:00,S11,K0004,日化,1,38.34
2026-07-27 14:23,S11,K0004,日化,3,19.17
2026-07-26 22:38,S12,K0039,日化,2,6.23
2026-07-26 22:06,S12,K0014,日化,3,25.34
2026-07-26 23:41,S12,K0005,鲜食,3,7.7
2026-07-26 23:20,S12,K0039,日化,3,12.46
2026-07-26 23:42,S12,K0009,日化,2,20.1
2026-07-26 23:24,S12,K0010,鲜食,2,21.86
2026-07-26 23:12,S12,K0014,日化,2,50.68
2026-07-27 00:09,S12,K0020,鲜食,1,12.18
2026-07-27 00:11,S12,K0014,日化,2,50.68
2026-07-27 00:49,S12,K0033,零食,3,51.1
2026-07-27 01:29,S12,K0032,乳品,3,21.48
2026-07-27 01:05,S12,K0037,乳品,3,5.55
2026-07-27 02:42,S12,K0038,零食,3,10.45
2026-07-27 02:31,S12,K0009,日化,2,10.05
2026-07-27 02:34,S12,K0011,饮料,3,57.8
2026-07-27 03:30,S12,K0010,鲜食,1,21.86
2026-07-27 03:11,S12,K0006,饮料,3,9.36
2026-07-27 03:22,S12,K0022,乳品,2,22.32
2026-07-27 03:01,S12,K0030,鲜食,2,22.79
2026-07-27 03:55,S12,K0015,鲜食,3,27.78
2026-07-27 04:19,S12,K0030,鲜食,2,45.58
2026-07-27 05:28,S12,K0024,日化,2,26.35
2026-07-27 04:53,S12,K0020,鲜食,3,12.18
2026-07-27 05:47,S12,K0018,零食,3,13.77
2026-07-27 06:21,S12,K0001,饮料,3,16.5
2026-07-27 06:09,S12,K0039,日化,3,12.46
2026-07-27 07:25,S12,K0007,乳品,2,23.8
2026-07-27 07:30,S12,K0016,饮料,1,7.98
2026-07-27 06:50,S12,K0028,零食,3,41.34
2026-07-27 08:37,S12,K0040,鲜食,2,11.9
2026-07-27 08:15,S12,K0030,鲜食,2,45.58
2026-07-27 08:02,S12,K0034,日化,1,8.94
2026-07-27 09:13,S12,K0001,饮料,2,16.5
2026-07-27 09:02,S12,K0038,零食,3,10.45
2026-07-27 08:54,S12,K0024,日化,3,26.35
2026-07-27 10:21,S12,K0035,鲜食,1,20.58
2026-07-27 10:45,S12,K0010,鲜食,2,43.72
2026-07-27 10:25,S12,K0022,乳品,2,44.64
2026-07-27 10:24,S12,K0040,鲜食,3,11.9
2026-07-27 10:48,S12,K0027,乳品,1,15.11
2026-07-27 11:35,S12,K0030,鲜食,1,22.79
2026-07-27 10:56,S12,K0031,饮料,2,30.57
2026-07-27 11:45,S12,K0010,鲜食,1,21.86
2026-07-27 11:52,S12,K0037,乳品,1,11.1
2026-07-27 12:41,S12,K0021,饮料,2,60.24
2026-07-27 12:31,S12,K0004,日化,3,38.34
2026-07-27 13:26,S12,K0029,日化,2,59.08
2026-07-27 13:29,S12,K0005,鲜食,2,7.7
2026-07-27 13:09,S12,K0032,乳品,2,21.48
2026-07-27 14:23,S12,K0035,鲜食,3,10.29
2026-07-27 14:36,S12,K0029,日化,1,59.08
2026-07-27 22:26,S01,K0023,零食,1,57.66
2026-07-27 22:27,S01,K0032,乳品,1,42.96
2026-07-27 22:21,S01,K0024,日化,3,52.7
2026-07-27 23:41,S01,K0026,饮料,3,34.14
2026-07-27 23:05,S01,K0033,零食,3,51.1
2026-07-27 23:02,S01,K0027,乳品,3,15.11
2026-07-27 22:50,S01,K0010,鲜食,3,43.72
2026-07-27 23:58,S01,K0006,饮料,1,18.72
2026-07-28 00:00,S01,K0007,乳品,1,23.8
2026-07-28 00:36,S01,K0022,乳品,1,22.32
2026-07-28 00:48,S01,K0010,鲜食,3,43.72
2026-07-28 00:21,S01,K0007,乳品,1,23.8
2026-07-28 01:47,S01,K0001,饮料,2,33.0
2026-07-28 00:51,S01,K0039,日化,1,6.23
2026-07-28 01:26,S01,K0030,鲜食,1,22.79
2026-07-28 01:38,S01,K0031,饮料,1,30.57
2026-07-28 01:24,S01,K0025,鲜食,3,20.16
2026-07-28 02:46,S01,K0018,零食,3,27.54
2026-07-28 02:27,S01,K0020,鲜食,2,6.09
2026-07-28 02:34,S01,K0016,饮料,2,7.98
2026-07-28 03:09,S01,K0032,乳品,2,42.96
2026-07-28 03:39,S01,K0034,日化,3,4.47
2026-07-28 03:10,S01,K0013,零食,2,57.58
2026-07-28 03:40,S01,K0001,饮料,2,33.0
2026-07-28 03:36,S01,K0016,饮料,1,7.98
2026-07-28 02:55,S01,K0014,日化,2,50.68
2026-07-28 03:29,S01,K0022,乳品,1,44.64
2026-07-28 03:32,S01,K0029,日化,1,59.08
2026-07-28 04:22,S01,K0006,饮料,2,9.36
2026-07-28 04:06,S01,K0034,日化,3,8.94
2026-07-28 03:51,S01,K0017,乳品,2,67.26
2026-07-28 04:23,S01,K0033,零食,1,25.55
2026-07-28 04:53,S01,K0020,鲜食,2,12.18
2026-07-28 05:30,S01,K0004,日化,3,19.17
2026-07-28 06:30,S01,K0015,鲜食,2,13.89
2026-07-28 06:14,S01,K0013,零食,3,57.58
2026-07-28 06:09,S01,K0008,零食,3,40.88
2026-07-28 07:26,S01,K0003,零食,3,20.0
2026-07-28 07:28,S01,K0029,日化,2,29.54
2026-07-28 08:29,S01,K0015,鲜食,2,27.78
2026-07-28 08:16,S01,K0023,零食,3,57.66
2026-07-28 08:15,S01,K0017,乳品,2,67.26
2026-07-28 09:41,S01,K0015,鲜食,2,27.78
2026-07-28 09:41,S01,K0020,鲜食,1,6.09
2026-07-28 09:57,S01,K0014,日化,3,50.68
2026-07-28 10:02,S01,K0031,饮料,2,30.57
2026-07-28 10:11,S01,K0008,零食,3,40.88
2026-07-28 10:17,S01,K0024,日化,3,26.35
2026-07-28 10:47,S01,K0039,日化,3,6.23
2026-07-28 10:03,S01,K0029,日化,1,59.08
2026-07-28 10:38,S01,K0036,饮料,3,12.26
2026-07-28 09:57,S01,K0003,零食,3,10.0
2026-07-28 11:12,S01,K0036,饮料,3,24.52
2026-07-28 11:41,S01,K0011,饮料,1,28.9
2026-07-28 11:08,S01,K0012,乳品,1,6.42
2026-07-28 10:53,S01,K0024,日化,3,52.7
2026-07-28 11:23,S01,K0017,乳品,1,67.26
2026-07-28 10:50,S01,K0025,鲜食,2,20.16
2026-07-28 11:07,S01,K0020,鲜食,2,12.18
2026-07-28 12:00,S01,K0025,鲜食,3,20.16
2026-07-28 12:36,S01,K0023,零食,3,57.66
2026-07-28 12:07,S01,K0035,鲜食,3,10.29
2026-07-28 12:06,S01,K0032,乳品,3,21.48
2026-07-28 13:17,S01,K0005,鲜食,1,7.7
2026-07-28 12:59,S01,K0001,饮料,1,16.5
2026-07-28 13:31,S01,K0033,零食,1,51.1
2026-07-28 13:24,S01,K0037,乳品,1,11.1
2026-07-28 13:03,S01,K0007,乳品,2,47.6
2026-07-28 14:33,S01,K0025,鲜食,1,40.32
2026-07-28 14:02,S01,K0036,饮料,3,24.52
2026-07-28 14:07,S01,K0029,日化,1,29.54
2026-07-28 14:40,S01,K0038,零食,3,10.45
2026-07-28 14:14,S01,K0035,鲜食,2,10.29
2026-07-27 22:40,S02,K0002,乳品,1,7.9
2026-07-27 22:48,S02,K0023,零食,3,28.83
2026-07-27 22:35,S02,K0037,乳品,3,11.1
2026-07-27 22:56,S02,K0012,乳品,3,3.21
2026-07-27 23:13,S02,K0027,乳品,2,30.22
2026-07-27 23:27,S02,K0008,零食,3,40.88
2026-07-27 23:15,S02,K0027,乳品,2,15.11
2026-07-27 22:57,S02,K0001,饮料,2,33.0
2026-07-27 23:06,S02,K0016,饮料,1,7.98
2026-07-27 23:39,S02,K0009,日化,1,10.05
2026-07-28 00:06,S02,K0015,鲜食,3,13.89
2026-07-28 00:46,S02,K0005,鲜食,1,7.7
2026-07-28 00:24,S02,K0028,零食,1,41.34
2026-07-28 00:11,S02,K0032,乳品,3,21.48
2026-07-28 01:44,S02,K0031,饮料,2,30.57
2026-07-28 00:58,S02,K0021,饮料,3,60.24
2026-07-28 01:56,S02,K0026,饮料,2,68.28
2026-07-28 02:28,S02,K0002,乳品,1,3.95
2026-07-28 02:38,S02,K0016,饮料,2,7.98
2026-07-28 03:43,S02,K0020,鲜食,2,12.18
2026-07-28 03:45,S02,K0028,零食,2,20.67
2026-07-28 03:41,S02,K0025,鲜食,1,20.16
2026-07-28 03:13,S02,K0036,饮料,1,24.52
2026-07-28 03:13,S02,K0009,日化,1,10.05
2026-07-28 04:39,S02,K0038,零食,2,20.9
2026-07-28 04:29,S02,K0040,鲜食,2,23.8
2026-07-28 04:37,S02,K0038,零食,1,10.45
2026-07-28 04:32,S02,K0032,乳品,2,42.96
2026-07-28 04:40,S02,K0017,乳品,1,67.26
2026-07-28 03:51,S02,K0039,日化,1,6.23
2026-07-28 04:49,S02,K0021,饮料,1,60.24
2026-07-28 04:53,S02,K0022,乳品,3,22.32
2026-07-28 05:38,S02,K0018,零食,2,27.54
2026-07-28 05:14,S02,K0036,饮料,2,12.26
2026-07-28 06:47,S02,K0035,鲜食,3,10.29
2026-07-28 05:49,S02,K0037,乳品,2,11.1
2026-07-28 06:53,S02,K0015,鲜食,2,27.78
2026-07-28 07:13,S02,K0018,零食,3,13.77
2026-07-28 08:07,S02,K0031,饮料,3,30.57
2026-07-28 08:11,S02,K0010,鲜食,1,21.86
2026-07-28 08:33,S02,K0017,乳品,3,67.26
2026-07-28 09:18,S02,K0034,日化,3,8.94
2026-07-28 08:53,S02,K0014,日化,1,25.34
2026-07-28 08:49,S02,K0019,日化,3,11.94
2026-07-28 09:04,S02,K0019,日化,2,11.94
2026-07-28 09:16,S02,K0028,零食,1,20.67
2026-07-28 09:33,S02,K0004,日化,3,38.34
2026-07-28 09:52,S02,K0004,日化,1,38.34
2026-07-28 09:54,S02,K0016,饮料,2,7.98
2026-07-28 09:54,S02,K0038,零食,2,10.45
2026-07-28 10:05,S02,K0005,鲜食,1,7.7
2026-07-28 10:23,S02,K0031,饮料,2,30.57
2026-07-28 10:40,S02,K0007,乳品,1,47.6
2026-07-28 10:53,S02,K0036,饮料,3,24.52
2026-07-28 10:51,S02,K0007,乳品,3,47.6
2026-07-28 11:09,S02,K0034,日化,2,8.94
2026-07-28 11:10,S02,K0009,日化,2,10.05
2026-07-28 11:30,S02,K0027,乳品,3,15.11
2026-07-28 11:44,S02,K0010,鲜食,2,21.86
2026-07-28 11:48,S02,K0016,饮料,3,7.98
2026-07-28 11:05,S02,K0024,日化,1,26.35
2026-07-28 11:51,S02,K0026,饮料,1,34.14
2026-07-28 11:52,S02,K0013,零食,1,57.58
2026-07-28 13:47,S02,K0022,乳品,3,22.32
2026-07-28 13:47,S02,K0021,饮料,1,30.12
2026-07-28 13:36,S02,K0019,日化,1,5.97
2026-07-28 13:50,S02,K0010,鲜食,2,43.72
2026-07-28 13:51,S02,K0031,饮料,1,61.14
2026-07-28 14:05,S02,K0005,鲜食,2,3.85
2026-07-27 22:44,S03,K0007,乳品,2,47.6
2026-07-27 22:02,S03,K0016,饮料,3,7.98
2026-07-27 23:43,S03,K0009,日化,1,20.1
2026-07-27 22:51,S03,K0003,零食,2,10.0
2026-07-27 22:57,S03,K0038,零食,1,10.45
2026-07-28 00:13,S03,K0024,日化,1,26.35
2026-07-28 00:31,S03,K0007,乳品,3,23.8
2026-07-28 01:37,S03,K0008,零食,1,40.88
2026-07-28 01:08,S03,K0035,鲜食,1,10.29
2026-07-28 02:03,S03,K0013,零食,3,28.79
2026-07-28 02:00,S03,K0024,日化,3,52.7
2026-07-28 02:59,S03,K0014,日化,1,50.68
2026-07-28 03:42,S03,K0022,乳品,2,44.64
2026-07-28 04:02,S03,K0009,日化,2,10.05
2026-07-28 04:14,S03,K0033,零食,2,51.1
2026-07-28 04:17,S03,K0040,鲜食,2,11.9
2026-07-28 04:05,S03,K0012,乳品,3,6.42
2026-07-28 05:06,S03,K0013,零食,1,28.79
2026-07-28 05:11,S03,K0038,零食,1,20.9
2026-07-28 05:29,S03,K0030,鲜食,3,45.58
2026-07-28 06:31,S03,K0018,零食,3,27.54
2026-07-28 06:28,S03,K0012,乳品,2,3.21
2026-07-28 07:42,S03,K0026,饮料,1,68.28
2026-07-28 07:13,S03,K0012,乳品,2,6.42
2026-07-28 07:25,S03,K0022,乳品,1,44.64
2026-07-28 07:59,S03,K0025,鲜食,2,20.16
2026-07-28 07:52,S03,K0033,零食,3,51.1
2026-07-28 08:08,S03,K0027,乳品,1,30.22
2026-07-28 09:03,S03,K0024,日化,1,52.7
2026-07-28 09:33,S03,K0038,零食,2,10.45
2026-07-28 09:45,S03,K0019,日化,2,11.94
2026-07-28 09:16,S03,K0026,饮料,3,68.28
2026-07-28 09:10,S03,K0015,鲜食,1,27.78
2026-07-28 10:24,S03,K0037,乳品,2,5.55
2026-07-28 10:07,S03,K0010,鲜食,1,43.72
2026-07-28 10:48,S03,K0032,乳品,3,21.48
2026-07-28 11:10,S03,K0007,乳品,2,23.8
2026-07-28 11:30,S03,K0011,饮料,2,57.8
2026-07-28 11:36,S03,K0013,零食,3,28.79
2026-07-28 11:06,S03,K0021,饮料,1,60.24
2026-07-28 12:10,S03,K0036,饮料,3,24.52
2026-07-28 12:31,S03,K0016,饮料,3,7.98
2026-07-28 12:39,S03,K0027,乳品,1,30.22
2026-07-28 13:25,S03,K0019,日化,2,5.97
2026-07-28 13:27,S03,K0040,鲜食,3,11.9
2026-07-28 14:11,S03,K0007,乳品,1,23.8
2026-07-28 14:14,S03,K0007,乳品,3,23.8
2026-07-28 13:54,S03,K0030,鲜食,1,22.79
2026-07-27 22:40,S04,K0032,乳品,1,42.96
2026-07-27 22:13,S04,K0009,日化,1,20.1
2026-07-27 22:55,S04,K0001,饮料,2,33.0
2026-07-27 23:24,S04,K0031,饮料,3,30.57
2026-07-27 23:46,S04,K0036,饮料,1,24.52
2026-07-27 23:25,S04,K0018,零食,1,13.77
2026-07-28 00:07,S04,K0008,零食,2,20.44
2026-07-28 00:38,S04,K0038,零食,2,20.9
2026-07-28 00:00,S04,K0026,饮料,2,68.28
2026-07-28 01:42,S04,K0038,零食,3,10.45
2026-07-28 01:42,S04,K0025,鲜食,3,40.32
2026-07-28 01:37,S04,K0023,零食,2,28.83
2026-07-28 01:55,S04,K0039,日化,2,6.23
2026-07-28 02:44,S04,K0038,零食,3,20.9
2026-07-28 02:02,S04,K0001,饮料,2,33.0
2026-07-28 03:00,S04,K0008,零食,3,40.88
2026-07-28 03:34,S04,K0025,鲜食,2,40.32
2026-07-28 03:28,S04,K0006,饮料,2,18.72
2026-07-28 04:32,S04,K0027,乳品,3,15.11
2026-07-28 04:10,S04,K0014,日化,1,25.34
2026-07-28 05:13,S04,K0007,乳品,1,23.8
2026-07-28 05:39,S04,K0023,零食,3,28.83
2026-07-28 06:38,S04,K0026,饮料,3,34.14
2026-07-28 06:27,S04,K0037,乳品,2,5.55
2026-07-28 07:03,S04,K0013,零食,1,57.58
2026-07-28 07:02,S04,K0018,零食,2,27.54
2026-07-28 08:32,S04,K0014,日化,2,25.34
2026-07-28 07:51,S04,K0019,日化,3,11.94
2026-07-28 08:35,S04,K0006,饮料,1,9.36
2026-07-28 08:20,S04,K0028,零食,3,20.67
2026-07-28 07:53,S04,K0003,零食,2,10.0
2026-07-28 08:49,S04,K0026,饮料,2,34.14
2026-07-28 08:52,S04,K0002,乳品,2,3.95
2026-07-28 08:58,S04,K0003,零食,3,20.0
2026-07-28 10:14,S04,K0008,零食,3,20.44
2026-07-28 10:45,S04,K0005,鲜食,3,3.85
2026-07-28 10:07,S04,K0016,饮料,1,7.98
2026-07-28 10:05,S04,K0013,零食,3,57.58
2026-07-28 10:24,S04,K0020,鲜食,2,6.09
2026-07-28 10:02,S04,K0004,日化,2,19.17
2026-07-28 10:16,S04,K0005,鲜食,1,7.7
2026-07-28 10:31,S04,K0037,乳品,1,11.1
2026-07-28 11:02,S04,K0007,乳品,3,47.6
2026-07-28 10:54,S04,K0004,日化,2,38.34
2026-07-28 11:43,S04,K0007,乳品,3,23.8
2026-07-28 10:56,S04,K0032,乳品,1,21.48
2026-07-28 11:26,S04,K0007,乳品,3,47.6
2026-07-28 10:57,S04,K0002,乳品,2,7.9
2026-07-28 10:59,S04,K0001,饮料,3,16.5
2026-07-28 10:54,S04,K0019,日化,1,5.97
2026-07-28 11:18,S04,K0035,鲜食,3,20.58
2026-07-28 10:57,S04,K0021,饮料,2,30.12
2026-07-28 11:02,S04,K0039,日化,2,12.46
2026-07-28 12:13,S04,K0032,乳品,2,42.96
2026-07-28 12:27,S04,K0013,零食,1,28.79
2026-07-28 12:39,S04,K0036,饮料,1,12.26
2026-07-28 12:08,S04,K0032,乳品,3,21.48
2026-07-28 13:39,S04,K0008,零食,3,40.88
2026-07-28 13:04,S04,K0011,饮料,3,28.9
2026-07-28 13:11,S04,K0008,零食,2,20.44
2026-07-28 13:34,S04,K0005,鲜食,1,3.85
2026-07-28 13:02,S04,K0022,乳品,2,22.32
2026-07-28 14:31,S04,K0039,日化,2,6.23
2026-07-28 13:53,S04,K0025,鲜食,2,40.32
2026-07-28 14:10,S04,K0023,零食,1,57.66
2026-07-28 14:37,S04,K0012,乳品,3,6.42
2026-07-28 14:46,S04,K0020,鲜食,1,6.09
2026-07-27 22:07,S05,K0024,日化,2,26.35
2026-07-27 22:26,S05,K0030,鲜食,3,45.58
2026-07-27 22:22,S05,K0034,日化,2,8.94
2026-07-27 23:07,S05,K0039,日化,3,6.23
2026-07-27 22:50,S05,K0004,日化,2,19.17
2026-07-27 23:29,S05,K0038,零食,3,20.9
2026-07-27 23:17,S05,K0028,零食,2,41.34
2026-07-27 23:12,S05,K0014,日化,2,50.68
2026-07-28 00:17,S05,K0012,乳品,3,3.21
2026-07-27 23:58,S05,K0030,鲜食,2,45.58
2026-07-28 01:14,S05,K0024,日化,2,26.35
2026-07-28 01:13,S05,K0017,乳品,1,67.26
2026-07-28 01:54,S05,K0003,零食,2,20.0
2026-07-28 02:42,S05,K0008,零食,1,20.44
2026-07-28 03:30,S05,K0033,零食,2,25.55
2026-07-28 02:51,S05,K0017,乳品,3,67.26
2026-07-28 03:45,S05,K0007,乳品,1,23.8
2026-07-28 03:15,S05,K0027,乳品,3,15.11
2026-07-28 03:40,S05,K0018,零食,1,27.54
2026-07-28 03:58,S05,K0035,鲜食,1,20.58
2026-07-28 03:59,S05,K0027,乳品,1,15.11
2026-07-28 04:11,S05,K0008,零食,3,20.44
2026-07-28 04:58,S05,K0015,鲜食,3,13.89
2026-07-28 05:00,S05,K0012,乳品,3,3.21
2026-07-28 06:23,S05,K0001,饮料,2,33.0
2026-07-28 06:44,S05,K0021,饮料,1,30.12
2026-07-28 06:27,S05,K0023,零食,3,57.66
2026-07-28 07:06,S05,K0001,饮料,1,16.5
2026-07-28 07:06,S05,K0036,饮料,2,12.26
2026-07-28 08:45,S05,K0024,日化,1,26.35
2026-07-28 08:11,S05,K0016,饮料,3,7.98
2026-07-28 09:01,S05,K0021,饮料,2,60.24
2026-07-28 08:59,S05,K0010,鲜食,3,21.86
2026-07-28 09:39,S05,K0001,饮料,2,33.0
2026-07-28 09:29,S05,K0008,零食,3,40.88
2026-07-28 09:24,S05,K0032,乳品,1,42.96
2026-07-28 09:04,S05,K0034,日化,1,4.47
2026-07-28 08:50,S05,K0035,鲜食,1,10.29
2026-07-28 08:55,S05,K0020,鲜食,3,12.18
2026-07-28 10:04,S05,K0022,乳品,2,22.32
2026-07-28 10:10,S05,K0040,鲜食,1,11.9
2026-07-28 10:07,S05,K0017,乳品,2,67.26
2026-07-28 10:07,S05,K0030,鲜食,3,22.79
2026-07-28 09:51,S05,K0036,饮料,1,12.26
2026-07-28 10:32,S05,K0033,零食,3,25.55
2026-07-28 10:13,S05,K0002,乳品,1,7.9
2026-07-28 10:47,S05,K0032,乳品,3,21.48
2026-07-28 11:18,S05,K0015,鲜食,3,13.89
2026-07-28 10:55,S05,K0010,鲜食,1,43.72
2026-07-28 11:48,S05,K0017,乳品,1,67.26
2026-07-28 11:25,S05,K0039,日化,1,12.46
2026-07-28 11:24,S05,K0022,乳品,2,44.64
2026-07-28 11:39,S05,K0032,乳品,2,42.96
2026-07-28 11:23,S05,K0002,乳品,2,3.95
2026-07-28 12:42,S05,K0001,饮料,2,33.0
2026-07-28 12:29,S05,K0037,乳品,1,11.1
2026-07-28 12:46,S05,K0023,零食,1,57.66
2026-07-28 12:13,S05,K0001,饮料,1,16.5
2026-07-28 13:15,S05,K0022,乳品,2,22.32
2026-07-28 13:17,S05,K0015,鲜食,2,27.78
2026-07-28 13:46,S05,K0029,日化,1,29.54
2026-07-28 13:58,S05,K0021,饮料,2,60.24
2026-07-28 14:48,S05,K0006,饮料,1,18.72
2026-07-28 13:53,S05,K0036,饮料,2,12.26
2026-07-27 22:03,S06,K0023,零食,3,28.83
2026-07-27 22:06,S06,K0033,零食,1,51.1
2026-07-27 22:28,S06,K0026,饮料,3,34.14
2026-07-27 23:06,S06,K0019,日化,2,11.94
2026-07-27 23:44,S06,K0032,乳品,1,42.96
2026-07-27 23:23,S06,K0001,饮料,2,16.5
2026-07-27 23:36,S06,K0016,饮料,1,15.96
2026-07-27 23:02,S06,K0012,乳品,2,3.21
2026-07-27 23:54,S06,K0018,零食,2,13.77
2026-07-27 23:56,S06,K0020,鲜食,3,12.18
2026-07-28 01:44,S06,K0016,饮料,2,7.98
2026-07-28 01:23,S06,K0021,饮料,2,60.24
2026-07-28 01:07,S06,K0030,鲜食,3,22.79
2026-07-28 02:42,S06,K0012,乳品,2,6.42
2026-07-28 01:59,S06,K0001,饮料,2,16.5
2026-07-28 02:17,S06,K0024,日化,1,26.35
2026-07-28 03:31,S06,K0015,鲜食,1,27.78
2026-07-28 03:07,S06,K0039,日化,2,6.23
2026-07-28 03:43,S06,K0015,鲜食,1,27.78
2026-07-28 04:13,S06,K0034,日化,1,4.47
2026-07-28 03:50,S06,K0018,零食,1,27.54
2026-07-28 04:00,S06,K0026,饮料,3,34.14
2026-07-28 04:55,S06,K0011,饮料,2,57.8
2026-07-28 05:27,S06,K0011,饮料,1,28.9
2026-07-28 05:08,S06,K0002,乳品,1,7.9
2026-07-28 06:48,S06,K0035,鲜食,1,10.29
2026-07-28 06:32,S06,K0023,零食,1,28.83
2026-07-28 06:13,S06,K0026,饮料,3,34.14
2026-07-28 07:14,S06,K0001,饮料,1,16.5
2026-07-28 07:37,S06,K0023,零食,1,28.83
2026-07-28 07:42,S06,K0008,零食,1,20.44
2026-07-28 08:23,S06,K0020,鲜食,2,6.09
2026-07-28 07:58,S06,K0012,乳品,1,6.42
2026-07-28 08:52,S06,K0038,零食,1,10.45
2026-07-28 09:02,S06,K0016,饮料,2,7.98
2026-07-28 10:20,S06,K0039,日化,1,6.23
2026-07-28 09:52,S06,K0001,饮料,3,16.5
2026-07-28 10:34,S06,K0012,乳品,3,6.42
2026-07-28 09:55,S06,K0028,零食,2,20.67
2026-07-28 10:42,S06,K0012,乳品,2,6.42
2026-07-28 10:53,S06,K0032,乳品,3,42.96
2026-07-28 11:27,S06,K0023,零食,2,28.83
2026-07-28 11:26,S06,K0029,日化,3,29.54
2026-07-28 10:49,S06,K0015,鲜食,2,27.78
2026-07-28 12:36,S06,K0009,日化,1,10.05
2026-07-28 12:30,S06,K0025,鲜食,3,40.32
2026-07-28 13:38,S06,K0035,鲜食,1,20.58
2026-07-28 13:13,S06,K0022,乳品,2,44.64
2026-07-28 13:42,S06,K0019,日化,1,11.94
2026-07-28 14:28,S06,K0008,零食,2,40.88
2026-07-28 14:32,S06,K0013,零食,3,28.79
2026-07-27 22:20,S07,K0029,日化,2,59.08
2026-07-27 22:10,S07,K0028,零食,1,41.34
2026-07-27 22:31,S07,K0012,乳品,2,6.42
2026-07-27 22:50,S07,K0009,日化,3,10.05
2026-07-27 22:54,S07,K0036,饮料,3,24.52
2026-07-27 23:24,S07,K0031,饮料,1,61.14
2026-07-27 23:52,S07,K0040,鲜食,1,11.9
2026-07-27 23:53,S07,K0016,饮料,3,7.98
2026-07-28 01:29,S07,K0031,饮料,3,61.14
2026-07-28 01:13,S07,K0002,乳品,3,7.9
2026-07-28 01:02,S07,K0028,零食,2,20.67
2026-07-28 00:58,S07,K0009,日化,1,20.1
2026-07-28 01:23,S07,K0008,零食,2,20.44
2026-07-28 02:13,S07,K0009,日化,3,20.1
2026-07-28 02:12,S07,K0033,零食,2,25.55
2026-07-28 02:54,S07,K0006,饮料,2,9.36
2026-07-28 03:08,S07,K0039,日化,1,6.23
2026-07-28 02:50,S07,K0003,零食,3,10.0
2026-07-28 03:42,S07,K0030,鲜食,2,22.79
2026-07-28 03:37,S07,K0037,乳品,3,5.55
2026-07-28 03:33,S07,K0016,饮料,3,7.98
2026-07-28 02:58,S07,K0014,日化,2,50.68
2026-07-28 03:27,S07,K0023,零食,3,57.66
2026-07-28 03:28,S07,K0025,鲜食,1,20.16
2026-07-28 04:34,S07,K0035,鲜食,2,10.29
2026-07-28 04:31,S07,K0032,乳品,3,21.48
2026-07-28 04:15,S07,K0032,乳品,2,21.48
2026-07-28 04:46,S07,K0022,乳品,1,22.32
2026-07-28 03:55,S07,K0003,零食,1,20.0
2026-07-28 04:41,S07,K0002,乳品,2,7.9
2026-07-28 04:33,S07,K0011,饮料,2,57.8
2026-07-28 04:00,S07,K0019,日化,2,11.94
2026-07-28 04:44,S07,K0015,鲜食,2,13.89
2026-07-28 05:00,S07,K0032,乳品,2,42.96
2026-07-28 05:03,S07,K0023,零食,1,57.66
2026-07-28 05:32,S07,K0024,日化,2,52.7
2026-07-28 06:19,S07,K0040,鲜食,2,23.8
2026-07-28 06:17,S07,K0034,日化,3,8.94
2026-07-28 06:16,S07,K0038,零食,1,10.45
2026-07-28 06:41,S07,K0018,零食,3,27.54
2026-07-28 06:42,S07,K0024,日化,1,26.35
2026-07-28 07:29,S07,K0027,乳品,1,30.22
2026-07-28 07:15,S07,K0001,饮料,3,16.5
2026-07-28 07:15,S07,K0037,乳品,2,11.1
2026-07-28 07:48,S07,K0035,鲜食,2,10.29
2026-07-28 08:44,S07,K0004,日化,2,19.17
2026-07-28 08:45,S07,K0029,日化,2,59.08
2026-07-28 08:27,S07,K0012,乳品,1,6.42
2026-07-28 09:17,S07,K0040,鲜食,3,11.9
2026-07-28 09:32,S07,K0017,乳品,2,33.63
2026-07-28 10:25,S07,K0009,日化,1,20.1
2026-07-28 10:44,S07,K0028,零食,3,41.34
2026-07-28 10:00,S07,K0001,饮料,1,16.5
2026-07-28 11:18,S07,K0032,乳品,3,21.48
2026-07-28 11:47,S07,K0019,日化,2,11.94
2026-07-28 11:18,S07,K0037,乳品,1,11.1
2026-07-28 11:44,S07,K0008,零食,3,40.88
2026-07-28 11:18,S07,K0004,日化,1,19.17
2026-07-28 11:30,S07,K0015,鲜食,3,13.89
2026-07-28 12:17,S07,K0019,日化,3,5.97
2026-07-28 12:01,S07,K0016,饮料,2,7.98
2026-07-28 13:33,S07,K0037,乳品,3,11.1
2026-07-28 12:53,S07,K0021,饮料,3,60.24
2026-07-28 14:38,S07,K0026,饮料,3,68.28
2026-07-28 14:14,S07,K0001,饮料,1,33.0
2026-07-28 14:31,S07,K0015,鲜食,1,27.78
2026-07-28 13:49,S07,K0013,零食,1,28.79
2026-07-28 14:45,S07,K0009,日化,1,10.05
2026-07-27 22:07,S08,K0034,日化,3,8.94
2026-07-27 22:13,S08,K0009,日化,2,10.05
2026-07-27 23:16,S08,K0014,日化,2,50.68
2026-07-27 23:39,S08,K0002,乳品,3,3.95
2026-07-27 23:27,S08,K0035,鲜食,2,20.58
2026-07-28 00:33,S08,K0006,饮料,1,18.72
2026-07-28 00:43,S08,K0001,饮料,2,33.0
2026-07-28 00:47,S08,K0039,日化,2,12.46
2026-07-27 23:57,S08,K0039,日化,1,12.46
2026-07-28 01:25,S08,K0018,零食,3,13.77
2026-07-28 01:44,S08,K0008,零食,1,20.44
2026-07-28 01:28,S08,K0017,乳品,2,33.63
2026-07-28 02:12,S08,K0014,日化,1,25.34
2026-07-28 01:55,S08,K0005,鲜食,2,7.7
2026-07-28 01:56,S08,K0026,饮料,2,68.28
2026-07-28 02:34,S08,K0034,日化,3,4.47
2026-07-28 03:02,S08,K0004,日化,3,19.17
2026-07-28 03:05,S08,K0019,日化,3,5.97
2026-07-28 03:07,S08,K0004,日化,1,38.34
2026-07-28 02:53,S08,K0016,饮料,2,15.96
2026-07-28 03:46,S08,K0025,鲜食,3,40.32
2026-07-28 03:32,S08,K0005,鲜食,1,7.7
2026-07-28 04:29,S08,K0034,日化,3,4.47
2026-07-28 04:21,S08,K0018,零食,3,13.77
2026-07-28 04:08,S08,K0031,饮料,2,61.14
2026-07-28 04:52,S08,K0033,零食,1,25.55
2026-07-28 05:29,S08,K0040,鲜食,1,11.9
2026-07-28 05:22,S08,K0026,饮料,2,68.28
2026-07-28 05:56,S08,K0029,日化,2,59.08
2026-07-28 06:05,S08,K0036,饮料,1,12.26
2026-07-28 05:51,S08,K0039,日化,1,12.46
2026-07-28 07:14,S08,K0007,乳品,3,23.8
2026-07-28 07:33,S08,K0031,饮料,1,61.14
2026-07-28 06:55,S08,K0006,饮料,2,18.72
2026-07-28 07:40,S08,K0028,零食,3,41.34
2026-07-28 08:25,S08,K0006,饮料,3,18.72
2026-07-28 08:17,S08,K0025,鲜食,2,20.16
2026-07-28 08:59,S08,K0013,零食,2,28.79
2026-07-28 09:44,S08,K0031,饮料,1,61.14
2026-07-28 09:10,S08,K0002,乳品,3,3.95
2026-07-28 09:01,S08,K0024,日化,2,52.7
2026-07-28 08:53,S08,K0035,鲜食,3,20.58
2026-07-28 09:09,S08,K0028,零食,2,20.67
2026-07-28 09:12,S08,K0035,鲜食,1,20.58
2026-07-28 10:26,S08,K0016,饮料,3,7.98
2026-07-28 09:59,S08,K0019,日化,2,11.94
2026-07-28 09:55,S08,K0010,鲜食,2,43.72
2026-07-28 10:51,S08,K0036,饮料,1,24.52
2026-07-28 11:41,S08,K0035,鲜食,2,20.58
2026-07-28 11:24,S08,K0028,零食,2,20.67
2026-07-28 11:41,S08,K0001,饮料,1,16.5
2026-07-28 12:10,S08,K0033,零食,1,25.55
2026-07-28 12:00,S08,K0030,鲜食,2,45.58
2026-07-28 13:24,S08,K0038,零食,3,10.45
2026-07-28 13:09,S08,K0017,乳品,1,67.26
2026-07-28 12:59,S08,K0004,日化,2,19.17
2026-07-28 14:08,S08,K0024,日化,2,26.35
2026-07-28 13:49,S08,K0016,饮料,3,15.96
2026-07-28 14:47,S08,K0013,零食,1,57.58
2026-07-28 14:45,S08,K0009,日化,3,10.05
2026-07-27 22:24,S09,K0015,鲜食,3,13.89
2026-07-27 22:39,S09,K0031,饮料,2,61.14
2026-07-27 22:47,S09,K0030,鲜食,3,22.79
2026-07-27 22:45,S09,K0008,零食,3,40.88
2026-07-27 22:09,S09,K0009,日化,1,20.1
2026-07-27 22:49,S09,K0013,零食,3,28.79
2026-07-27 23:17,S09,K0001,饮料,1,16.5
2026-07-27 22:52,S09,K0005,鲜食,1,7.7
2026-07-27 23:01,S09,K0010,鲜食,2,43.72
2026-07-27 23:02,S09,K0032,乳品,3,21.48
2026-07-28 00:43,S09,K0031,饮料,3,61.14
2026-07-27 23:55,S09,K0031,饮料,3,61.14
2026-07-28 00:32,S09,K0008,零食,3,40.88
2026-07-28 01:12,S09,K0025,鲜食,3,40.32
2026-07-28 01:38,S09,K0023,零食,2,57.66
2026-07-28 02:07,S09,K0027,乳品,1,30.22
2026-07-28 02:43,S09,K0034,日化,1,4.47
2026-07-28 02:38,S09,K0019,日化,2,5.97
2026-07-28 03:34,S09,K0040,鲜食,2,11.9
2026-07-28 03:48,S09,K0011,饮料,2,28.9
2026-07-28 04:01,S09,K0024,日化,2,26.35
2026-07-28 03:57,S09,K0012,乳品,1,3.21
2026-07-28 04:04,S09,K0017,乳品,3,33.63
2026-07-28 03:50,S09,K0030,鲜食,2,45.58
2026-07-28 04:31,S09,K0031,饮料,1,61.14
2026-07-28 05:10,S09,K0008,零食,2,20.44
2026-07-28 05:47,S09,K0006,饮料,2,9.36
2026-07-28 05:53,S09,K0003,零食,2,10.0
2026-07-28 05:49,S09,K0027,乳品,1,15.11
2026-07-28 07:11,S09,K0026,饮料,3,34.14
2026-07-28 07:43,S09,K0017,乳品,2,67.26
2026-07-28 08:47,S09,K0036,饮料,1,12.26
2026-07-28 08:07,S09,K0021,饮料,3,30.12
2026-07-28 08:20,S09,K0023,零食,1,28.83
2026-07-28 09:25,S09,K0019,日化,2,11.94
2026-07-28 08:54,S09,K0037,乳品,2,11.1
2026-07-28 10:48,S09,K0033,零食,2,51.1
2026-07-28 10:32,S09,K0019,日化,1,5.97
2026-07-28 10:45,S09,K0002,乳品,1,3.95
2026-07-28 11:41,S09,K0009,日化,3,20.1
2026-07-28 11:12,S09,K0028,零食,1,20.67
2026-07-28 11:14,S09,K0020,鲜食,3,12.18
2026-07-28 11:43,S09,K0017,乳品,3,33.63
2026-07-28 11:31,S09,K0032,乳品,1,42.96
2026-07-28 12:40,S09,K0003,零食,1,10.0
2026-07-28 12:23,S09,K0002,乳品,2,3.95
2026-07-28 13:31,S09,K0020,鲜食,3,12.18
2026-07-28 13:09,S09,K0002,乳品,1,3.95
2026-07-28 14:02,S09,K0018,零食,1,27.54
2026-07-28 14:14,S09,K0008,零食,3,20.44
2026-07-28 14:45,S09,K0004,日化,3,19.17
2026-07-27 22:46,S10,K0021,饮料,2,30.12
2026-07-27 22:27,S10,K0025,鲜食,3,20.16
2026-07-27 21:54,S10,K0001,饮料,1,16.5
2026-07-27 22:26,S10,K0003,零食,1,10.0
2026-07-27 22:24,S10,K0005,鲜食,2,3.85
2026-07-27 23:43,S10,K0020,鲜食,3,6.09
2026-07-27 23:22,S10,K0012,乳品,3,3.21
2026-07-27 23:53,S10,K0018,零食,2,13.77
2026-07-28 00:32,S10,K0040,鲜食,1,11.9
2026-07-28 00:48,S10,K0004,日化,2,19.17
2026-07-28 00:15,S10,K0029,日化,2,29.54
2026-07-28 01:14,S10,K0027,乳品,1,15.11
2026-07-28 01:39,S10,K0033,零食,1,25.55
2026-07-28 01:32,S10,K0009,日化,3,20.1
2026-07-28 02:43,S10,K0023,零食,3,57.66
2026-07-28 02:46,S10,K0030,鲜食,3,45.58
2026-07-28 03:44,S10,K0001,饮料,2,16.5
2026-07-28 03:42,S10,K0005,鲜食,1,3.85
2026-07-28 03:32,S10,K0023,零食,3,28.83
2026-07-28 02:49,S10,K0016,饮料,3,15.96
2026-07-28 03:48,S10,K0032,乳品,1,42.96
2026-07-28 03:21,S10,K0040,鲜食,2,11.9
2026-07-28 03:24,S10,K0007,乳品,3,23.8
2026-07-28 02:57,S10,K0020,鲜食,3,12.18
2026-07-28 03:03,S10,K0039,日化,2,12.46
2026-07-28 04:37,S10,K0002,乳品,3,3.95
2026-07-28 04:40,S10,K0026,饮料,2,68.28
2026-07-28 04:33,S10,K0031,饮料,1,61.14
2026-07-28 04:14,S10,K0031,饮料,1,30.57
2026-07-28 04:48,S10,K0027,乳品,1,30.22
2026-07-28 04:22,S10,K0035,鲜食,3,20.58
2026-07-28 03:54,S10,K0002,乳品,3,7.9
2026-07-28 05:48,S10,K0030,鲜食,2,22.79
2026-07-28 04:59,S10,K0038,零食,1,20.9
2026-07-28 05:16,S10,K0028,零食,2,20.67
2026-07-28 06:30,S10,K0029,日化,2,29.54
2026-07-28 06:41,S10,K0026,饮料,2,34.14
2026-07-28 06:24,S10,K0012,乳品,3,3.21
2026-07-28 07:26,S10,K0019,日化,3,5.97
2026-07-28 07:25,S10,K0021,饮料,3,30.12
2026-07-28 07:09,S10,K0009,日化,2,20.1
2026-07-28 07:18,S10,K0031,饮料,1,61.14
2026-07-28 07:27,S10,K0021,饮料,2,60.24
2026-07-28 08:24,S10,K0002,乳品,1,7.9
2026-07-28 07:50,S10,K0035,鲜食,2,10.29
2026-07-28 08:47,S10,K0005,鲜食,3,7.7
2026-07-28 08:38,S10,K0008,零食,2,20.44
2026-07-28 09:19,S10,K0022,乳品,3,22.32
2026-07-28 08:53,S10,K0037,乳品,1,11.1
2026-07-28 09:11,S10,K0026,饮料,1,68.28
2026-07-28 09:30,S10,K0006,饮料,1,18.72
2026-07-28 09:16,S10,K0034,日化,1,4.47
2026-07-28 09:38,S10,K0024,日化,1,26.35
2026-07-28 09:00,S10,K0039,日化,2,12.46
2026-07-28 09:34,S10,K0039,日化,3,6.23
2026-07-28 10:24,S10,K0029,日化,2,59.08
2026-07-28 09:52,S10,K0030,鲜食,3,22.79
2026-07-28 10:38,S10,K0002,乳品,1,3.95
2026-07-28 09:56,S10,K0002,乳品,1,3.95
2026-07-28 10:29,S10,K0022,乳品,1,22.32
2026-07-28 10:14,S10,K0033,零食,3,25.55
2026-07-28 10:06,S10,K0032,乳品,1,21.48
2026-07-28 10:31,S10,K0026,饮料,3,68.28
2026-07-28 10:00,S10,K0010,鲜食,1,21.86
2026-07-28 10:15,S10,K0013,零食,3,28.79
2026-07-28 10:50,S10,K0036,饮料,2,12.26
2026-07-28 10:49,S10,K0003,零食,2,10.0
2026-07-28 10:57,S10,K0002,乳品,2,3.95
2026-07-28 11:57,S10,K0028,零食,2,41.34
2026-07-28 12:04,S10,K0024,日化,2,52.7
2026-07-28 12:33,S10,K0002,乳品,2,7.9
2026-07-28 12:40,S10,K0006,饮料,3,18.72
2026-07-28 12:14,S10,K0020,鲜食,3,12.18
2026-07-28 13:05,S10,K0032,乳品,1,42.96
2026-07-28 13:46,S10,K0035,鲜食,2,10.29
2026-07-28 13:30,S10,K0024,日化,2,52.7
2026-07-28 13:03,S10,K0024,日化,2,52.7
2026-07-28 13:06,S10,K0005,鲜食,2,7.7
2026-07-28 14:48,S10,K0023,零食,3,28.83
2026-07-28 14:21,S10,K0018,零食,1,27.54
2026-07-28 14:36,S10,K0036,饮料,1,24.52
2026-07-28 14:16,S10,K0036,饮料,3,12.26
2026-07-28 14:42,S10,K0027,乳品,2,15.11
2026-07-27 22:42,S11,K0026,饮料,2,68.28
2026-07-27 21:58,S11,K0016,饮料,1,15.96
2026-07-27 22:12,S11,K0031,饮料,3,61.14
2026-07-27 22:48,S11,K0001,饮料,3,33.0
2026-07-27 21:59,S11,K0016,饮料,3,15.96
2026-07-27 23:02,S11,K0036,饮料,3,24.52
2026-07-27 23:04,S11,K0020,鲜食,3,12.18
2026-07-27 23:33,S11,K0039,日化,2,6.23
2026-07-27 22:50,S11,K0023,零食,3,57.66
2026-07-27 23:40,S11,K0021,饮料,1,60.24
2026-07-27 23:27,S11,K0003,零食,1,20.0
2026-07-27 23:59,S11,K0030,鲜食,3,22.79
2026-07-28 00:18,S11,K0004,日化,1,38.34
2026-07-28 00:47,S11,K0012,乳品,3,3.21
2026-07-28 01:33,S11,K0003,零食,2,20.0
2026-07-28 01:47,S11,K0015,鲜食,3,27.78
2026-07-28 01:43,S11,K0010,鲜食,3,43.72
2026-07-28 01:29,S11,K0018,零食,2,13.77
2026-07-28 02:48,S11,K0036,饮料,1,12.26
2026-07-28 01:57,S11,K0027,乳品,2,30.22
2026-07-28 02:51,S11,K0023,零食,3,28.83
2026-07-28 03:08,S11,K0001,饮料,2,16.5
2026-07-28 04:24,S11,K0012,乳品,1,6.42
2026-07-28 04:10,S11,K0014,日化,1,25.34
2026-07-28 04:47,S11,K0009,日化,2,20.1
2026-07-28 04:41,S11,K0015,鲜食,1,27.78
2026-07-28 04:43,S11,K0040,鲜食,2,11.9
2026-07-28 04:40,S11,K0006,饮料,3,9.36
2026-07-28 03:58,S11,K0008,零食,1,40.88
2026-07-28 05:06,S11,K0002,乳品,1,7.9
2026-07-28 05:00,S11,K0023,零食,2,57.66
2026-07-28 05:24,S11,K0010,鲜食,2,43.72
2026-07-28 05:40,S11,K0012,乳品,3,6.42
2026-07-28 06:22,S11,K0004,日化,2,38.34
2026-07-28 06:22,S11,K0015,鲜食,1,27.78
2026-07-28 07:10,S11,K0019,日化,1,11.94
2026-07-28 06:51,S11,K0028,零食,3,20.67
2026-07-28 07:03,S11,K0038,零食,2,10.45
2026-07-28 08:31,S11,K0031,饮料,2,61.14
2026-07-28 08:09,S11,K0023,零食,3,28.83
2026-07-28 09:33,S11,K0030,鲜食,1,45.58
2026-07-28 09:19,S11,K0009,日化,1,10.05
2026-07-28 09:18,S11,K0027,乳品,1,15.11
2026-07-28 09:05,S11,K0029,日化,2,29.54
2026-07-28 09:43,S11,K0009,日化,1,20.1
2026-07-28 09:12,S11,K0031,饮料,2,30.57
2026-07-28 09:05,S11,K0028,零食,1,20.67
2026-07-28 09:50,S11,K0028,零食,3,41.34
2026-07-28 09:56,S11,K0034,日化,3,8.94
2026-07-28 09:59,S11,K0026,饮料,1,34.14
2026-07-28 10:25,S11,K0028,零食,1,20.67
2026-07-28 10:42,S11,K0039,日化,2,6.23
2026-07-28 10:39,S11,K0002,乳品,1,7.9
2026-07-28 10:16,S11,K0005,鲜食,3,7.7
2026-07-28 10:08,S11,K0004,日化,2,19.17
2026-07-28 11:35,S11,K0022,乳品,3,22.32
2026-07-28 11:47,S11,K0009,日化,3,20.1
2026-07-28 11:03,S11,K0029,日化,3,29.54
2026-07-28 11:37,S11,K0012,乳品,1,6.42
2026-07-28 11:41,S11,K0015,鲜食,3,13.89
2026-07-28 11:21,S11,K0020,鲜食,2,6.09
2026-07-28 11:30,S11,K0019,日化,1,5.97
2026-07-28 12:27,S11,K0024,日化,1,52.7
2026-07-28 12:12,S11,K0020,鲜食,1,6.09
2026-07-28 13:39,S11,K0012,乳品,3,3.21
2026-07-28 13:04,S11,K0007,乳品,2,23.8
2026-07-28 13:12,S11,K0031,饮料,2,61.14
2026-07-28 13:18,S11,K0025,鲜食,1,20.16
2026-07-28 14:07,S11,K0022,乳品,3,22.32
2026-07-28 14:29,S11,K0019,日化,2,5.97
2026-07-27 22:43,S12,K0034,日化,3,4.47
2026-07-27 22:04,S12,K0020,鲜食,2,12.18
2026-07-27 23:45,S12,K0006,饮料,1,9.36
2026-07-27 23:19,S12,K0038,零食,2,10.45
2026-07-27 23:09,S12,K0007,乳品,1,47.6
2026-07-27 23:56,S12,K0038,零食,3,20.9
2026-07-27 23:57,S12,K0039,日化,2,12.46
2026-07-28 01:02,S12,K0029,日化,1,29.54
2026-07-28 00:58,S12,K0028,零食,3,20.67
2026-07-28 02:20,S12,K0033,零食,1,25.55
2026-07-28 01:55,S12,K0011,饮料,3,28.9
2026-07-28 03:46,S12,K0037,乳品,1,11.1
2026-07-28 03:02,S12,K0029,日化,3,59.08
2026-07-28 03:38,S12,K0028,零食,2,20.67
2026-07-28 03:11,S12,K0002,乳品,1,7.9
2026-07-28 02:49,S12,K0032,乳品,2,42.96
2026-07-28 04:36,S12,K0039,日化,3,6.23
2026-07-28 04:44,S12,K0024,日化,1,26.35
2026-07-28 04:06,S12,K0017,乳品,2,33.63
2026-07-28 04:40,S12,K0001,饮料,1,16.5
2026-07-28 05:36,S12,K0025,鲜食,3,20.16
2026-07-28 05:20,S12,K0036,饮料,3,12.26
2026-07-28 06:29,S12,K0020,鲜食,2,6.09
2026-07-28 06:27,S12,K0011,饮料,2,57.8
2026-07-28 06:52,S12,K0026,饮料,1,34.14
2026-07-28 06:49,S12,K0018,零食,3,13.77
2026-07-28 07:15,S12,K0018,零食,3,27.54
2026-07-28 08:29,S12,K0020,鲜食,1,6.09
2026-07-28 08:39,S12,K0016,饮料,2,7.98
2026-07-28 07:53,S12,K0003,零食,1,10.0
2026-07-28 08:53,S12,K0012,乳品,1,6.42
2026-07-28 09:04,S12,K0007,乳品,1,47.6
2026-07-28 08:52,S12,K0025,鲜食,1,40.32
2026-07-28 08:58,S12,K0011,饮料,1,28.9
2026-07-28 09:23,S12,K0016,饮料,3,7.98
2026-07-28 10:00,S12,K0016,饮料,1,7.98
2026-07-28 10:45,S12,K0005,鲜食,3,7.7
2026-07-28 09:56,S12,K0034,日化,3,8.94
2026-07-28 10:15,S12,K0015,鲜食,1,13.89
2026-07-28 11:32,S12,K0037,乳品,3,5.55
2026-07-28 11:04,S12,K0031,饮料,3,61.14
2026-07-28 10:49,S12,K0039,日化,2,12.46
2026-07-28 11:16,S12,K0032,乳品,2,21.48
2026-07-28 10:51,S12,K0003,零食,1,20.0
2026-07-28 10:54,S12,K0009,日化,2,10.05
2026-07-28 12:47,S12,K0031,饮料,1,61.14
2026-07-28 12:16,S12,K0008,零食,1,40.88
2026-07-28 13:39,S12,K0002,乳品,3,7.9
2026-07-28 13:00,S12,K0007,乳品,1,47.6
2026-07-28 13:22,S12,K0001,饮料,2,16.5
2026-07-28 14:37,S12,K0038,零食,1,20.9
2026-07-28 14:12,S12,K0020,鲜食,2,12.18
2026-07-28 22:19,S01,K0039,日化,1,12.46
2026-07-28 22:10,S01,K0023,零食,2,28.83
2026-07-28 22:00,S01,K0039,日化,2,12.46
2026-07-28 21:54,S01,K0032,乳品,1,42.96
2026-07-28 22:35,S01,K0029,日化,3,29.54
2026-07-28 22:21,S01,K0033,零食,2,25.55
2026-07-28 22:04,S01,K0028,零食,3,41.34
2026-07-28 21:55,S01,K0026,饮料,1,68.28
2026-07-28 23:23,S01,K0029,日化,1,29.54
2026-07-28 23:12,S01,K0024,日化,2,26.35
2026-07-28 22:55,S01,K0030,鲜食,1,45.58
2026-07-28 23:41,S01,K0019,日化,1,5.97
2026-07-28 23:02,S01,K0009,日化,3,20.1
2026-07-28 22:53,S01,K0025,鲜食,2,40.32
2026-07-28 23:45,S01,K0026,饮料,2,34.14
2026-07-28 23:16,S01,K0032,乳品,1,21.48
2026-07-29 00:32,S01,K0019,日化,1,5.97
2026-07-29 00:15,S01,K0030,鲜食,1,45.58
2026-07-29 01:12,S01,K0007,乳品,1,47.6
2026-07-29 01:03,S01,K0033,零食,1,51.1
2026-07-29 01:36,S01,K0035,鲜食,2,10.29
2026-07-29 02:19,S01,K0017,乳品,1,67.26
2026-07-29 02:09,S01,K0025,鲜食,2,40.32
2026-07-29 02:21,S01,K0038,零食,2,10.45
2026-07-29 02:13,S01,K0014,日化,3,25.34
2026-07-29 01:50,S01,K0001,饮料,2,16.5
2026-07-29 03:47,S01,K0039,日化,3,6.23
2026-07-29 03:35,S01,K0026,饮料,1,34.14
2026-07-29 03:25,S01,K0023,零食,1,28.83
2026-07-29 02:56,S01,K0039,日化,3,6.23
2026-07-29 03:48,S01,K0031,饮料,1,61.14
2026-07-29 03:27,S01,K0022,乳品,1,44.64
2026-07-29 02:51,S01,K0005,鲜食,2,3.85
2026-07-29 03:36,S01,K0025,鲜食,3,20.16
2026-07-29 02:55,S01,K0038,零食,1,20.9
2026-07-29 04:21,S01,K0009,日化,1,20.1
2026-07-29 03:56,S01,K0031,饮料,3,30.57
2026-07-29 03:54,S01,K0002,乳品,3,3.95
2026-07-29 04:33,S01,K0029,日化,3,59.08
2026-07-29 05:10,S01,K0031,饮料,3,61.14
2026-07-29 05:28,S01,K0034,日化,3,8.94
2026-07-29 06:26,S01,K0019,日化,3,11.94
2026-07-29 06:27,S01,K0040,鲜食,1,23.8
2026-07-29 06:48,S01,K0011,饮料,1,28.9
2026-07-29 05:56,S01,K0032,乳品,1,42.96
2026-07-29 06:43,S01,K0035,鲜食,2,20.58
2026-07-29 07:22,S01,K0023,零食,3,28.83
2026-07-29 07:28,S01,K0036,饮料,3,12.26
2026-07-29 07:16,S01,K0001,饮料,1,33.0
2026-07-29 07:29,S01,K0014,日化,3,50.68
2026-07-29 07:44,S01,K0027,乳品,1,15.11
2026-07-29 08:42,S01,K0013,零食,1,28.79
2026-07-29 08:18,S01,K0039,日化,2,12.46
2026-07-29 08:41,S01,K0029,日化,1,59.08
2026-07-29 08:15,S01,K0007,乳品,3,47.6
2026-07-29 08:15,S01,K0039,日化,1,12.46
2026-07-29 08:53,S01,K0033,零食,1,25.55
2026-07-29 09:43,S01,K0034,日化,3,4.47
2026-07-29 09:22,S01,K0026,饮料,1,34.14
2026-07-29 09:37,S01,K0008,零食,1,20.44
2026-07-29 08:53,S01,K0032,乳品,2,42.96
2026-07-29 09:01,S01,K0023,零食,3,28.83
2026-07-29 09:13,S01,K0008,零食,1,20.44
2026-07-29 09:47,S01,K0027,乳品,1,15.11
2026-07-29 09:19,S01,K0005,鲜食,3,7.7
2026-07-29 09:26,S01,K0018,零食,1,13.77
2026-07-29 10:42,S01,K0039,日化,1,6.23
2026-07-29 10:32,S01,K0031,饮料,1,61.14
2026-07-29 10:12,S01,K0019,日化,3,11.94
2026-07-29 10:03,S01,K0033,零食,2,51.1
2026-07-29 10:32,S01,K0016,饮料,3,7.98
2026-07-29 10:19,S01,K0010,鲜食,2,21.86
2026-07-29 10:58,S01,K0010,鲜食,2,43.72
2026-07-29 11:17,S01,K0007,乳品,2,23.8
2026-07-29 11:33,S01,K0039,日化,3,6.23
2026-07-29 11:24,S01,K0021,饮料,1,60.24
2026-07-29 11:44,S01,K0032,乳品,2,21.48
2026-07-29 11:41,S01,K0007,乳品,3,23.8
2026-07-29 11:14,S01,K0013,零食,1,28.79
2026-07-29 11:14,S01,K0035,鲜食,1,20.58
2026-07-29 11:05,S01,K0023,零食,1,28.83
2026-07-29 11:05,S01,K0036,饮料,2,12.26
2026-07-29 11:09,S01,K0007,乳品,2,23.8
2026-07-29 12:04,S01,K0039,日化,1,12.46
2026-07-29 12:14,S01,K0039,日化,3,12.46
2026-07-29 13:16,S01,K0038,零食,3,20.9
2026-07-29 13:45,S01,K0024,日化,3,52.7
2026-07-29 14:47,S01,K0018,零食,3,13.77
2026-07-29 14:36,S01,K0036,饮料,3,12.26
2026-07-29 14:18,S01,K0007,乳品,2,23.8
2026-07-28 22:15,S02,K0006,饮料,2,9.36
2026-07-28 22:45,S02,K0005,鲜食,1,3.85
2026-07-28 22:19,S02,K0040,鲜食,1,23.8
2026-07-28 21:50,S02,K0029,日化,2,29.54
2026-07-28 23:31,S02,K0031,饮料,1,61.14
2026-07-28 23:34,S02,K0001,饮料,1,33.0
2026-07-29 00:30,S02,K0011,饮料,1,57.8
2026-07-29 00:33,S02,K0007,乳品,3,23.8
2026-07-29 01:32,S02,K0027,乳品,1,15.11
2026-07-29 01:16,S02,K0016,饮料,2,15.96
2026-07-29 02:46,S02,K0007,乳品,3,23.8
2026-07-29 02:07,S02,K0020,鲜食,2,6.09
2026-07-29 03:44,S02,K0036,饮料,2,12.26
2026-07-29 02:59,S02,K0002,乳品,3,7.9
2026-07-29 03:40,S02,K0016,饮料,2,7.98
2026-07-29 03:08,S02,K0039,日化,2,12.46
2026-07-29 03:56,S02,K0006,饮料,3,18.72
2026-07-29 04:10,S02,K0005,鲜食,2,7.7
2026-07-29 04:28,S02,K0001,饮料,3,33.0
2026-07-29 04:08,S02,K0007,乳品,2,47.6
2026-07-29 05:23,S02,K0040,鲜食,3,11.9
2026-07-29 05:18,S02,K0013,零食,1,57.58
2026-07-29 06:08,S02,K0009,日化,2,10.05
2026-07-29 05:52,S02,K0040,鲜食,3,11.9
2026-07-29 06:44,S02,K0025,鲜食,1,20.16
2026-07-29 07:09,S02,K0013,零食,2,57.58
2026-07-29 07:06,S02,K0040,鲜食,1,11.9
2026-07-29 08:04,S02,K0012,乳品,2,6.42
2026-07-29 08:16,S02,K0025,鲜食,3,40.32
2026-07-29 09:38,S02,K0012,乳品,1,6.42
2026-07-29 09:03,S02,K0015,鲜食,3,27.78
2026-07-29 09:25,S02,K0006,饮料,2,9.36
2026-07-29 09:29,S02,K0005,鲜食,3,3.85
2026-07-29 09:32,S02,K0039,日化,1,6.23
2026-07-29 08:57,S02,K0020,鲜食,2,6.09
2026-07-29 10:13,S02,K0001,饮料,2,16.5
2026-07-29 10:36,S02,K0033,零食,1,51.1
2026-07-29 10:01,S02,K0027,乳品,1,30.22
2026-07-29 10:23,S02,K0034,日化,3,4.47
2026-07-29 11:02,S02,K0017,乳品,2,67.26
2026-07-29 11:36,S02,K0007,乳品,3,47.6
2026-07-29 11:46,S02,K0028,零食,3,41.34
2026-07-29 12:21,S02,K0003,零食,2,20.0
2026-07-29 12:00,S02,K0019,日化,2,5.97
2026-07-29 12:00,S02,K0036,饮料,2,12.26
2026-07-29 12:10,S02,K0036,饮料,2,12.26
2026-07-29 13:02,S02,K0018,零食,2,13.77
2026-07-29 13:44,S02,K0037,乳品,2,5.55
2026-07-29 13:29,S02,K0036,饮料,3,24.52
2026-07-29 14:45,S02,K0018,零食,2,13.77
2026-07-29 14:25,S02,K0016,饮料,2,15.96
2026-07-29 14:09,S02,K0019,日化,1,11.94
2026-07-29 13:55,S02,K0039,日化,2,12.46
2026-07-28 22:05,S03,K0003,零食,2,10.0
2026-07-28 22:22,S03,K0036,饮料,1,12.26
2026-07-28 22:37,S03,K0003,零食,3,20.0
2026-07-28 21:57,S03,K0018,零食,3,27.54
2026-07-28 23:07,S03,K0018,零食,3,27.54
2026-07-28 23:22,S03,K0025,鲜食,2,40.32
2026-07-28 23:23,S03,K0038,零食,3,20.9
2026-07-29 00:15,S03,K0002,乳品,2,3.95
2026-07-29 00:26,S03,K0028,零食,1,20.67
2026-07-29 00:50,S03,K0006,饮料,1,18.72
2026-07-29 00:55,S03,K0029,日化,2,59.08
2026-07-29 02:15,S03,K0023,零食,2,57.66
2026-07-29 02:30,S03,K0001,饮料,2,16.5
2026-07-29 03:05,S03,K0019,日化,3,5.97
2026-07-29 04:33,S03,K0019,日化,1,11.94
2026-07-29 04:45,S03,K0040,鲜食,2,23.8
2026-07-29 04:45,S03,K0002,乳品,2,7.9
2026-07-29 05:39,S03,K0037,乳品,2,11.1
2026-07-29 05:57,S03,K0003,零食,3,20.0
2026-07-29 06:19,S03,K0005,鲜食,3,3.85
2026-07-29 06:56,S03,K0029,日化,2,29.54
2026-07-29 07:10,S03,K0009,日化,1,10.05
2026-07-29 07:09,S03,K0035,鲜食,2,20.58
2026-07-29 08:44,S03,K0025,鲜食,3,20.16
2026-07-29 08:37,S03,K0027,乳品,3,30.22
2026-07-29 09:37,S03,K0016,饮料,3,15.96
2026-07-29 09:44,S03,K0036,饮料,1,24.52
2026-07-29 09:09,S03,K0013,零食,3,57.58
2026-07-29 08:50,S03,K0015,鲜食,1,13.89
2026-07-29 09:43,S03,K0006,饮料,1,18.72
2026-07-29 09:25,S03,K0036,饮料,2,24.52
2026-07-29 10:30,S03,K0019,日化,3,11.94
2026-07-29 11:13,S03,K0014,日化,2,50.68
2026-07-29 12:01,S03,K0004,日化,3,38.34
2026-07-29 12:05,S03,K0014,日化,2,50.68
2026-07-29 13:05,S03,K0039,日化,2,12.46
2026-07-29 13:03,S03,K0016,饮料,1,7.98
2026-07-29 14:03,S03,K0013,零食,2,57.58
2026-07-28 22:45,S04,K0029,日化,1,29.54
2026-07-28 22:08,S04,K0029,日化,2,59.08
2026-07-28 23:45,S04,K0030,鲜食,2,22.79
2026-07-28 23:45,S04,K0027,乳品,1,30.22
2026-07-28 23:14,S04,K0016,饮料,2,15.96
2026-07-28 23:21,S04,K0003,零食,3,20.0
2026-07-28 23:05,S04,K0032,乳品,2,42.96
2026-07-28 23:06,S04,K0040,鲜食,3,23.8
2026-07-28 23:07,S04,K0016,饮料,3,15.96
2026-07-28 23:26,S04,K0009,日化,2,10.05
2026-07-28 23:36,S04,K0029,日化,2,59.08
2026-07-29 00:19,S04,K0016,饮料,2,15.96
2026-07-29 00:24,S04,K0027,乳品,2,30.22
2026-07-29 01:44,S04,K0017,乳品,1,33.63
2026-07-29 01:15,S04,K0031,饮料,2,61.14
2026-07-29 02:27,S04,K0020,鲜食,2,12.18
2026-07-29 02:08,S04,K0013,零食,1,28.79
2026-07-29 03:38,S04,K0031,饮料,1,30.57
2026-07-29 03:28,S04,K0004,日化,3,19.17
2026-07-29 03:30,S04,K0003,零食,3,10.0
2026-07-29 03:43,S04,K0037,乳品,2,5.55
2026-07-29 03:12,S04,K0027,乳品,2,30.22
2026-07-29 02:58,S04,K0033,零食,1,51.1
2026-07-29 03:10,S04,K0017,乳品,1,67.26
2026-07-29 04:04,S04,K0024,日化,2,26.35
2026-07-29 04:44,S04,K0013,零食,3,28.79
2026-07-29 04:16,S04,K0027,乳品,1,15.11
2026-07-29 04:05,S04,K0003,零食,2,10.0
2026-07-29 04:36,S04,K0037,乳品,1,5.55
2026-07-29 04:36,S04,K0004,日化,1,38.34
2026-07-29 04:37,S04,K0038,零食,3,20.9
2026-07-29 03:53,S04,K0027,乳品,1,30.22
2026-07-29 04:54,S04,K0006,饮料,3,9.36
2026-07-29 05:21,S04,K0021,饮料,1,60.24
2026-07-29 05:14,S04,K0018,零食,2,13.77
2026-07-29 05:35,S04,K0020,鲜食,2,12.18
2026-07-29 06:48,S04,K0028,零食,1,41.34
2026-07-29 06:20,S04,K0033,零食,3,25.55
2026-07-29 06:35,S04,K0018,零食,2,27.54
2026-07-29 06:31,S04,K0026,饮料,3,68.28
2026-07-29 06:45,S04,K0036,饮料,1,12.26
2026-07-29 07:12,S04,K0009,日化,2,20.1
2026-07-29 07:26,S04,K0039,日化,2,6.23
2026-07-29 07:30,S04,K0034,日化,3,4.47
2026-07-29 07:34,S04,K0018,零食,1,13.77
2026-07-29 08:35,S04,K0001,饮料,1,16.5
2026-07-29 08:16,S04,K0032,乳品,2,21.48
2026-07-29 08:06,S04,K0021,饮料,2,30.12
2026-07-29 09:16,S04,K0035,鲜食,1,10.29
2026-07-29 09:05,S04,K0005,鲜食,1,7.7
2026-07-29 09:02,S04,K0005,鲜食,1,7.7
2026-07-29 08:51,S04,K0025,鲜食,2,40.32
2026-07-29 09:17,S04,K0020,鲜食,1,6.09
2026-07-29 09:26,S04,K0036,饮料,1,24.52
2026-07-29 09:35,S04,K0030,鲜食,3,45.58
2026-07-29 09:05,S04,K0011,饮料,2,57.8
2026-07-29 09:41,S04,K0020,鲜食,1,6.09
2026-07-29 09:09,S04,K0013,零食,3,57.58
2026-07-29 08:55,S04,K0019,日化,1,5.97
2026-07-29 10:19,S04,K0033,零食,3,25.55
2026-07-29 09:54,S04,K0023,零食,3,57.66
2026-07-29 10:08,S04,K0027,乳品,2,30.22
2026-07-29 09:55,S04,K0020,鲜食,1,6.09
2026-07-29 10:47,S04,K0014,日化,2,25.34
2026-07-29 10:49,S04,K0013,零食,1,57.58
2026-07-29 11:12,S04,K0033,零食,1,51.1
2026-07-29 11:38,S04,K0027,乳品,2,15.11
2026-07-29 11:02,S04,K0023,零食,3,57.66
2026-07-29 11:33,S04,K0011,饮料,1,57.8
2026-07-29 11:27,S04,K0036,饮料,2,24.52
2026-07-29 11:40,S04,K0040,鲜食,3,11.9
2026-07-29 11:22,S04,K0037,乳品,2,5.55
2026-07-29 11:24,S04,K0011,饮料,2,57.8
2026-07-29 11:40,S04,K0024,日化,3,26.35
2026-07-29 12:11,S04,K0030,鲜食,3,22.79
2026-07-29 12:23,S04,K0014,日化,1,25.34
2026-07-29 12:03,S04,K0038,零食,2,10.45
2026-07-29 12:46,S04,K0036,饮料,3,12.26
2026-07-29 12:01,S04,K0004,日化,3,19.17
2026-07-29 13:01,S04,K0025,鲜食,2,20.16
2026-07-29 13:41,S04,K0039,日化,1,12.46
2026-07-29 12:55,S04,K0011,饮料,3,57.8
2026-07-29 13:18,S04,K0037,乳品,3,5.55
2026-07-29 14:36,S04,K0038,零食,1,10.45
2026-07-29 14:21,S04,K0005,鲜食,2,3.85
2026-07-28 22:07,S05,K0013,零食,1,28.79
2026-07-28 22:35,S05,K0019,日化,2,5.97
2026-07-28 22:04,S05,K0013,零食,1,57.58
2026-07-28 22:12,S05,K0023,零食,1,28.83
2026-07-28 22:09,S05,K0005,鲜食,1,3.85
2026-07-28 23:40,S05,K0004,日化,2,38.34
2026-07-28 23:17,S05,K0001,饮料,2,16.5
2026-07-28 23:46,S05,K0007,乳品,1,47.6
2026-07-29 00:24,S05,K0040,鲜食,2,23.8
2026-07-29 00:18,S05,K0021,饮料,2,60.24
2026-07-29 00:36,S05,K0016,饮料,2,15.96
2026-07-29 01:39,S05,K0008,零食,3,20.44
2026-07-29 01:26,S05,K0039,日化,1,6.23
2026-07-29 01:28,S05,K0027,乳品,3,30.22
2026-07-29 01:52,S05,K0010,鲜食,2,43.72
2026-07-29 02:48,S05,K0006,饮料,3,9.36
2026-07-29 02:15,S05,K0002,乳品,1,7.9
2026-07-29 03:33,S05,K0025,鲜食,3,20.16
2026-07-29 02:52,S05,K0002,乳品,3,3.95
2026-07-29 03:31,S05,K0011,饮料,2,28.9
2026-07-29 03:14,S05,K0008,零食,3,20.44
2026-07-29 03:41,S05,K0027,乳品,3,15.11
2026-07-29 03:32,S05,K0010,鲜食,1,43.72
2026-07-29 03:48,S05,K0023,零食,3,57.66
2026-07-29 04:42,S05,K0025,鲜食,3,40.32
2026-07-29 03:50,S05,K0010,鲜食,3,21.86
2026-07-29 04:20,S05,K0018,零食,3,13.77
2026-07-29 04:49,S05,K0001,饮料,2,16.5
2026-07-29 05:31,S05,K0009,日化,3,20.1
2026-07-29 04:57,S05,K0032,乳品,1,42.96
2026-07-29 05:34,S05,K0004,日化,1,19.17
2026-07-29 05:51,S05,K0002,乳品,3,7.9
2026-07-29 06:24,S05,K0018,零食,2,27.54
2026-07-29 07:05,S05,K0009,日化,1,20.1
2026-07-29 06:58,S05,K0008,零食,3,40.88
2026-07-29 07:07,S05,K0006,饮料,2,9.36
2026-07-29 07:10,S05,K0003,零食,3,10.0
2026-07-29 08:47,S05,K0010,鲜食,3,43.72
2026-07-29 08:40,S05,K0002,乳品,2,3.95
2026-07-29 08:24,S05,K0019,日化,1,5.97
2026-07-29 08:05,S05,K0012,乳品,1,6.42
2026-07-29 09:43,S05,K0023,零食,2,57.66
2026-07-29 09:17,S05,K0017,乳品,2,67.26
2026-07-29 09:34,S05,K0003,零食,3,10.0
2026-07-29 09:44,S05,K0017,乳品,1,67.26
2026-07-29 09:14,S05,K0028,零食,3,41.34
2026-07-29 08:51,S05,K0014,日化,1,50.68
2026-07-29 09:29,S05,K0022,乳品,2,44.64
2026-07-29 09:03,S05,K0009,日化,3,20.1
2026-07-29 10:48,S05,K0033,零食,3,51.1
2026-07-29 10:11,S05,K0025,鲜食,2,20.16
2026-07-29 10:02,S05,K0005,鲜食,2,3.85
2026-07-29 10:30,S05,K0027,乳品,1,15.11
2026-07-29 09:50,S05,K0038,零食,1,10.45
2026-07-29 10:24,S05,K0013,零食,2,28.79
2026-07-29 11:42,S05,K0031,饮料,3,61.14
2026-07-29 11:46,S05,K0029,日化,1,29.54
2026-07-29 11:21,S05,K0014,日化,1,25.34
2026-07-29 10:56,S05,K0022,乳品,3,44.64
2026-07-29 12:40,S05,K0038,零食,2,10.45
2026-07-29 11:59,S05,K0036,饮料,3,24.52
2026-07-29 11:53,S05,K0020,鲜食,3,6.09
2026-07-29 12:18,S05,K0017,乳品,3,33.63
2026-07-29 13:08,S05,K0015,鲜食,2,13.89
2026-07-29 13:04,S05,K0036,饮料,3,24.52
2026-07-29 13:36,S05,K0006,饮料,2,18.72
2026-07-29 14:41,S05,K0004,日化,3,38.34
2026-07-29 13:57,S05,K0015,鲜食,3,27.78
2026-07-28 22:40,S06,K0001,饮料,3,33.0
2026-07-28 22:37,S06,K0033,零食,3,51.1
2026-07-28 22:36,S06,K0034,日化,2,8.94
2026-07-28 22:33,S06,K0025,鲜食,3,20.16
2026-07-28 22:46,S06,K0038,零食,1,20.9
2026-07-28 23:22,S06,K0011,饮料,1,28.9
2026-07-28 23:22,S06,K0008,零食,1,20.44
2026-07-28 23:12,S06,K0016,饮料,1,7.98
2026-07-29 00:21,S06,K0033,零食,2,51.1
2026-07-29 00:35,S06,K0035,鲜食,2,20.58
2026-07-29 00:47,S06,K0032,乳品,2,42.96
2026-07-29 01:14,S06,K0040,鲜食,2,23.8
2026-07-29 01:03,S06,K0036,饮料,2,24.52
2026-07-29 02:09,S06,K0037,乳品,3,11.1
2026-07-29 01:58,S06,K0022,乳品,1,22.32
2026-07-29 02:29,S06,K0023,零食,1,28.83
2026-07-29 03:46,S06,K0021,饮料,2,60.24
2026-07-29 03:29,S06,K0039,日化,1,12.46
2026-07-29 03:23,S06,K0018,零食,3,27.54
2026-07-29 02:54,S06,K0018,零食,3,13.77
2026-07-29 03:22,S06,K0019,日化,2,5.97
2026-07-29 04:09,S06,K0029,日化,1,29.54
2026-07-29 04:28,S06,K0040,鲜食,2,23.8
2026-07-29 04:10,S06,K0017,乳品,1,67.26
2026-07-29 04:15,S06,K0040,鲜食,2,23.8
2026-07-29 04:38,S06,K0005,鲜食,2,7.7
2026-07-29 05:28,S06,K0008,零食,2,40.88
2026-07-29 05:27,S06,K0034,日化,2,4.47
2026-07-29 05:47,S06,K0001,饮料,1,16.5
2026-07-29 06:41,S06,K0033,零食,1,25.55
2026-07-29 06:14,S06,K0008,零食,1,20.44
2026-07-29 06:37,S06,K0006,饮料,3,18.72
2026-07-29 07:00,S06,K0010,鲜食,2,21.86
2026-07-29 07:22,S06,K0009,日化,2,10.05
2026-07-29 07:38,S06,K0020,鲜食,3,6.09
2026-07-29 08:15,S06,K0025,鲜食,3,20.16
2026-07-29 08:29,S06,K0037,乳品,3,11.1
2026-07-29 08:30,S06,K0028,零食,3,20.67
2026-07-29 08:51,S06,K0033,零食,2,25.55
2026-07-29 09:01,S06,K0014,日化,2,25.34
2026-07-29 10:44,S06,K0022,乳品,1,44.64
2026-07-29 10:12,S06,K0016,饮料,3,15.96
2026-07-29 10:55,S06,K0032,乳品,2,42.96
2026-07-29 11:06,S06,K0017,乳品,2,33.63
2026-07-29 11:04,S06,K0023,零食,3,28.83
2026-07-29 10:51,S06,K0026,饮料,3,68.28
2026-07-29 11:43,S06,K0032,乳品,2,42.96
2026-07-29 11:57,S06,K0032,乳品,1,42.96
2026-07-29 12:14,S06,K0014,日化,3,50.68
2026-07-29 13:27,S06,K0007,乳品,3,23.8
2026-07-29 13:41,S06,K0034,日化,2,8.94
2026-07-29 14:40,S06,K0010,鲜食,3,43.72
2026-07-29 13:59,S06,K0003,零食,1,20.0
2026-07-29 14:35,S06,K0021,饮料,3,30.12
2026-07-28 22:32,S07,K0002,乳品,2,7.9
2026-07-28 22:44,S07,K0022,乳品,2,22.32
2026-07-28 22:47,S07,K0006,饮料,1,18.72
2026-07-28 22:15,S07,K0012,乳品,2,3.21
2026-07-28 22:12,S07,K0039,日化,2,12.46
2026-07-28 23:36,S07,K0019,日化,2,5.97
2026-07-28 23:24,S07,K0029,日化,3,29.54
2026-07-28 23:42,S07,K0031,饮料,2,30.57
2026-07-28 23:33,S07,K0037,乳品,3,5.55
2026-07-28 23:21,S07,K0039,日化,1,12.46
2026-07-28 23:12,S07,K0031,饮料,2,30.57
2026-07-29 00:32,S07,K0037,乳品,3,11.1
2026-07-28 23:55,S07,K0020,鲜食,2,6.09
2026-07-29 00:02,S07,K0022,乳品,3,22.32
2026-07-29 01:28,S07,K0018,零食,3,13.77
2026-07-29 01:37,S07,K0034,日化,3,4.47
2026-07-29 01:38,S07,K0034,日化,3,8.94
2026-07-29 01:19,S07,K0037,乳品,2,11.1
2026-07-29 01:16,S07,K0029,日化,2,59.08
2026-07-29 02:46,S07,K0038,零食,1,20.9
2026-07-29 02:12,S07,K0002,乳品,2,7.9
2026-07-29 02:05,S07,K0040,鲜食,3,11.9
2026-07-29 02:03,S07,K0020,鲜食,2,12.18
2026-07-29 03:10,S07,K0007,乳品,2,23.8
2026-07-29 03:35,S07,K0010,鲜食,1,43.72
2026-07-29 03:43,S07,K0040,鲜食,1,23.8
2026-07-29 03:33,S07,K0026,饮料,1,68.28
2026-07-29 03:11,S07,K0008,零食,1,40.88
2026-07-29 03:18,S07,K0038,零食,2,10.45
2026-07-29 03:31,S07,K0004,日化,1,19.17
2026-07-29 03:10,S07,K0008,零食,3,40.88
2026-07-29 03:18,S07,K0030,鲜食,1,45.58
2026-07-29 04:31,S07,K0016,饮料,1,15.96
2026-07-29 04:19,S07,K0035,鲜食,1,10.29
2026-07-29 04:12,S07,K0023,零食,2,57.66
2026-07-29 04:05,S07,K0026,饮料,1,34.14
2026-07-29 04:06,S07,K0022,乳品,3,44.64
2026-07-29 03:55,S07,K0020,鲜食,2,12.18
2026-07-29 05:02,S07,K0030,鲜食,3,45.58
2026-07-29 05:04,S07,K0010,鲜食,1,43.72
2026-07-29 05:11,S07,K0024,日化,3,26.35
2026-07-29 05:39,S07,K0038,零食,2,20.9
2026-07-29 06:12,S07,K0032,乳品,3,21.48
2026-07-29 06:14,S07,K0027,乳品,1,15.11
2026-07-29 06:38,S07,K0034,日化,2,4.47
2026-07-29 06:15,S07,K0013,零食,1,28.79
2026-07-29 07:17,S07,K0020,鲜食,1,12.18
2026-07-29 07:18,S07,K0002,乳品,1,7.9
2026-07-29 07:40,S07,K0026,饮料,3,68.28
2026-07-29 08:35,S07,K0017,乳品,2,67.26
2026-07-29 08:07,S07,K0016,饮料,1,15.96
2026-07-29 09:10,S07,K0037,乳品,1,5.55
2026-07-29 09:07,S07,K0032,乳品,2,42.96
2026-07-29 08:56,S07,K0003,零食,2,10.0
2026-07-29 09:27,S07,K0013,零食,2,28.79
2026-07-29 08:53,S07,K0002,乳品,2,7.9
2026-07-29 09:32,S07,K0040,鲜食,1,11.9
2026-07-29 09:17,S07,K0007,乳品,3,23.8
2026-07-29 10:25,S07,K0030,鲜食,3,45.58
2026-07-29 09:51,S07,K0037,乳品,2,11.1
2026-07-29 10:00,S07,K0039,日化,3,12.46
2026-07-29 10:32,S07,K0021,饮料,1,60.24
2026-07-29 09:56,S07,K0010,鲜食,3,43.72
2026-07-29 10:40,S07,K0038,零食,1,20.9
2026-07-29 10:14,S07,K0029,日化,3,29.54
2026-07-29 10:01,S07,K0023,零食,2,57.66
2026-07-29 11:45,S07,K0024,日化,3,52.7
2026-07-29 11:27,S07,K0034,日化,2,4.47
2026-07-29 10:52,S07,K0032,乳品,2,21.48
2026-07-29 11:23,S07,K0009,日化,3,10.05
2026-07-29 11:38,S07,K0018,零食,1,13.77
2026-07-29 12:41,S07,K0023,零食,1,28.83
2026-07-29 11:49,S07,K0040,鲜食,1,23.8
2026-07-29 11:52,S07,K0013,零食,3,57.58
2026-07-29 13:20,S07,K0011,饮料,3,57.8
2026-07-29 13:03,S07,K0040,鲜食,2,23.8
2026-07-29 13:09,S07,K0015,鲜食,2,27.78
2026-07-29 13:38,S07,K0029,日化,1,59.08
2026-07-29 14:34,S07,K0013,零食,3,28.79
2026-07-29 14:47,S07,K0004,日化,2,19.17
2026-07-28 22:42,S08,K0028,零食,2,20.67
2026-07-28 22:41,S08,K0025,鲜食,1,20.16
2026-07-28 22:00,S08,K0022,乳品,3,44.64
2026-07-28 22:46,S08,K0016,饮料,3,15.96
2026-07-28 23:34,S08,K0017,乳品,1,33.63
2026-07-28 23:44,S08,K0033,零食,3,51.1
2026-07-28 23:26,S08,K0028,零食,1,20.67
2026-07-28 23:32,S08,K0009,日化,1,10.05
2026-07-28 22:53,S08,K0011,饮料,2,28.9
2026-07-28 23:44,S08,K0021,饮料,1,60.24
2026-07-29 00:26,S08,K0007,乳品,2,23.8
2026-07-29 00:40,S08,K0022,乳品,3,44.64
2026-07-29 01:17,S08,K0021,饮料,2,60.24
2026-07-29 01:47,S08,K0025,鲜食,2,20.16
2026-07-29 01:12,S08,K0012,乳品,3,6.42
2026-07-29 02:48,S08,K0019,日化,1,5.97
2026-07-29 01:55,S08,K0034,日化,3,8.94
2026-07-29 02:02,S08,K0006,饮料,2,18.72
2026-07-29 02:50,S08,K0033,零食,3,51.1
2026-07-29 02:52,S08,K0010,鲜食,1,21.86
2026-07-29 03:02,S08,K0038,零食,2,20.9
2026-07-29 04:38,S08,K0020,鲜食,1,12.18
2026-07-29 03:54,S08,K0032,乳品,2,42.96
2026-07-29 03:59,S08,K0009,日化,1,10.05
2026-07-29 04:31,S08,K0017,乳品,3,33.63
2026-07-29 04:04,S08,K0013,零食,2,57.58
2026-07-29 04:46,S08,K0004,日化,1,19.17
2026-07-29 04:59,S08,K0029,日化,3,29.54
2026-07-29 04:49,S08,K0025,鲜食,1,20.16
2026-07-29 06:45,S08,K0031,饮料,2,61.14
2026-07-29 06:47,S08,K0030,鲜食,2,22.79
2026-07-29 05:49,S08,K0037,乳品,2,11.1
2026-07-29 05:55,S08,K0028,零食,3,20.67
2026-07-29 06:58,S08,K0025,鲜食,3,40.32
2026-07-29 07:19,S08,K0001,饮料,2,33.0
2026-07-29 07:29,S08,K0005,鲜食,2,3.85
2026-07-29 07:58,S08,K0032,乳品,1,42.96
2026-07-29 08:22,S08,K0035,鲜食,3,20.58
2026-07-29 09:31,S08,K0004,日化,2,19.17
2026-07-29 09:13,S08,K0033,零食,3,25.55
2026-07-29 09:03,S08,K0003,零食,3,10.0
2026-07-29 09:43,S08,K0025,鲜食,2,40.32
2026-07-29 09:05,S08,K0026,饮料,3,68.28
2026-07-29 09:08,S08,K0030,鲜食,1,22.79
2026-07-29 10:09,S08,K0003,零食,3,10.0
2026-07-29 10:32,S08,K0039,日化,1,12.46
2026-07-29 10:39,S08,K0017,乳品,3,33.63
2026-07-29 10:35,S08,K0037,乳品,3,11.1
2026-07-29 10:03,S08,K0001,饮料,2,16.5
2026-07-29 11:34,S08,K0008,零食,3,40.88
2026-07-29 10:56,S08,K0004,日化,3,19.17
2026-07-29 11:24,S08,K0024,日化,3,26.35
2026-07-29 11:14,S08,K0013,零食,3,28.79
2026-07-29 12:18,S08,K0026,饮料,1,68.28
2026-07-29 12:00,S08,K0018,零食,1,27.54
2026-07-29 11:53,S08,K0016,饮料,3,7.98
2026-07-29 12:35,S08,K0026,饮料,1,68.28
2026-07-29 13:39,S08,K0026,饮料,1,34.14
2026-07-29 12:56,S08,K0012,乳品,2,3.21
2026-07-29 14:18,S08,K0033,零食,2,51.1
2026-07-29 13:49,S08,K0033,零食,1,25.55
2026-07-29 14:38,S08,K0013,零食,2,28.79
2026-07-29 14:41,S08,K0033,零食,2,25.55
2026-07-28 22:15,S09,K0001,饮料,2,33.0
2026-07-28 22:45,S09,K0016,饮料,2,7.98
2026-07-28 23:10,S09,K0020,鲜食,2,12.18
2026-07-28 23:02,S09,K0037,乳品,3,11.1
2026-07-28 22:50,S09,K0008,零食,1,20.44
2026-07-28 22:52,S09,K0020,鲜食,1,6.09
2026-07-28 23:04,S09,K0035,鲜食,1,10.29
2026-07-29 00:21,S09,K0024,日化,3,52.7
2026-07-29 00:26,S09,K0037,乳品,1,5.55
2026-07-29 00:40,S09,K0022,乳品,3,44.64
2026-07-29 01:48,S09,K0032,乳品,2,21.48
2026-07-29 01:33,S09,K0032,乳品,1,21.48
2026-07-29 02:15,S09,K0023,零食,3,57.66
2026-07-29 02:46,S09,K0004,日化,3,38.34
2026-07-29 03:05,S09,K0009,日化,3,20.1
2026-07-29 03:10,S09,K0001,饮料,1,33.0
2026-07-29 04:40,S09,K0035,鲜食,1,20.58
2026-07-29 04:04,S09,K0014,日化,2,50.68
2026-07-29 04:05,S09,K0036,饮料,1,24.52
2026-07-29 04:18,S09,K0026,饮料,2,68.28
2026-07-29 05:13,S09,K0001,饮料,2,16.5
2026-07-29 05:09,S09,K0020,鲜食,3,12.18
2026-07-29 06:29,S09,K0006,饮料,2,9.36
2026-07-29 06:03,S09,K0003,零食,1,10.0
2026-07-29 07:39,S09,K0038,零食,2,20.9
2026-07-29 07:47,S09,K0022,乳品,2,44.64
2026-07-29 06:56,S09,K0022,乳品,1,44.64
2026-07-29 08:43,S09,K0035,鲜食,1,20.58
2026-07-29 08:35,S09,K0029,日化,1,29.54
2026-07-29 07:54,S09,K0035,鲜食,2,20.58
2026-07-29 09:43,S09,K0022,乳品,2,22.32
2026-07-29 08:52,S09,K0031,饮料,2,61.14
2026-07-29 10:40,S09,K0020,鲜食,2,12.18
2026-07-29 09:55,S09,K0008,零食,1,20.44
2026-07-29 10:25,S09,K0031,饮料,2,61.14
2026-07-29 10:45,S09,K0020,鲜食,2,12.18
2026-07-29 10:32,S09,K0019,日化,3,11.94
2026-07-29 10:10,S09,K0027,乳品,2,15.11
2026-07-29 11:39,S09,K0037,乳品,2,5.55
2026-07-29 11:13,S09,K0011,饮料,3,28.9
2026-07-29 11:21,S09,K0019,日化,2,11.94
2026-07-29 11:37,S09,K0002,乳品,1,3.95
2026-07-29 11:21,S09,K0039,日化,2,12.46
2026-07-29 11:43,S09,K0034,日化,2,8.94
2026-07-29 12:13,S09,K0028,零食,3,20.67
2026-07-29 11:53,S09,K0027,乳品,1,15.11
2026-07-29 13:19,S09,K0036,饮料,1,24.52
2026-07-29 13:45,S09,K0029,日化,2,59.08
2026-07-29 13:12,S09,K0039,日化,2,6.23
2026-07-29 14:25,S09,K0037,乳品,2,5.55
2026-07-29 14:03,S09,K0025,鲜食,2,40.32
2026-07-28 21:53,S10,K0029,日化,3,29.54
2026-07-28 22:17,S10,K0004,日化,1,38.34
2026-07-28 21:57,S10,K0008,零食,3,40.88
2026-07-28 22:00,S10,K0012,乳品,3,3.21
2026-07-28 23:46,S10,K0035,鲜食,3,10.29
2026-07-28 23:01,S10,K0019,日化,1,5.97
2026-07-28 23:32,S10,K0013,零食,1,28.79
2026-07-28 23:02,S10,K0010,鲜食,3,21.86
2026-07-28 23:06,S10,K0017,乳品,2,33.63
2026-07-28 23:41,S10,K0026,饮料,3,34.14
2026-07-28 23:25,S10,K0025,鲜食,2,20.16
2026-07-28 23:14,S10,K0001,饮料,3,33.0
2026-07-29 00:10,S10,K0013,零食,2,57.58
2026-07-29 00:38,S10,K0021,饮料,1,60.24
2026-07-28 23:57,S10,K0006,饮料,3,18.72
2026-07-29 01:34,S10,K0031,饮料,1,30.57
2026-07-29 01:44,S10,K0025,鲜食,2,40.32
2026-07-29 01:45,S10,K0034,日化,3,8.94
2026-07-29 02:19,S10,K0035,鲜食,2,10.29
2026-07-29 01:56,S10,K0007,乳品,3,23.8
2026-07-29 01:59,S10,K0017,乳品,2,67.26
2026-07-29 02:46,S10,K0020,鲜食,1,6.09
2026-07-29 03:17,S10,K0016,饮料,2,15.96
2026-07-29 03:12,S10,K0009,日化,2,10.05
2026-07-29 03:24,S10,K0031,饮料,2,61.14
2026-07-29 03:14,S10,K0035,鲜食,1,10.29
2026-07-29 03:03,S10,K0003,零食,3,10.0
2026-07-29 02:56,S10,K0011,饮料,1,28.9
2026-07-29 02:51,S10,K0031,饮料,1,61.14
2026-07-29 04:48,S10,K0027,乳品,1,15.11
2026-07-29 04:40,S10,K0035,鲜食,2,20.58
2026-07-29 04:47,S10,K0011,饮料,3,57.8
2026-07-29 04:41,S10,K0013,零食,3,28.79
2026-07-29 04:40,S10,K0017,乳品,1,67.26
2026-07-29 04:12,S10,K0037,乳品,2,5.55
2026-07-29 04:41,S10,K0037,乳品,1,11.1
2026-07-29 04:14,S10,K0037,乳品,2,11.1
2026-07-29 04:49,S10,K0028,零食,1,20.67
2026-07-29 05:23,S10,K0012,乳品,3,3.21
2026-07-29 05:50,S10,K0001,饮料,2,16.5
2026-07-29 06:00,S10,K0003,零食,3,20.0
2026-07-29 06:10,S10,K0020,鲜食,3,6.09
2026-07-29 05:50,S10,K0010,鲜食,1,21.86
2026-07-29 05:54,S10,K0001,饮料,3,33.0
2026-07-29 07:12,S10,K0020,鲜食,2,6.09
2026-07-29 07:06,S10,K0026,饮料,3,68.28
2026-07-29 06:57,S10,K0040,鲜食,3,11.9
2026-07-29 07:44,S10,K0004,日化,2,38.34
2026-07-29 08:44,S10,K0009,日化,2,20.1
2026-07-29 08:38,S10,K0002,乳品,1,7.9
2026-07-29 08:14,S10,K0011,饮料,3,57.8
2026-07-29 08:06,S10,K0017,乳品,1,33.63
2026-07-29 08:44,S10,K0015,鲜食,3,27.78
2026-07-29 09:23,S10,K0031,饮料,2,61.14
2026-07-29 09:48,S10,K0035,鲜食,1,10.29
2026-07-29 10:12,S10,K0037,乳品,3,11.1
2026-07-29 10:46,S10,K0010,鲜食,1,21.86
2026-07-29 11:34,S10,K0035,鲜食,3,10.29
2026-07-29 10:52,S10,K0028,零食,1,41.34
2026-07-29 11:17,S10,K0022,乳品,3,22.32
2026-07-29 10:57,S10,K0015,鲜食,2,27.78
2026-07-29 11:06,S10,K0005,鲜食,3,7.7
2026-07-29 11:34,S10,K0033,零食,1,51.1
2026-07-29 10:55,S10,K0001,饮料,2,16.5
2026-07-29 11:25,S10,K0007,乳品,2,47.6
2026-07-29 11:50,S10,K0009,日化,3,10.05
2026-07-29 11:53,S10,K0023,零食,3,28.83
2026-07-29 11:56,S10,K0003,零食,3,10.0
2026-07-29 12:35,S10,K0036,饮料,3,24.52
2026-07-29 12:04,S10,K0009,日化,1,10.05
2026-07-29 13:42,S10,K0001,饮料,2,16.5
2026-07-29 13:26,S10,K0031,饮料,2,30.57
2026-07-29 13:47,S10,K0038,零食,1,20.9
2026-07-29 13:29,S10,K0035,鲜食,2,20.58
2026-07-29 12:53,S10,K0008,零食,2,20.44
2026-07-29 14:07,S10,K0006,饮料,3,9.36
2026-07-29 14:46,S10,K0002,乳品,2,7.9
2026-07-29 14:08,S10,K0030,鲜食,3,22.79
2026-07-29 14:47,S10,K0020,鲜食,1,12.18
2026-07-29 14:40,S10,K0036,饮料,2,12.26
2026-07-28 21:59,S11,K0027,乳品,2,15.11
2026-07-28 22:27,S11,K0023,零食,1,28.83
2026-07-28 22:00,S11,K0005,鲜食,2,7.7
2026-07-28 22:04,S11,K0029,日化,3,59.08
2026-07-28 22:19,S11,K0030,鲜食,1,45.58
2026-07-28 22:01,S11,K0020,鲜食,3,12.18
2026-07-28 23:44,S11,K0022,乳品,2,44.64
2026-07-28 23:20,S11,K0034,日化,1,8.94
2026-07-28 23:19,S11,K0024,日化,1,52.7
2026-07-29 00:03,S11,K0020,鲜食,3,6.09
2026-07-29 00:28,S11,K0011,饮料,3,28.9
2026-07-29 00:06,S11,K0015,鲜食,3,13.89
2026-07-29 00:57,S11,K0019,日化,2,11.94
2026-07-29 01:44,S11,K0038,零食,2,10.45
2026-07-29 01:35,S11,K0002,乳品,1,7.9
2026-07-29 01:27,S11,K0001,饮料,1,33.0
2026-07-29 02:19,S11,K0023,零食,1,57.66
2026-07-29 01:57,S11,K0027,乳品,2,15.11
2026-07-29 02:13,S11,K0026,饮料,3,34.14
2026-07-29 02:12,S11,K0009,日化,2,10.05
2026-07-29 03:15,S11,K0015,鲜食,3,13.89
2026-07-29 03:27,S11,K0004,日化,1,38.34
2026-07-29 04:47,S11,K0004,日化,1,38.34
2026-07-29 04:18,S11,K0010,鲜食,1,21.86
2026-07-29 04:37,S11,K0008,零食,2,20.44
2026-07-29 04:14,S11,K0012,乳品,2,3.21
2026-07-29 04:20,S11,K0017,乳品,2,67.26
2026-07-29 04:39,S11,K0037,乳品,1,5.55
2026-07-29 04:22,S11,K0005,鲜食,2,3.85
2026-07-29 05:02,S11,K0015,鲜食,2,27.78
2026-07-29 05:40,S11,K0029,日化,2,29.54
2026-07-29 05:25,S11,K0011,饮料,3,28.9
2026-07-29 05:28,S11,K0021,饮料,2,60.24
2026-07-29 06:39,S11,K0031,饮料,2,30.57
2026-07-29 06:04,S11,K0023,零食,3,28.83
2026-07-29 05:59,S11,K0011,饮料,2,28.9
2026-07-29 06:18,S11,K0020,鲜食,3,6.09
2026-07-29 06:49,S11,K0021,饮料,1,30.12
2026-07-29 07:27,S11,K0010,鲜食,3,21.86
2026-07-29 06:51,S11,K0037,乳品,3,5.55
2026-07-29 08:42,S11,K0020,鲜食,2,12.18
2026-07-29 08:44,S11,K0005,鲜食,3,7.7
2026-07-29 07:58,S11,K0020,鲜食,2,12.18
2026-07-29 09:09,S11,K0021,饮料,2,30.12
2026-07-29 09:00,S11,K0019,日化,3,5.97
2026-07-29 09:14,S11,K0008,零食,3,40.88
2026-07-29 10:35,S11,K0010,鲜食,3,21.86
2026-07-29 10:17,S11,K0028,零食,2,41.34
2026-07-29 10:03,S11,K0037,乳品,3,5.55
2026-07-29 10:03,S11,K0020,鲜食,3,12.18
2026-07-29 09:50,S11,K0038,零食,2,20.9
2026-07-29 10:36,S11,K0014,日化,3,25.34
2026-07-29 11:00,S11,K0023,零食,3,57.66
2026-07-29 11:33,S11,K0036,饮料,1,24.52
2026-07-29 11:01,S11,K0030,鲜食,1,22.79
2026-07-29 11:04,S11,K0015,鲜食,1,27.78
2026-07-29 11:06,S11,K0015,鲜食,2,13.89
2026-07-29 10:52,S11,K0014,日化,1,25.34
2026-07-29 11:08,S11,K0028,零食,1,20.67
2026-07-29 11:07,S11,K0010,鲜食,2,43.72
2026-07-29 12:23,S11,K0037,乳品,2,5.55
2026-07-29 11:59,S11,K0030,鲜食,1,22.79
2026-07-29 12:51,S11,K0023,零食,2,28.83
2026-07-29 12:52,S11,K0026,饮料,1,34.14
2026-07-29 13:55,S11,K0021,饮料,1,60.24
2026-07-29 14:12,S11,K0006,饮料,2,18.72
2026-07-28 22:40,S12,K0004,日化,3,38.34
2026-07-28 22:06,S12,K0004,日化,1,19.17
2026-07-28 22:10,S12,K0020,鲜食,2,12.18
2026-07-28 21:54,S12,K0005,鲜食,3,3.85
2026-07-28 22:41,S12,K0024,日化,2,26.35
2026-07-28 23:03,S12,K0021,饮料,3,30.12
2026-07-28 23:38,S12,K0032,乳品,3,21.48
2026-07-28 22:54,S12,K0038,零食,1,20.9
2026-07-29 00:34,S12,K0023,零食,3,28.83
2026-07-29 00:28,S12,K0020,鲜食,2,6.09
2026-07-29 01:10,S12,K0008,零食,3,40.88
2026-07-29 01:11,S12,K0021,饮料,2,30.12
2026-07-29 01:16,S12,K0026,饮料,1,34.14
2026-07-29 02:15,S12,K0018,零食,1,13.77
2026-07-29 01:56,S12,K0028,零食,3,41.34
2026-07-29 03:31,S12,K0005,鲜食,3,7.7
2026-07-29 03:04,S12,K0028,零食,2,20.67
2026-07-29 03:44,S12,K0001,饮料,1,33.0
2026-07-29 04:09,S12,K0005,鲜食,1,7.7
2026-07-29 03:52,S12,K0010,鲜食,2,43.72
2026-07-29 04:40,S12,K0033,零食,2,51.1
2026-07-29 04:17,S12,K0039,日化,2,6.23
2026-07-29 04:01,S12,K0020,鲜食,3,6.09
2026-07-29 05:47,S12,K0002,乳品,3,3.95
2026-07-29 04:51,S12,K0038,零食,1,10.45
2026-07-29 05:47,S12,K0006,饮料,2,18.72
2026-07-29 06:35,S12,K0004,日化,1,19.17
2026-07-29 06:42,S12,K0032,乳品,3,21.48
2026-07-29 07:06,S12,K0003,零食,2,10.0
2026-07-29 07:04,S12,K0025,鲜食,3,20.16
2026-07-29 08:19,S12,K0033,零食,3,51.1
2026-07-29 08:22,S12,K0006,饮料,3,18.72
2026-07-29 08:48,S12,K0027,乳品,3,15.11
2026-07-29 09:31,S12,K0003,零食,3,20.0
2026-07-29 09:14,S12,K0022,乳品,3,22.32
2026-07-29 09:19,S12,K0025,鲜食,1,20.16
2026-07-29 09:19,S12,K0001,饮料,1,33.0
2026-07-29 10:35,S12,K0001,饮料,3,16.5
2026-07-29 10:17,S12,K0019,日化,1,5.97
2026-07-29 10:02,S12,K0030,鲜食,2,45.58
2026-07-29 11:18,S12,K0002,乳品,3,3.95
2026-07-29 11:23,S12,K0002,乳品,1,3.95
2026-07-29 11:27,S12,K0026,饮料,2,68.28
2026-07-29 11:30,S12,K0007,乳品,2,47.6
2026-07-29 12:24,S12,K0039,日化,1,12.46
2026-07-29 12:46,S12,K0030,鲜食,1,45.58
2026-07-29 12:19,S12,K0025,鲜食,2,20.16
2026-07-29 13:22,S12,K0025,鲜食,3,40.32
2026-07-29 13:12,S12,K0029,日化,1,59.08
2026-07-29 13:46,S12,K0032,乳品,1,21.48
2026-07-29 14:11,S12,K0020,鲜食,2,6.09
2026-07-29 14:31,S12,K0023,零食,3,57.66
2026-07-29 14:02,S12,K0026,饮料,2,34.14
2026-07-29 21:52,S01,K0033,零食,3,51.1
2026-07-29 22:26,S01,K0014,日化,1,25.34
2026-07-29 21:57,S01,K0003,零食,2,20.0
2026-07-29 23:37,S01,K0022,乳品,1,22.32
2026-07-29 23:34,S01,K0031,饮料,2,61.14
2026-07-29 22:50,S01,K0016,饮料,3,7.98
2026-07-29 23:13,S01,K0007,乳品,2,47.6
2026-07-29 23:26,S01,K0007,乳品,1,47.6
2026-07-29 23:12,S01,K0007,乳品,2,47.6
2026-07-29 22:49,S01,K0010,鲜食,1,21.86
2026-07-29 23:31,S01,K0017,乳品,1,33.63
2026-07-30 00:10,S01,K0019,日化,2,5.97
2026-07-30 00:10,S01,K0004,日化,2,19.17
2026-07-30 00:36,S01,K0033,零食,3,25.55
2026-07-30 00:26,S01,K0037,乳品,3,5.55
2026-07-30 01:29,S01,K0026,饮料,2,34.14
2026-07-30 01:21,S01,K0034,日化,2,4.47
2026-07-30 01:13,S01,K0020,鲜食,1,12.18
2026-07-30 00:49,S01,K0014,日化,1,50.68
2026-07-30 01:22,S01,K0016,饮料,1,7.98
2026-07-30 02:26,S01,K0002,乳品,1,7.9
2026-07-30 02:09,S01,K0015,鲜食,1,27.78
2026-07-30 03:20,S01,K0002,乳品,3,7.9
2026-07-30 03:17,S01,K0007,乳品,3,47.6
2026-07-30 03:06,S01,K0021,饮料,2,60.24
2026-07-30 03:21,S01,K0010,鲜食,3,43.72
2026-07-30 03:11,S01,K0013,零食,1,57.58
2026-07-30 04:10,S01,K0010,鲜食,1,43.72
2026-07-30 04:29,S01,K0021,饮料,2,30.12
2026-07-30 03:59,S01,K0001,饮料,1,16.5
2026-07-30 03:57,S01,K0003,零食,1,20.0
2026-07-30 05:13,S01,K0024,日化,3,52.7
2026-07-30 05:43,S01,K0029,日化,1,29.54
2026-07-30 06:31,S01,K0006,饮料,2,9.36
2026-07-30 05:55,S01,K0017,乳品,3,33.63
2026-07-30 06:45,S01,K0033,零食,1,51.1
2026-07-30 06:15,S01,K0005,鲜食,2,7.7
2026-07-30 07:40,S01,K0035,鲜食,1,10.29
2026-07-30 07:26,S01,K0014,日化,1,50.68
2026-07-30 08:20,S01,K0018,零食,3,13.77
2026-07-30 08:24,S01,K0038,零食,2,10.45
2026-07-30 07:54,S01,K0027,乳品,2,15.11
2026-07-30 08:14,S01,K0031,饮料,3,61.14
2026-07-30 09:08,S01,K0019,日化,2,5.97
2026-07-30 08:58,S01,K0001,饮料,1,33.0
2026-07-30 08:58,S01,K0036,饮料,2,24.52
2026-07-30 09:35,S01,K0013,零食,1,28.79
2026-07-30 09:04,S01,K0030,鲜食,2,22.79
2026-07-30 09:12,S01,K0020,鲜食,1,6.09
2026-07-30 09:42,S01,K0005,鲜食,1,3.85
2026-07-30 09:13,S01,K0010,鲜食,3,43.72
2026-07-30 09:40,S01,K0038,零食,1,20.9
2026-07-30 09:27,S01,K0008,零食,1,40.88
2026-07-30 09:54,S01,K0025,鲜食,1,40.32
2026-07-30 10:48,S01,K0030,鲜食,1,22.79
2026-07-30 11:40,S01,K0038,零食,3,10.45
2026-07-30 11:43,S01,K0021,饮料,2,30.12
2026-07-30 11:35,S01,K0020,鲜食,2,12.18
2026-07-30 11:53,S01,K0019,日化,1,5.97
2026-07-30 11:54,S01,K0017,乳品,2,33.63
2026-07-30 12:37,S01,K0013,零食,1,28.79
2026-07-30 13:29,S01,K0036,饮料,1,24.52
2026-07-30 13:10,S01,K0001,饮料,1,16.5
2026-07-30 14:29,S01,K0021,饮料,1,60.24
2026-07-30 14:31,S01,K0038,零食,1,20.9
2026-07-30 14:17,S01,K0020,鲜食,1,12.18
2026-07-29 22:25,S02,K0001,饮料,3,33.0
2026-07-29 22:40,S02,K0004,日化,2,38.34
2026-07-29 22:07,S02,K0007,乳品,3,47.6
2026-07-29 22:02,S02,K0034,日化,1,4.47
2026-07-29 21:55,S02,K0013,零食,2,57.58
2026-07-29 23:09,S02,K0018,零食,2,13.77
2026-07-29 23:18,S02,K0010,鲜食,2,43.72
2026-07-29 23:06,S02,K0039,日化,1,12.46
2026-07-29 22:50,S02,K0018,零食,1,13.77
2026-07-29 23:05,S02,K0029,日化,2,59.08
2026-07-30 00:03,S02,K0039,日化,1,6.23
2026-07-30 00:14,S02,K0015,鲜食,3,27.78
2026-07-30 01:41,S02,K0012,乳品,3,6.42
2026-07-30 00:53,S02,K0020,鲜食,1,12.18
2026-07-30 01:59,S02,K0015,鲜食,2,27.78
2026-07-30 02:03,S02,K0023,零食,1,28.83
2026-07-30 03:48,S02,K0032,乳品,2,21.48
2026-07-30 03:32,S02,K0006,饮料,1,9.36
2026-07-30 03:23,S02,K0002,乳品,3,7.9
2026-07-30 03:07,S02,K0022,乳品,2,22.32
2026-07-30 04:03,S02,K0021,饮料,2,30.12
2026-07-30 04:48,S02,K0025,鲜食,2,20.16
2026-07-30 04:06,S02,K0004,日化,2,38.34
2026-07-30 05:18,S02,K0026,饮料,3,68.28
2026-07-30 05:13,S02,K0036,饮料,3,24.52
2026-07-30 05:05,S02,K0033,零食,3,25.55
2026-07-30 04:49,S02,K0030,鲜食,3,22.79
2026-07-30 05:50,S02,K0007,乳品,1,47.6
2026-07-30 05:49,S02,K0030,鲜食,1,45.58
2026-07-30 06:37,S02,K0032,乳品,1,42.96
2026-07-30 07:47,S02,K0037,乳品,2,5.55
2026-07-30 07:41,S02,K0013,零食,1,57.58
2026-07-30 06:55,S02,K0034,日化,1,4.47
2026-07-30 08:25,S02,K0007,乳品,3,47.6
2026-07-30 07:51,S02,K0004,日化,2,19.17
2026-07-30 08:48,S02,K0011,饮料,1,57.8
2026-07-30 08:54,S02,K0019,日化,2,11.94
2026-07-30 09:16,S02,K0038,零食,2,20.9
2026-07-30 09:03,S02,K0015,鲜食,1,27.78
2026-07-30 09:35,S02,K0037,乳品,2,11.1
2026-07-30 10:03,S02,K0011,饮料,3,28.9
2026-07-30 10:38,S02,K0031,饮料,3,30.57
2026-07-30 10:35,S02,K0014,日化,1,50.68
2026-07-30 10:47,S02,K0016,饮料,1,7.98
2026-07-30 11:33,S02,K0040,鲜食,3,11.9
2026-07-30 11:29,S02,K0025,鲜食,2,40.32
2026-07-30 11:35,S02,K0014,日化,2,25.34
2026-07-30 11:19,S02,K0040,鲜食,3,23.8
2026-07-30 12:18,S02,K0007,乳品,1,47.6
2026-07-30 12:33,S02,K0028,零食,1,41.34
2026-07-30 13:34,S02,K0032,乳品,3,21.48
2026-07-30 13:39,S02,K0013,零食,3,57.58
2026-07-30 13:13,S02,K0034,日化,2,4.47
2026-07-30 12:58,S02,K0040,鲜食,2,23.8
2026-07-30 14:31,S02,K0030,鲜食,1,45.58
2026-07-30 14:48,S02,K0006,饮料,1,18.72
2026-07-30 14:01,S02,K0037,乳品,1,11.1
2026-07-30 14:13,S02,K0039,日化,2,6.23
2026-07-29 22:12,S03,K0001,饮料,2,16.5
2026-07-29 22:44,S03,K0031,饮料,1,61.14
2026-07-29 22:13,S03,K0008,零食,1,40.88
2026-07-29 22:14,S03,K0002,乳品,3,3.95
2026-07-29 23:41,S03,K0014,日化,3,50.68
2026-07-29 22:55,S03,K0001,饮料,2,33.0
2026-07-29 23:20,S03,K0024,日化,1,26.35
2026-07-30 01:36,S03,K0026,饮料,3,34.14
2026-07-30 01:09,S03,K0024,日化,1,26.35
2026-07-30 00:50,S03,K0022,乳品,1,44.64
2026-07-30 01:52,S03,K0001,饮料,3,16.5
2026-07-30 02:31,S03,K0008,零食,3,20.44
2026-07-30 03:16,S03,K0021,饮料,1,60.24
2026-07-30 04:05,S03,K0036,饮料,2,12.26
2026-07-30 03:54,S03,K0009,日化,1,10.05
2026-07-30 04:32,S03,K0004,日化,3,19.17
2026-07-30 05:43,S03,K0034,日化,2,8.94
2026-07-30 05:57,S03,K0031,饮料,1,30.57
2026-07-30 07:29,S03,K0016,饮料,2,15.96
2026-07-30 07:35,S03,K0021,饮料,2,30.12
2026-07-30 06:57,S03,K0039,日化,1,6.23
2026-07-30 07:50,S03,K0009,日化,2,10.05
2026-07-30 08:22,S03,K0006,饮料,3,18.72
2026-07-30 09:19,S03,K0008,零食,2,20.44
2026-07-30 09:15,S03,K0013,零食,2,28.79
2026-07-30 09:27,S03,K0028,零食,1,41.34
2026-07-30 10:09,S03,K0013,零食,3,28.79
2026-07-30 09:49,S03,K0018,零食,1,13.77
2026-07-30 11:39,S03,K0009,日化,3,10.05
2026-07-30 11:40,S03,K0026,饮料,2,34.14
2026-07-30 11:13,S03,K0012,乳品,1,6.42
2026-07-30 11:05,S03,K0038,零食,3,20.9
2026-07-30 12:15,S03,K0040,鲜食,2,23.8
2026-07-30 13:40,S03,K0016,饮料,3,15.96
2026-07-30 12:53,S03,K0008,零食,2,20.44
2026-07-30 14:16,S03,K0003,零食,2,10.0
2026-07-30 14:34,S03,K0039,日化,3,6.23
2026-07-29 22:20,S04,K0036,饮料,2,12.26
2026-07-29 22:09,S04,K0022,乳品,3,44.64
2026-07-29 22:32,S04,K0039,日化,3,6.23
2026-07-29 22:33,S04,K0025,鲜食,1,40.32
2026-07-29 22:19,S04,K0034,日化,3,4.47
2026-07-29 22:48,S04,K0011,饮料,2,28.9
2026-07-29 21:50,S04,K0010,鲜食,3,43.72
2026-07-29 23:18,S04,K0016,饮料,1,7.98
2026-07-29 23:00,S04,K0027,乳品,3,30.22
2026-07-29 23:35,S04,K0026,饮料,1,34.14
2026-07-29 23:01,S04,K0010,鲜食,2,43.72
2026-07-29 23:23,S04,K0005,鲜食,1,3.85
2026-07-29 23:09,S04,K0040,鲜食,2,23.8
2026-07-29 23:38,S04,K0030,鲜食,1,45.58
2026-07-29 23:01,S04,K0037,乳品,3,11.1
2026-07-30 00:09,S04,K0038,零食,2,10.45
2026-07-30 00:30,S04,K0037,乳品,1,11.1
2026-07-30 00:06,S04,K0029,日化,3,29.54
2026-07-29 23:53,S04,K0005,鲜食,2,3.85
2026-07-30 00:48,S04,K0026,饮料,2,34.14
2026-07-30 01:16,S04,K0034,日化,1,8.94
2026-07-30 01:30,S04,K0026,饮料,2,68.28
2026-07-30 00:55,S04,K0007,乳品,1,47.6
2026-07-30 02:02,S04,K0011,饮料,1,28.9
2026-07-30 02:23,S04,K0001,饮料,1,33.0
2026-07-30 02:04,S04,K0026,饮料,1,34.14
2026-07-30 01:59,S04,K0037,乳品,3,11.1
2026-07-30 03:18,S04,K0033,零食,1,25.55
2026-07-30 02:51,S04,K0008,零食,2,20.44
2026-07-30 02:59,S04,K0006,饮料,3,18.72
2026-07-30 03:34,S04,K0015,鲜食,2,27.78
2026-07-30 04:11,S04,K0035,鲜食,1,10.29
2026-07-30 04:19,S04,K0001,饮料,1,16.5
2026-07-30 04:28,S04,K0005,鲜食,2,3.85
2026-07-30 04:07,S04,K0036,饮料,1,24.52
2026-07-30 04:42,S04,K0017,乳品,3,33.63
2026-07-30 04:32,S04,K0028,零食,3,20.67
2026-07-30 05:33,S04,K0040,鲜食,2,11.9
2026-07-30 05:09,S04,K0026,饮料,1,34.14
2026-07-30 05:35,S04,K0040,鲜食,3,23.8
2026-07-30 05:10,S04,K0023,零食,1,28.83
2026-07-30 05:12,S04,K0002,乳品,1,3.95
2026-07-30 06:08,S04,K0040,鲜食,3,23.8
2026-07-30 05:57,S04,K0009,日化,2,10.05
2026-07-30 06:49,S04,K0004,日化,1,38.34
2026-07-30 07:17,S04,K0001,饮料,1,16.5
2026-07-30 07:09,S04,K0016,饮料,1,7.98
2026-07-30 08:34,S04,K0001,饮料,1,33.0
2026-07-30 08:45,S04,K0010,鲜食,3,43.72
2026-07-30 08:18,S04,K0013,零食,2,28.79
2026-07-30 09:16,S04,K0008,零食,3,20.44
2026-07-30 08:50,S04,K0036,饮料,3,12.26
2026-07-30 09:34,S04,K0027,乳品,2,15.11
2026-07-30 09:16,S04,K0008,零食,2,40.88
2026-07-30 09:19,S04,K0036,饮料,3,24.52
2026-07-30 09:04,S04,K0001,饮料,1,16.5
2026-07-30 09:12,S04,K0017,乳品,2,67.26
2026-07-30 08:50,S04,K0005,鲜食,2,3.85
2026-07-30 09:14,S04,K0028,零食,2,41.34
2026-07-30 08:50,S04,K0001,饮料,3,33.0
2026-07-30 09:39,S04,K0019,日化,3,11.94
2026-07-30 09:55,S04,K0002,乳品,2,3.95
2026-07-30 10:15,S04,K0032,乳品,2,21.48
2026-07-30 10:15,S04,K0038,零食,3,10.45
2026-07-30 09:49,S04,K0034,日化,3,4.47
2026-07-30 09:55,S04,K0019,日化,1,11.94
2026-07-30 10:09,S04,K0001,饮料,1,33.0
2026-07-30 10:25,S04,K0040,鲜食,3,23.8
2026-07-30 10:35,S04,K0007,乳品,3,23.8
2026-07-30 10:10,S04,K0008,零食,1,40.88
2026-07-30 09:59,S04,K0024,日化,3,26.35
2026-07-30 11:31,S04,K0009,日化,3,10.05
2026-07-30 11:21,S04,K0021,饮料,3,30.12
2026-07-30 11:30,S04,K0030,鲜食,2,45.58
2026-07-30 11:11,S04,K0016,饮料,2,7.98
2026-07-30 12:14,S04,K0032,乳品,1,42.96
2026-07-30 12:27,S04,K0013,零食,2,28.79
2026-07-30 11:54,S04,K0007,乳品,1,47.6
2026-07-30 12:41,S04,K0011,饮料,2,57.8
2026-07-30 13:18,S04,K0012,乳品,2,3.21
2026-07-30 12:51,S04,K0026,饮料,1,34.14
2026-07-30 13:06,S04,K0029,日化,3,29.54
2026-07-30 12:50,S04,K0016,饮料,2,15.96
2026-07-30 13:46,S04,K0035,鲜食,3,10.29
2026-07-30 14:42,S04,K0008,零食,3,40.88
2026-07-30 14:40,S04,K0005,鲜食,2,3.85
2026-07-30 14:27,S04,K0012,乳品,1,6.42
2026-07-30 14:33,S04,K0022,乳品,2,44.64
2026-07-30 14:45,S04,K0039,日化,1,6.23
2026-07-29 22:25,S05,K0023,零食,2,57.66
2026-07-29 22:17,S05,K0021,饮料,2,30.12
2026-07-29 22:32,S05,K0007,乳品,1,47.6
2026-07-29 22:40,S05,K0038,零食,3,10.45
2026-07-29 23:37,S05,K0020,鲜食,2,12.18
2026-07-29 22:58,S05,K0027,乳品,2,30.22
2026-07-29 23:54,S05,K0007,乳品,2,23.8
2026-07-30 00:25,S05,K0036,饮料,2,24.52
2026-07-30 00:40,S05,K0003,零食,1,20.0
2026-07-30 01:00,S05,K0011,饮料,1,28.9
2026-07-30 01:13,S05,K0013,零食,3,57.58
2026-07-30 00:49,S05,K0004,日化,3,19.17
2026-07-30 01:18,S05,K0018,零食,2,13.77
2026-07-30 02:29,S05,K0033,零食,3,25.55
2026-07-30 02:32,S05,K0001,饮料,2,33.0
2026-07-30 03:36,S05,K0007,乳品,1,23.8
2026-07-30 03:27,S05,K0037,乳品,3,11.1
2026-07-30 03:45,S05,K0037,乳品,3,5.55
2026-07-30 02:55,S05,K0030,鲜食,3,45.58
2026-07-30 03:48,S05,K0026,饮料,1,34.14
2026-07-30 04:32,S05,K0034,日化,2,8.94
2026-07-30 04:21,S05,K0010,鲜食,2,43.72
2026-07-30 04:30,S05,K0033,零食,1,51.1
2026-07-30 05:18,S05,K0037,乳品,2,5.55
2026-07-30 05:34,S05,K0004,日化,3,19.17
2026-07-30 06:19,S05,K0001,饮料,1,33.0
2026-07-30 06:07,S05,K0038,零食,3,20.9
2026-07-30 06:09,S05,K0018,零食,2,27.54
2026-07-30 06:06,S05,K0020,鲜食,1,6.09
2026-07-30 07:26,S05,K0026,饮料,1,68.28
2026-07-30 07:13,S05,K0009,日化,3,20.1
2026-07-30 07:30,S05,K0019,日化,1,11.94
2026-07-30 08:25,S05,K0023,零食,1,57.66
2026-07-30 08:48,S05,K0002,乳品,3,7.9
2026-07-30 08:10,S05,K0016,饮料,3,7.98
2026-07-30 09:10,S05,K0034,日化,3,4.47
2026-07-30 09:40,S05,K0030,鲜食,3,45.58
2026-07-30 09:21,S05,K0024,日化,2,52.7
2026-07-30 09:37,S05,K0033,零食,1,51.1
2026-07-30 09:15,S05,K0022,乳品,3,22.32
2026-07-30 09:19,S05,K0025,鲜食,3,40.32
2026-07-30 10:08,S05,K0014,日化,3,25.34
2026-07-30 10:42,S05,K0032,乳品,3,21.48
2026-07-30 10:17,S05,K0004,日化,3,19.17
2026-07-30 10:18,S05,K0030,鲜食,2,22.79
2026-07-30 10:09,S05,K0013,零食,3,28.79
2026-07-30 10:20,S05,K0001,饮料,3,16.5
2026-07-30 10:26,S05,K0025,鲜食,1,20.16
2026-07-30 10:01,S05,K0013,零食,3,57.58
2026-07-30 11:04,S05,K0001,饮料,1,33.0
2026-07-30 11:26,S05,K0038,零食,3,20.9
2026-07-30 11:24,S05,K0009,日化,2,10.05
2026-07-30 11:03,S05,K0012,乳品,1,3.21
2026-07-30 12:09,S05,K0026,饮料,1,34.14
2026-07-30 12:04,S05,K0030,鲜食,2,45.58
2026-07-30 12:07,S05,K0008,零食,3,40.88
2026-07-30 12:05,S05,K0010,鲜食,3,21.86
2026-07-30 12:57,S05,K0009,日化,1,20.1
2026-07-30 13:20,S05,K0031,饮料,1,61.14
2026-07-30 14:10,S05,K0040,鲜食,1,11.9
2026-07-30 14:09,S05,K0023,零食,2,57.66
2026-07-30 13:51,S05,K0029,日化,1,29.54
2026-07-29 21:56,S06,K0027,乳品,2,30.22
2026-07-29 22:01,S06,K0005,鲜食,2,7.7
2026-07-29 23:25,S06,K0024,日化,2,52.7
2026-07-29 22:56,S06,K0026,饮料,1,34.14
2026-07-29 23:25,S06,K0036,饮料,1,12.26
2026-07-29 23:19,S06,K0010,鲜食,3,21.86
2026-07-29 23:50,S06,K0021,饮料,2,60.24
2026-07-30 00:46,S06,K0007,乳品,1,23.8
2026-07-30 00:47,S06,K0010,鲜食,3,21.86
2026-07-30 01:13,S06,K0024,日化,2,52.7
2026-07-30 01:24,S06,K0027,乳品,3,30.22
2026-07-30 02:48,S06,K0001,饮料,2,33.0
2026-07-30 02:09,S06,K0024,日化,2,52.7
2026-07-30 03:15,S06,K0009,日化,1,20.1
2026-07-30 02:49,S06,K0028,零食,2,41.34
2026-07-30 04:27,S06,K0035,鲜食,3,20.58
2026-07-30 04:03,S06,K0014,日化,3,25.34
2026-07-30 04:15,S06,K0032,乳品,1,21.48
2026-07-30 04:32,S06,K0017,乳品,2,33.63
2026-07-30 04:22,S06,K0002,乳品,1,3.95
2026-07-30 05:13,S06,K0037,乳品,3,5.55
2026-07-30 05:45,S06,K0028,零食,3,20.67
2026-07-30 05:32,S06,K0012,乳品,1,3.21
2026-07-30 06:17,S06,K0037,乳品,2,11.1
2026-07-30 06:14,S06,K0002,乳品,1,7.9
2026-07-30 07:30,S06,K0028,零食,2,20.67
2026-07-30 07:10,S06,K0005,鲜食,3,3.85
2026-07-30 07:52,S06,K0003,零食,1,10.0
2026-07-30 08:08,S06,K0017,乳品,3,33.63
2026-07-30 09:27,S06,K0028,零食,2,20.67
2026-07-30 09:13,S06,K0008,零食,1,20.44
2026-07-30 09:30,S06,K0036,饮料,1,12.26
2026-07-30 09:26,S06,K0015,鲜食,3,13.89
2026-07-30 08:59,S06,K0039,日化,3,12.46
2026-07-30 09:56,S06,K0010,鲜食,1,43.72
2026-07-30 09:50,S06,K0015,鲜食,2,13.89
2026-07-30 10:00,S06,K0011,饮料,2,28.9
2026-07-30 10:46,S06,K0004,日化,3,19.17
2026-07-30 10:21,S06,K0010,鲜食,1,43.72
2026-07-30 10:36,S06,K0029,日化,2,29.54
2026-07-30 11:09,S06,K0004,日化,2,38.34
2026-07-30 11:36,S06,K0032,乳品,3,42.96
2026-07-30 11:46,S06,K0011,饮料,3,28.9
2026-07-30 11:14,S06,K0004,日化,1,19.17
2026-07-30 11:33,S06,K0011,饮料,3,28.9
2026-07-30 12:15,S06,K0011,饮料,3,28.9
2026-07-30 12:05,S06,K0019,日化,2,11.94
2026-07-30 13:26,S06,K0033,零食,2,25.55
2026-07-30 13:20,S06,K0018,零食,2,13.77
2026-07-30 13:15,S06,K0037,乳品,3,5.55
2026-07-30 14:17,S06,K0017,乳品,1,67.26
2026-07-30 14:00,S06,K0022,乳品,2,44.64
2026-07-30 14:17,S06,K0014,日化,3,50.68
2026-07-29 22:20,S07,K0031,饮料,3,61.14
2026-07-29 22:17,S07,K0001,饮料,1,33.0
2026-07-29 22:09,S07,K0027,乳品,2,30.22
2026-07-29 22:38,S07,K0030,鲜食,1,45.58
2026-07-29 21:58,S07,K0006,饮料,3,18.72
2026-07-29 22:23,S07,K0010,鲜食,2,21.86
2026-07-29 22:52,S07,K0034,日化,3,4.47
2026-07-29 23:39,S07,K0033,零食,1,51.1
2026-07-29 23:34,S07,K0005,鲜食,3,7.7
2026-07-29 22:56,S07,K0017,乳品,2,33.63
2026-07-29 23:10,S07,K0001,饮料,1,33.0
2026-07-29 23:30,S07,K0005,鲜食,3,7.7
2026-07-29 23:10,S07,K0003,零食,2,20.0
2026-07-29 23:21,S07,K0035,鲜食,1,10.29
2026-07-30 00:13,S07,K0026,饮料,2,68.28
2026-07-30 00:42,S07,K0037,乳品,2,5.55
2026-07-30 01:26,S07,K0030,鲜食,3,22.79
2026-07-30 01:45,S07,K0008,零食,1,40.88
2026-07-30 01:24,S07,K0009,日化,3,20.1
2026-07-30 02:32,S07,K0024,日化,3,52.7
2026-07-30 02:42,S07,K0006,饮料,2,9.36
2026-07-30 02:25,S07,K0006,饮料,3,9.36
2026-07-30 02:50,S07,K0036,饮料,3,24.52
2026-07-30 03:48,S07,K0001,饮料,3,16.5
2026-07-30 02:49,S07,K0031,饮料,3,61.14
2026-07-30 03:44,S07,K0032,乳品,1,42.96
2026-07-30 02:51,S07,K0011,饮料,2,57.8
2026-07-30 03:35,S07,K0007,乳品,1,47.6
2026-07-30 04:07,S07,K0004,日化,1,19.17
2026-07-30 04:24,S07,K0028,零食,3,41.34
2026-07-30 04:27,S07,K0029,日化,2,59.08
2026-07-30 04:30,S07,K0010,鲜食,2,43.72
2026-07-30 04:31,S07,K0006,饮料,1,18.72
2026-07-30 03:54,S07,K0005,鲜食,1,3.85
2026-07-30 04:52,S07,K0031,饮料,1,61.14
2026-07-30 05:36,S07,K0036,饮料,2,12.26
2026-07-30 06:12,S07,K0001,饮料,1,16.5
2026-07-30 06:31,S07,K0023,零食,2,57.66
2026-07-30 06:32,S07,K0011,饮料,3,28.9
2026-07-30 06:54,S07,K0003,零食,1,10.0
2026-07-30 07:46,S07,K0040,鲜食,2,23.8
2026-07-30 07:39,S07,K0040,鲜食,3,23.8
2026-07-30 08:32,S07,K0030,鲜食,3,45.58
2026-07-30 08:44,S07,K0015,鲜食,3,27.78
2026-07-30 08:27,S07,K0021,饮料,3,60.24
2026-07-30 08:05,S07,K0020,鲜食,1,12.18
2026-07-30 09:31,S07,K0025,鲜食,3,40.32
2026-07-30 08:52,S07,K0011,饮料,2,28.9
2026-07-30 09:07,S07,K0026,饮料,1,68.28
2026-07-30 09:17,S07,K0014,日化,2,25.34
2026-07-30 10:46,S07,K0006,饮料,1,9.36
2026-07-30 10:48,S07,K0030,鲜食,3,22.79
2026-07-30 10:39,S07,K0029,日化,2,59.08
2026-07-30 10:38,S07,K0037,乳品,3,11.1
2026-07-30 10:23,S07,K0025,鲜食,1,40.32
2026-07-30 10:42,S07,K0001,饮料,3,33.0
2026-07-30 10:20,S07,K0022,乳品,1,44.64
2026-07-30 11:31,S07,K0039,日化,1,12.46
2026-07-30 11:08,S07,K0034,日化,3,8.94
2026-07-30 11:21,S07,K0034,日化,1,8.94
2026-07-30 11:26,S07,K0018,零食,3,13.77
2026-07-30 10:52,S07,K0033,零食,1,51.1
2026-07-30 11:14,S07,K0033,零食,1,51.1
2026-07-30 12:17,S07,K0023,零食,2,57.66
2026-07-30 11:50,S07,K0022,乳品,3,44.64
2026-07-30 13:05,S07,K0012,乳品,2,3.21
2026-07-30 12:58,S07,K0021,饮料,2,30.12
2026-07-30 13:46,S07,K0007,乳品,1,23.8
2026-07-30 14:12,S07,K0034,日化,3,4.47
2026-07-30 14:05,S07,K0035,鲜食,2,20.58
2026-07-29 22:24,S08,K0040,鲜食,3,23.8
2026-07-29 22:03,S08,K0039,日化,1,6.23
2026-07-29 22:11,S08,K0016,饮料,3,15.96
2026-07-29 22:21,S08,K0008,零食,3,20.44
2026-07-29 22:41,S08,K0004,日化,3,38.34
2026-07-29 22:30,S08,K0013,零食,2,28.79
2026-07-29 22:58,S08,K0010,鲜食,3,43.72
2026-07-29 22:58,S08,K0017,乳品,2,67.26
2026-07-29 23:49,S08,K0009,日化,2,20.1
2026-07-30 00:23,S08,K0019,日化,1,11.94
2026-07-30 00:44,S08,K0036,饮料,1,12.26
2026-07-30 00:43,S08,K0005,鲜食,2,7.7
2026-07-30 01:27,S08,K0017,乳品,3,67.26
2026-07-30 01:08,S08,K0029,日化,2,29.54
2026-07-30 01:00,S08,K0019,日化,3,5.97
2026-07-30 00:55,S08,K0030,鲜食,2,45.58
2026-07-30 02:39,S08,K0031,饮料,1,30.57
2026-07-30 02:16,S08,K0017,乳品,1,67.26
2026-07-30 02:20,S08,K0012,乳品,2,3.21
2026-07-30 02:11,S08,K0018,零食,1,13.77
2026-07-30 03:44,S08,K0029,日化,2,59.08
2026-07-30 03:23,S08,K0038,零食,3,20.9
2026-07-30 03:10,S08,K0031,饮料,2,61.14
2026-07-30 03:21,S08,K0022,乳品,2,44.64
2026-07-30 02:53,S08,K0019,日化,1,11.94
2026-07-30 04:47,S08,K0008,零食,3,20.44
2026-07-30 04:33,S08,K0038,零食,1,20.9
2026-07-30 05:27,S08,K0022,乳品,2,22.32
2026-07-30 05:10,S08,K0030,鲜食,3,22.79
2026-07-30 06:02,S08,K0038,零食,2,20.9
2026-07-30 06:22,S08,K0016,饮料,3,7.98
2026-07-30 05:58,S08,K0008,零食,2,40.88
2026-07-30 06:19,S08,K0019,日化,3,5.97
2026-07-30 07:15,S08,K0023,零食,1,28.83
2026-07-30 07:15,S08,K0024,日化,3,52.7
2026-07-30 07:34,S08,K0009,日化,1,10.05
2026-07-30 07:50,S08,K0030,鲜食,3,45.58
2026-07-30 08:28,S08,K0022,乳品,2,22.32
2026-07-30 09:03,S08,K0021,饮料,1,60.24
2026-07-30 08:57,S08,K0003,零食,3,10.0
2026-07-30 09:29,S08,K0029,日化,2,29.54
2026-07-30 08:52,S08,K0016,饮料,1,15.96
2026-07-30 09:40,S08,K0012,乳品,3,6.42
2026-07-30 09:23,S08,K0005,鲜食,2,3.85
2026-07-30 09:08,S08,K0019,日化,2,11.94
2026-07-30 09:01,S08,K0027,乳品,1,15.11
2026-07-30 10:02,S08,K0005,鲜食,3,3.85
2026-07-30 10:23,S08,K0032,乳品,1,42.96
2026-07-30 10:37,S08,K0035,鲜食,1,20.58
2026-07-30 11:09,S08,K0005,鲜食,3,7.7
2026-07-30 11:28,S08,K0023,零食,3,57.66
2026-07-30 11:14,S08,K0033,零食,2,25.55
2026-07-30 11:16,S08,K0023,零食,2,57.66
2026-07-30 11:22,S08,K0006,饮料,1,9.36
2026-07-30 12:32,S08,K0036,饮料,3,12.26
2026-07-30 11:57,S08,K0022,乳品,1,22.32
2026-07-30 12:34,S08,K0034,日化,3,8.94
2026-07-30 12:26,S08,K0028,零食,1,41.34
2026-07-30 13:13,S08,K0018,零食,3,27.54
2026-07-30 13:23,S08,K0012,乳品,3,3.21
2026-07-30 13:07,S08,K0035,鲜食,2,10.29
2026-07-30 12:58,S08,K0022,乳品,1,22.32
2026-07-30 14:42,S08,K0015,鲜食,3,13.89
2026-07-30 14:23,S08,K0040,鲜食,3,23.8
2026-07-29 22:02,S09,K0011,饮料,3,28.9
2026-07-29 22:02,S09,K0002,乳品,2,7.9
2026-07-29 22:57,S09,K0019,日化,2,11.94
2026-07-29 23:13,S09,K0035,鲜食,1,20.58
2026-07-29 23:33,S09,K0035,鲜食,3,20.58
2026-07-29 23:19,S09,K0012,乳品,1,6.42
2026-07-29 22:50,S09,K0025,鲜食,3,20.16
2026-07-30 00:21,S09,K0001,饮料,2,33.0
2026-07-30 00:03,S09,K0036,饮料,2,24.52
2026-07-30 01:15,S09,K0001,饮料,1,16.5
2026-07-30 01:06,S09,K0015,鲜食,3,27.78
2026-07-30 02:04,S09,K0031,饮料,2,61.14
2026-07-30 02:01,S09,K0012,乳品,3,3.21
2026-07-30 02:20,S09,K0029,日化,3,29.54
2026-07-30 03:10,S09,K0017,乳品,1,67.26
2026-07-30 03:11,S09,K0034,日化,3,8.94
2026-07-30 03:57,S09,K0004,日化,2,19.17
2026-07-30 03:59,S09,K0009,日化,3,20.1
2026-07-30 04:48,S09,K0029,日化,1,59.08
2026-07-30 04:51,S09,K0017,乳品,3,33.63
2026-07-30 05:10,S09,K0022,乳品,2,44.64
2026-07-30 06:27,S09,K0034,日化,3,4.47
2026-07-30 06:39,S09,K0038,零食,2,20.9
2026-07-30 06:07,S09,K0003,零食,1,10.0
2026-07-30 07:24,S09,K0031,饮料,3,30.57
2026-07-30 07:39,S09,K0024,日化,3,52.7
2026-07-30 07:14,S09,K0019,日化,3,11.94
2026-07-30 08:14,S09,K0034,日化,2,8.94
2026-07-30 07:49,S09,K0039,日化,2,12.46
2026-07-30 09:36,S09,K0017,乳品,3,67.26
2026-07-30 09:36,S09,K0032,乳品,1,21.48
2026-07-30 09:34,S09,K0012,乳品,1,3.21
2026-07-30 09:07,S09,K0011,饮料,3,57.8
2026-07-30 09:23,S09,K0023,零食,2,57.66
2026-07-30 08:49,S09,K0002,乳品,3,7.9
2026-07-30 10:32,S09,K0016,饮料,3,15.96
2026-07-30 10:26,S09,K0021,饮料,3,60.24
2026-07-30 10:15,S09,K0011,饮料,2,28.9
2026-07-30 10:50,S09,K0027,乳品,3,30.22
2026-07-30 10:52,S09,K0014,日化,1,25.34
2026-07-30 11:03,S09,K0004,日化,1,19.17
2026-07-30 11:04,S09,K0008,零食,3,40.88
2026-07-30 11:44,S09,K0006,饮料,2,9.36
2026-07-30 12:11,S09,K0016,饮料,2,7.98
2026-07-30 12:46,S09,K0021,饮料,3,30.12
2026-07-30 13:32,S09,K0035,鲜食,1,10.29
2026-07-30 13:41,S09,K0024,日化,1,26.35
2026-07-30 14:42,S09,K0018,零食,1,27.54
2026-07-30 14:18,S09,K0026,饮料,1,34.14
2026-07-30 14:20,S09,K0029,日化,1,59.08
2026-07-29 22:48,S10,K0021,饮料,2,60.24
2026-07-29 22:16,S10,K0039,日化,3,12.46
2026-07-29 22:33,S10,K0030,鲜食,3,45.58
2026-07-29 23:10,S10,K0032,乳品,3,42.96
2026-07-29 23:25,S10,K0040,鲜食,2,23.8
2026-07-29 23:46,S10,K0002,乳品,2,7.9
2026-07-29 23:33,S10,K0016,饮料,3,15.96
2026-07-29 23:25,S10,K0009,日化,3,10.05
2026-07-29 22:56,S10,K0029,日化,2,59.08
2026-07-29 23:46,S10,K0019,日化,1,5.97
2026-07-30 00:33,S10,K0011,饮料,2,28.9
2026-07-29 23:58,S10,K0024,日化,1,52.7
2026-07-30 00:30,S10,K0034,日化,3,4.47
2026-07-30 00:14,S10,K0005,鲜食,3,7.7
2026-07-30 01:28,S10,K0005,鲜食,3,3.85
2026-07-30 01:08,S10,K0006,饮料,2,18.72
2026-07-30 02:09,S10,K0019,日化,1,5.97
2026-07-30 01:51,S10,K0014,日化,3,25.34
2026-07-30 02:29,S10,K0031,饮料,2,61.14
2026-07-30 02:01,S10,K0030,鲜食,1,22.79
2026-07-30 03:01,S10,K0004,日化,3,38.34
2026-07-30 03:00,S10,K0016,饮料,3,7.98
2026-07-30 03:36,S10,K0011,饮料,2,57.8
2026-07-30 03:36,S10,K0001,饮料,3,16.5
2026-07-30 03:01,S10,K0038,零食,2,10.45
2026-07-30 03:30,S10,K0019,日化,1,11.94
2026-07-30 04:40,S10,K0012,乳品,3,3.21
2026-07-30 04:46,S10,K0036,饮料,1,24.52
2026-07-30 04:11,S10,K0011,饮料,2,57.8
2026-07-30 05:07,S10,K0002,乳品,2,7.9
2026-07-30 04:57,S10,K0006,饮料,3,9.36
2026-07-30 06:08,S10,K0021,饮料,2,30.12
2026-07-30 06:24,S10,K0006,饮料,3,9.36
2026-07-30 06:02,S10,K0008,零食,2,20.44
2026-07-30 07:34,S10,K0033,零食,2,51.1
2026-07-30 07:01,S10,K0005,鲜食,1,7.7
2026-07-30 07:46,S10,K0012,乳品,2,6.42
2026-07-30 07:15,S10,K0035,鲜食,1,10.29
2026-07-30 08:07,S10,K0016,饮料,1,7.98
2026-07-30 07:58,S10,K0008,零食,1,20.44
2026-07-30 07:54,S10,K0040,鲜食,3,11.9
2026-07-30 07:54,S10,K0033,零食,1,25.55
2026-07-30 08:07,S10,K0006,饮料,3,18.72
2026-07-30 08:59,S10,K0003,零食,3,10.0
2026-07-30 09:23,S10,K0036,饮料,3,12.26
2026-07-30 09:13,S10,K0038,零食,3,20.9
2026-07-30 09:40,S10,K0020,鲜食,2,6.09
2026-07-30 08:56,S10,K0013,零食,3,28.79
2026-07-30 09:44,S10,K0037,乳品,3,5.55
2026-07-30 08:58,S10,K0033,零食,1,25.55
2026-07-30 09:09,S10,K0013,零食,2,28.79
2026-07-30 09:17,S10,K0007,乳品,1,23.8
2026-07-30 09:45,S10,K0028,零食,3,41.34
2026-07-30 10:08,S10,K0004,日化,3,19.17
2026-07-30 09:54,S10,K0031,饮料,1,30.57
2026-07-30 10:46,S10,K0036,饮料,3,12.26
2026-07-30 09:56,S10,K0040,鲜食,3,23.8
2026-07-30 09:51,S10,K0019,日化,2,5.97
2026-07-30 10:04,S10,K0008,零食,3,20.44
2026-07-30 09:50,S10,K0011,饮料,1,57.8
2026-07-30 10:26,S10,K0017,乳品,2,67.26
2026-07-30 10:20,S10,K0002,乳品,1,7.9
2026-07-30 11:38,S10,K0031,饮料,2,61.14
2026-07-30 11:41,S10,K0004,日化,3,38.34
2026-07-30 11:11,S10,K0030,鲜食,3,22.79
2026-07-30 11:34,S10,K0023,零食,3,57.66
2026-07-30 11:03,S10,K0010,鲜食,1,43.72
2026-07-30 10:56,S10,K0014,日化,2,25.34
2026-07-30 11:31,S10,K0013,零食,2,28.79
2026-07-30 11:30,S10,K0006,饮料,3,9.36
2026-07-30 11:38,S10,K0021,饮料,3,60.24
2026-07-30 11:01,S10,K0002,乳品,3,7.9
2026-07-30 12:16,S10,K0004,日化,2,38.34
2026-07-30 11:49,S10,K0002,乳品,2,7.9
2026-07-30 12:47,S10,K0026,饮料,3,68.28
2026-07-30 13:04,S10,K0039,日化,3,6.23
2026-07-30 13:02,S10,K0016,饮料,3,15.96
2026-07-30 12:50,S10,K0004,日化,2,19.17
2026-07-30 13:22,S10,K0021,饮料,1,30.12
2026-07-30 13:20,S10,K0038,零食,1,20.9
2026-07-30 14:15,S10,K0036,饮料,1,12.26
2026-07-30 14:02,S10,K0012,乳品,2,3.21
2026-07-29 22:10,S11,K0026,饮料,3,68.28
2026-07-29 22:07,S11,K0019,日化,3,5.97
2026-07-29 23:04,S11,K0011,饮料,2,57.8
2026-07-29 23:35,S11,K0039,日化,1,12.46
2026-07-29 22:58,S11,K0012,乳品,3,6.42
2026-07-29 23:42,S11,K0035,鲜食,3,10.29
2026-07-29 23:24,S11,K0024,日化,2,52.7
2026-07-29 23:09,S11,K0023,零食,1,28.83
2026-07-30 00:46,S11,K0008,零食,3,40.88
2026-07-30 00:02,S11,K0002,乳品,2,3.95
2026-07-30 00:16,S11,K0016,饮料,2,7.98
2026-07-30 00:34,S11,K0036,饮料,2,12.26
2026-07-30 01:42,S11,K0037,乳品,3,5.55
2026-07-30 01:04,S11,K0010,鲜食,3,21.86
2026-07-30 01:05,S11,K0003,零食,3,10.0
2026-07-30 02:17,S11,K0017,乳品,2,67.26
2026-07-30 02:15,S11,K0027,乳品,2,30.22
2026-07-30 02:34,S11,K0031,饮料,2,30.57
2026-07-30 03:20,S11,K0015,鲜食,1,13.89
2026-07-30 03:14,S11,K0003,零食,1,10.0
2026-07-30 03:10,S11,K0030,鲜食,2,22.79
2026-07-30 03:17,S11,K0037,乳品,2,11.1
2026-07-30 02:56,S11,K0003,零食,2,20.0
2026-07-30 03:49,S11,K0020,鲜食,3,6.09
2026-07-30 04:36,S11,K0008,零食,2,40.88
2026-07-30 04:12,S11,K0006,饮料,2,9.36
2026-07-30 03:56,S11,K0035,鲜食,3,20.58
2026-07-30 04:33,S11,K0014,日化,2,25.34
2026-07-30 04:15,S11,K0005,鲜食,3,7.7
2026-07-30 05:08,S11,K0007,乳品,2,23.8
2026-07-30 05:45,S11,K0013,零食,2,28.79
2026-07-30 06:27,S11,K0034,日化,1,8.94
2026-07-30 06:39,S11,K0002,乳品,2,7.9
2026-07-30 07:13,S11,K0018,零食,2,27.54
2026-07-30 07:36,S11,K0012,乳品,2,3.21
2026-07-30 07:21,S11,K0025,鲜食,2,20.16
2026-07-30 07:54,S11,K0029,日化,2,29.54
2026-07-30 08:07,S11,K0013,零食,3,57.58
2026-07-30 08:06,S11,K0021,饮料,2,60.24
2026-07-30 09:39,S11,K0027,乳品,2,15.11
2026-07-30 09:03,S11,K0001,饮料,1,16.5
2026-07-30 09:27,S11,K0006,饮料,2,9.36
2026-07-30 09:20,S11,K0010,鲜食,1,21.86
2026-07-30 09:13,S11,K0034,日化,3,8.94
2026-07-30 09:32,S11,K0018,零食,1,13.77
2026-07-30 09:36,S11,K0029,日化,1,59.08
2026-07-30 10:03,S11,K0034,日化,3,8.94
2026-07-30 10:26,S11,K0004,日化,2,38.34
2026-07-30 10:39,S11,K0002,乳品,3,3.95
2026-07-30 09:50,S11,K0017,乳品,3,33.63
2026-07-30 10:32,S11,K0027,乳品,2,15.11
2026-07-30 09:56,S11,K0035,鲜食,1,10.29
2026-07-30 10:40,S11,K0027,乳品,3,30.22
2026-07-30 10:04,S11,K0002,乳品,2,7.9
2026-07-30 11:01,S11,K0018,零食,3,27.54
2026-07-30 10:51,S11,K0030,鲜食,1,45.58
2026-07-30 11:40,S11,K0012,乳品,2,6.42
2026-07-30 11:10,S11,K0037,乳品,3,5.55
2026-07-30 11:40,S11,K0020,鲜食,1,12.18
2026-07-30 11:07,S11,K0017,乳品,3,67.26
2026-07-30 12:10,S11,K0037,乳品,2,5.55
2026-07-30 12:36,S11,K0006,饮料,3,18.72
2026-07-30 12:43,S11,K0023,零食,2,28.83
2026-07-30 12:59,S11,K0022,乳品,3,22.32
2026-07-30 12:56,S11,K0001,饮料,2,16.5
2026-07-30 13:02,S11,K0029,日化,2,59.08
2026-07-30 14:31,S11,K0038,零食,2,20.9
2026-07-30 14:00,S11,K0038,零食,1,20.9
2026-07-30 14:41,S11,K0008,零食,2,20.44
2026-07-29 22:16,S12,K0011,饮料,2,57.8
2026-07-29 22:32,S12,K0006,饮料,3,9.36
2026-07-29 21:54,S12,K0004,日化,2,19.17
2026-07-29 22:55,S12,K0036,饮料,1,24.52
2026-07-29 23:17,S12,K0022,乳品,2,22.32
2026-07-29 22:51,S12,K0016,饮料,2,15.96
2026-07-29 23:07,S12,K0036,饮料,1,24.52
2026-07-29 23:29,S12,K0012,乳品,3,3.21
2026-07-30 00:38,S12,K0023,零食,1,28.83
2026-07-30 00:19,S12,K0014,日化,1,50.68
2026-07-30 00:44,S12,K0023,零食,2,57.66
2026-07-30 00:52,S12,K0014,日化,1,50.68
2026-07-30 01:13,S12,K0021,饮料,2,60.24
2026-07-30 02:41,S12,K0007,乳品,1,47.6
2026-07-30 02:24,S12,K0034,日化,1,4.47
2026-07-30 02:44,S12,K0034,日化,2,4.47
2026-07-30 03:48,S12,K0005,鲜食,3,3.85
2026-07-30 03:35,S12,K0032,乳品,3,21.48
2026-07-30 03:15,S12,K0008,零食,1,20.44
2026-07-30 03:48,S12,K0020,鲜食,2,12.18
2026-07-30 04:34,S12,K0025,鲜食,3,20.16
2026-07-30 04:26,S12,K0007,乳品,3,23.8
2026-07-30 04:37,S12,K0004,日化,3,38.34
2026-07-30 04:40,S12,K0024,日化,2,26.35
2026-07-30 05:02,S12,K0032,乳品,3,42.96
2026-07-30 05:04,S12,K0012,乳品,2,6.42
2026-07-30 05:24,S12,K0019,日化,3,11.94
2026-07-30 05:52,S12,K0001,饮料,2,16.5
2026-07-30 06:10,S12,K0010,鲜食,1,21.86
2026-07-30 06:48,S12,K0022,乳品,1,22.32
2026-07-30 07:42,S12,K0036,饮料,1,12.26
2026-07-30 07:14,S12,K0011,饮料,2,28.9
2026-07-30 08:15,S12,K0026,饮料,3,34.14
2026-07-30 08:23,S12,K0010,鲜食,2,43.72
2026-07-30 08:24,S12,K0014,日化,1,50.68
2026-07-30 09:15,S12,K0005,鲜食,2,7.7
2026-07-30 08:57,S12,K0034,日化,1,4.47
2026-07-30 09:01,S12,K0001,饮料,3,33.0
2026-07-30 09:42,S12,K0001,饮料,3,16.5
2026-07-30 08:51,S12,K0029,日化,1,59.08
2026-07-30 10:22,S12,K0004,日化,3,38.34
2026-07-30 10:37,S12,K0028,零食,3,20.67
2026-07-30 09:51,S12,K0011,饮料,2,28.9
2026-07-30 10:45,S12,K0037,乳品,3,5.55
2026-07-30 10:21,S12,K0018,零食,2,13.77
2026-07-30 10:20,S12,K0028,零食,3,41.34
2026-07-30 11:44,S12,K0029,日化,2,29.54
2026-07-30 11:15,S12,K0040,鲜食,2,11.9
2026-07-30 11:40,S12,K0031,饮料,2,61.14
2026-07-30 11:14,S12,K0022,乳品,2,44.64
2026-07-30 11:16,S12,K0009,日化,2,20.1
2026-07-30 11:32,S12,K0024,日化,2,26.35
2026-07-30 11:55,S12,K0033,零食,2,51.1
2026-07-30 12:19,S12,K0032,乳品,3,42.96
2026-07-30 13:01,S12,K0003,零食,2,20.0
2026-07-30 13:37,S12,K0009,日化,1,10.05
2026-07-30 14:00,S12,K0028,零食,2,20.67
2026-07-30 14:02,S12,K0004,日化,1,38.34
2026-07-30 21:59,S01,K0023,零食,2,57.66
2026-07-30 22:04,S01,K0015,鲜食,1,13.89
2026-07-30 22:37,S01,K0030,鲜食,2,22.79
2026-07-30 22:03,S01,K0025,鲜食,2,20.16
2026-07-30 22:21,S01,K0028,零食,2,20.67
2026-07-30 22:06,S01,K0010,鲜食,2,43.72
2026-07-30 22:56,S01,K0024,日化,1,52.7
2026-07-30 23:01,S01,K0036,饮料,2,12.26
2026-07-30 23:35,S01,K0004,日化,2,19.17
2026-07-30 23:35,S01,K0026,饮料,2,34.14
2026-07-30 22:57,S01,K0013,零食,2,57.58
2026-07-30 23:02,S01,K0015,鲜食,2,13.89
2026-07-30 23:23,S01,K0010,鲜食,2,43.72
2026-07-30 23:38,S01,K0011,饮料,3,28.9
2026-07-30 22:57,S01,K0030,鲜食,1,45.58
2026-07-31 00:10,S01,K0012,乳品,3,3.21
2026-07-30 23:51,S01,K0007,乳品,1,23.8
2026-07-31 00:41,S01,K0031,饮料,3,30.57
2026-07-31 01:33,S01,K0035,鲜食,3,20.58
2026-07-31 01:30,S01,K0010,鲜食,1,43.72
2026-07-31 02:36,S01,K0014,日化,2,25.34
2026-07-31 02:01,S01,K0018,零食,1,13.77
2026-07-31 03:29,S01,K0008,零食,3,20.44
2026-07-31 03:06,S01,K0035,鲜食,2,20.58
2026-07-31 02:57,S01,K0006,饮料,2,18.72
2026-07-31 03:29,S01,K0036,饮料,1,24.52
2026-07-31 03:03,S01,K0030,鲜食,2,22.79
2026-07-31 04:19,S01,K0008,零食,2,40.88
2026-07-31 03:50,S01,K0035,鲜食,3,20.58
2026-07-31 04:12,S01,K0019,日化,3,11.94
2026-07-31 04:08,S01,K0020,鲜食,3,6.09
2026-07-31 04:12,S01,K0007,乳品,2,23.8
2026-07-31 04:28,S01,K0030,鲜食,3,22.79
2026-07-31 04:07,S01,K0028,零食,1,41.34
2026-07-31 05:29,S01,K0010,鲜食,2,21.86
2026-07-31 05:16,S01,K0039,日化,3,12.46
2026-07-31 05:02,S01,K0040,鲜食,2,11.9
2026-07-31 05:51,S01,K0037,乳品,1,11.1
2026-07-31 06:47,S01,K0040,鲜食,3,23.8
2026-07-31 06:44,S01,K0034,日化,1,4.47
2026-07-31 06:50,S01,K0024,日化,1,26.35
2026-07-31 07:27,S01,K0007,乳品,3,47.6
2026-07-31 08:40,S01,K0023,零食,2,28.83
2026-07-31 07:57,S01,K0002,乳品,2,3.95
2026-07-31 08:16,S01,K0026,饮料,2,68.28
2026-07-31 08:14,S01,K0003,零食,3,20.0
2026-07-31 08:08,S01,K0015,鲜食,2,27.78
2026-07-31 09:44,S01,K0006,饮料,2,18.72
2026-07-31 08:58,S01,K0016,饮料,3,15.96
2026-07-31 08:54,S01,K0040,鲜食,3,11.9
2026-07-31 09:22,S01,K0015,鲜食,2,13.89
2026-07-31 08:58,S01,K0020,鲜食,2,12.18
2026-07-31 08:58,S01,K0011,饮料,1,57.8
2026-07-31 09:25,S01,K0023,零食,2,28.83
2026-07-31 09:07,S01,K0029,日化,1,59.08
2026-07-31 09:27,S01,K0015,鲜食,3,27.78
2026-07-31 10:47,S01,K0022,乳品,3,44.64
2026-07-31 10:01,S01,K0001,饮料,3,33.0
2026-07-31 10:39,S01,K0021,饮料,3,60.24
2026-07-31 10:12,S01,K0027,乳品,2,30.22
2026-07-31 09:53,S01,K0013,零食,2,28.79
2026-07-31 10:20,S01,K0033,零食,1,25.55
2026-07-31 09:58,S01,K0004,日化,3,19.17
2026-07-31 10:31,S01,K0002,乳品,1,7.9
2026-07-31 10:13,S01,K0014,日化,3,50.68
2026-07-31 10:32,S01,K0015,鲜食,3,13.89
2026-07-31 10:36,S01,K0023,零食,2,57.66
2026-07-31 10:59,S01,K0012,乳品,3,3.21
2026-07-31 11:47,S01,K0019,日化,3,11.94
2026-07-31 11:25,S01,K0018,零食,1,13.77
2026-07-31 11:31,S01,K0028,零食,2,20.67
2026-07-31 11:26,S01,K0007,乳品,1,23.8
2026-07-31 12:24,S01,K0020,鲜食,3,12.18
2026-07-31 12:35,S01,K0026,饮料,3,34.14
2026-07-31 13:43,S01,K0014,日化,3,25.34
2026-07-31 13:08,S01,K0027,乳品,2,30.22
2026-07-31 13:45,S01,K0036,饮料,3,12.26
2026-07-31 13:21,S01,K0031,饮料,2,61.14
2026-07-31 12:54,S01,K0018,零食,2,27.54
2026-07-31 14:31,S01,K0040,鲜食,1,11.9
2026-07-31 13:55,S01,K0032,乳品,2,42.96
2026-07-30 22:29,S02,K0024,日化,3,26.35
2026-07-30 22:07,S02,K0001,饮料,2,33.0
2026-07-30 22:34,S02,K0016,饮料,2,15.96
2026-07-30 22:25,S02,K0028,零食,2,41.34
2026-07-30 22:39,S02,K0032,乳品,1,21.48
2026-07-30 22:17,S02,K0035,鲜食,3,10.29
2026-07-30 21:57,S02,K0021,饮料,3,30.12
2026-07-30 23:13,S02,K0022,乳品,2,44.64
2026-07-30 23:24,S02,K0006,饮料,1,18.72
2026-07-30 23:40,S02,K0035,鲜食,2,20.58
2026-07-30 22:54,S02,K0029,日化,3,29.54
2026-07-30 23:06,S02,K0029,日化,1,59.08
2026-07-30 22:51,S02,K0023,零食,3,57.66
2026-07-30 23:09,S02,K0033,零食,3,25.55
2026-07-31 00:14,S02,K0003,零食,1,20.0
2026-07-30 23:58,S02,K0004,日化,1,19.17
2026-07-31 00:44,S02,K0033,零食,3,51.1
2026-07-31 00:14,S02,K0018,零食,3,13.77
2026-07-31 01:08,S02,K0015,鲜食,1,27.78
2026-07-31 01:22,S02,K0017,乳品,2,67.26
2026-07-31 00:56,S02,K0012,乳品,1,3.21
2026-07-31 02:13,S02,K0023,零食,1,28.83
2026-07-31 02:17,S02,K0033,零食,1,25.55
2026-07-31 02:23,S02,K0034,日化,1,4.47
2026-07-31 02:44,S02,K0022,乳品,2,44.64
2026-07-31 03:13,S02,K0019,日化,2,5.97
2026-07-31 03:26,S02,K0020,鲜食,1,6.09
2026-07-31 03:14,S02,K0031,饮料,2,61.14
2026-07-31 03:18,S02,K0018,零食,2,13.77
2026-07-31 03:16,S02,K0006,饮料,1,9.36
2026-07-31 02:56,S02,K0012,乳品,2,3.21
2026-07-31 04:41,S02,K0037,乳品,3,11.1
2026-07-31 04:11,S02,K0021,饮料,3,60.24
2026-07-31 04:34,S02,K0033,零食,3,25.55
2026-07-31 05:46,S02,K0037,乳品,3,5.55
2026-07-31 05:39,S02,K0003,零食,2,10.0
2026-07-31 05:22,S02,K0021,饮料,3,30.12
2026-07-31 05:02,S02,K0014,日化,2,25.34
2026-07-31 06:34,S02,K0027,乳品,3,30.22
2026-07-31 05:55,S02,K0001,饮料,1,33.0
2026-07-31 06:36,S02,K0021,饮料,1,30.12
2026-07-31 06:26,S02,K0011,饮料,2,57.8
2026-07-31 06:49,S02,K0034,日化,1,4.47
2026-07-31 07:00,S02,K0005,鲜食,2,7.7
2026-07-31 08:23,S02,K0007,乳品,1,47.6
2026-07-31 07:52,S02,K0036,饮料,2,12.26
2026-07-31 08:07,S02,K0039,日化,3,6.23
2026-07-31 09:29,S02,K0026,饮料,3,68.28
2026-07-31 09:45,S02,K0003,零食,2,20.0
2026-07-31 09:25,S02,K0008,零食,1,20.44
2026-07-31 10:15,S02,K0037,乳品,3,11.1
2026-07-31 10:21,S02,K0006,饮料,2,18.72
2026-07-31 10:19,S02,K0005,鲜食,1,3.85
2026-07-31 10:28,S02,K0020,鲜食,1,6.09
2026-07-31 10:37,S02,K0011,饮料,3,57.8
2026-07-31 10:20,S02,K0002,乳品,3,3.95
2026-07-31 10:16,S02,K0039,日化,1,6.23
2026-07-31 10:03,S02,K0038,零食,1,10.45
2026-07-31 11:06,S02,K0013,零食,3,57.58
2026-07-31 10:57,S02,K0011,饮料,1,57.8
2026-07-31 12:41,S02,K0004,日化,1,38.34
2026-07-31 12:48,S02,K0005,鲜食,2,7.7
2026-07-31 13:24,S02,K0034,日化,2,8.94
2026-07-31 13:34,S02,K0010,鲜食,2,43.72
2026-07-31 12:49,S02,K0035,鲜食,2,20.58
2026-07-31 14:33,S02,K0005,鲜食,1,7.7
2026-07-31 14:35,S02,K0009,日化,1,10.05
2026-07-30 22:26,S03,K0025,鲜食,2,20.16
2026-07-30 22:09,S03,K0028,零食,2,20.67
2026-07-30 22:56,S03,K0008,零食,3,40.88
2026-07-30 23:42,S03,K0004,日化,3,19.17
2026-07-30 22:54,S03,K0035,鲜食,3,10.29
2026-07-31 00:43,S03,K0040,鲜食,1,11.9
2026-07-31 00:00,S03,K0004,日化,2,38.34
2026-07-31 01:35,S03,K0038,零食,1,10.45
2026-07-31 01:39,S03,K0028,零食,1,20.67
2026-07-31 01:39,S03,K0008,零食,2,40.88
2026-07-31 02:31,S03,K0036,饮料,3,12.26
2026-07-31 02:52,S03,K0036,饮料,2,24.52
2026-07-31 02:58,S03,K0005,鲜食,1,7.7
2026-07-31 03:22,S03,K0001,饮料,1,33.0
2026-07-31 03:38,S03,K0018,零食,1,13.77
2026-07-31 04:36,S03,K0017,乳品,2,33.63
2026-07-31 04:20,S03,K0040,鲜食,2,11.9
2026-07-31 04:42,S03,K0036,饮料,1,24.52
2026-07-31 04:49,S03,K0026,饮料,3,68.28
2026-07-31 07:24,S03,K0039,日化,1,12.46
2026-07-31 06:58,S03,K0017,乳品,2,33.63
2026-07-31 08:31,S03,K0010,鲜食,1,43.72
2026-07-31 08:47,S03,K0029,日化,2,29.54
2026-07-31 09:32,S03,K0013,零食,3,57.58
2026-07-31 09:14,S03,K0030,鲜食,3,22.79
2026-07-31 09:40,S03,K0039,日化,2,6.23
2026-07-31 08:55,S03,K0003,零食,2,20.0
2026-07-31 10:22,S03,K0009,日化,3,20.1
2026-07-31 10:19,S03,K0008,零食,2,40.88
2026-07-31 10:09,S03,K0034,日化,3,4.47
2026-07-31 10:39,S03,K0009,日化,3,20.1
2026-07-31 10:27,S03,K0009,日化,2,20.1
2026-07-31 11:37,S03,K0008,零食,2,40.88
2026-07-31 11:38,S03,K0009,日化,3,20.1
2026-07-31 12:38,S03,K0001,饮料,1,33.0
2026-07-31 12:22,S03,K0039,日化,1,12.46
2026-07-31 12:45,S03,K0026,饮料,3,68.28
2026-07-31 12:56,S03,K0003,零食,2,20.0
2026-07-31 12:59,S03,K0025,鲜食,3,40.32
2026-07-31 12:51,S03,K0019,日化,1,5.97
2026-07-30 22:42,S04,K0025,鲜食,1,20.16
2026-07-30 22:09,S04,K0034,日化,3,8.94
2026-07-30 22:13,S04,K0039,日化,1,12.46
2026-07-30 21:55,S04,K0012,乳品,2,3.21
2026-07-30 22:38,S04,K0022,乳品,1,22.32
2026-07-30 22:47,S04,K0024,日化,3,26.35
2026-07-30 22:01,S04,K0022,乳品,1,22.32
2026-07-30 23:06,S04,K0033,零食,2,51.1
2026-07-30 23:10,S04,K0002,乳品,3,3.95
2026-07-30 23:31,S04,K0019,日化,1,5.97
2026-07-31 00:35,S04,K0009,日化,3,10.05
2026-07-31 00:27,S04,K0001,饮料,1,16.5
2026-07-31 00:06,S04,K0038,零食,2,10.45
2026-07-31 01:47,S04,K0018,零食,3,13.77
2026-07-31 01:44,S04,K0018,零食,1,27.54
2026-07-31 02:33,S04,K0017,乳品,1,67.26
2026-07-31 02:26,S04,K0031,饮料,3,30.57
2026-07-31 01:51,S04,K0020,鲜食,1,6.09
2026-07-31 03:48,S04,K0028,零食,3,20.67
2026-07-31 02:54,S04,K0015,鲜食,1,27.78
2026-07-31 03:25,S04,K0040,鲜食,3,11.9
2026-07-31 03:51,S04,K0001,饮料,3,33.0
2026-07-31 04:44,S04,K0010,鲜食,2,21.86
2026-07-31 04:11,S04,K0027,乳品,2,30.22
2026-07-31 05:12,S04,K0022,乳品,3,44.64
2026-07-31 05:07,S04,K0029,日化,2,29.54
2026-07-31 05:02,S04,K0027,乳品,3,30.22
2026-07-31 06:36,S04,K0013,零食,2,28.79
2026-07-31 06:08,S04,K0021,饮料,2,30.12
2026-07-31 06:29,S04,K0009,日化,2,10.05
2026-07-31 06:53,S04,K0008,零食,2,20.44
2026-07-31 06:50,S04,K0036,饮料,2,12.26
2026-07-31 07:05,S04,K0016,饮料,2,15.96
2026-07-31 07:24,S04,K0015,鲜食,3,13.89
2026-07-31 07:49,S04,K0011,饮料,2,57.8
2026-07-31 08:19,S04,K0026,饮料,2,68.28
2026-07-31 08:34,S04,K0025,鲜食,1,20.16
2026-07-31 08:23,S04,K0035,鲜食,2,20.58
2026-07-31 08:34,S04,K0021,饮料,3,60.24
2026-07-31 08:52,S04,K0009,日化,3,20.1
2026-07-31 09:02,S04,K0021,饮料,1,30.12
2026-07-31 09:24,S04,K0025,鲜食,2,20.16
2026-07-31 10:38,S04,K0024,日化,3,26.35
2026-07-31 09:57,S04,K0026,饮料,1,34.14
2026-07-31 10:42,S04,K0031,饮料,2,30.57
2026-07-31 11:03,S04,K0017,乳品,1,33.63
2026-07-31 11:40,S04,K0001,饮料,2,16.5
2026-07-31 11:48,S04,K0018,零食,2,27.54
2026-07-31 11:26,S04,K0010,鲜食,3,43.72
2026-07-31 11:11,S04,K0020,鲜食,3,12.18
2026-07-31 11:06,S04,K0020,鲜食,1,6.09
2026-07-31 12:39,S04,K0039,日化,3,12.46
2026-07-31 12:40,S04,K0007,乳品,1,47.6
2026-07-31 13:41,S04,K0015,鲜食,1,27.78
2026-07-31 13:48,S04,K0038,零食,2,10.45
2026-07-31 13:16,S04,K0040,鲜食,3,23.8
2026-07-31 13:50,S04,K0006,饮料,1,9.36
2026-07-31 14:03,S04,K0020,鲜食,2,12.18
2026-07-30 22:20,S05,K0039,日化,2,12.46
2026-07-30 22:34,S05,K0036,饮料,2,12.26
2026-07-30 22:22,S05,K0034,日化,3,4.47
2026-07-30 22:21,S05,K0031,饮料,2,30.57
2026-07-30 21:56,S05,K0009,日化,2,10.05
2026-07-30 22:27,S05,K0032,乳品,2,21.48
2026-07-30 23:47,S05,K0028,零食,1,20.67
2026-07-30 23:46,S05,K0032,乳品,2,21.48
2026-07-30 23:02,S05,K0014,日化,1,25.34
2026-07-30 23:00,S05,K0011,饮料,1,57.8
2026-07-30 23:24,S05,K0017,乳品,1,67.26
2026-07-31 00:17,S05,K0019,日化,1,5.97
2026-07-31 00:35,S05,K0020,鲜食,3,6.09
2026-07-31 01:18,S05,K0036,饮料,2,24.52
2026-07-31 01:35,S05,K0031,饮料,2,61.14
2026-07-31 01:18,S05,K0001,饮料,1,16.5
2026-07-31 02:15,S05,K0025,鲜食,2,40.32
2026-07-31 01:49,S05,K0001,饮料,3,33.0
2026-07-31 02:34,S05,K0025,鲜食,1,20.16
2026-07-31 02:56,S05,K0010,鲜食,1,21.86
2026-07-31 03:26,S05,K0008,零食,1,40.88
2026-07-31 02:59,S05,K0035,鲜食,2,20.58
2026-07-31 02:57,S05,K0029,日化,2,59.08
2026-07-31 03:27,S05,K0014,日化,1,25.34
2026-07-31 03:47,S05,K0001,饮料,2,33.0
2026-07-31 04:42,S05,K0038,零食,2,10.45
2026-07-31 04:46,S05,K0003,零食,2,20.0
2026-07-31 03:51,S05,K0026,饮料,2,68.28
2026-07-31 03:55,S05,K0015,鲜食,1,13.89
2026-07-31 04:30,S05,K0017,乳品,2,33.63
2026-07-31 04:22,S05,K0022,乳品,3,44.64
2026-07-31 04:45,S05,K0038,零食,3,10.45
2026-07-31 05:31,S05,K0034,日化,2,8.94
2026-07-31 04:55,S05,K0023,零食,1,57.66
2026-07-31 05:50,S05,K0008,零食,2,20.44
2026-07-31 06:24,S05,K0030,鲜食,3,22.79
2026-07-31 07:08,S05,K0002,乳品,3,3.95
2026-07-31 07:05,S05,K0025,鲜食,3,20.16
2026-07-31 07:33,S05,K0006,饮料,2,18.72
2026-07-31 08:48,S05,K0023,零食,2,57.66
2026-07-31 08:48,S05,K0037,乳品,2,5.55
2026-07-31 08:28,S05,K0005,鲜食,1,7.7
2026-07-31 08:37,S05,K0037,乳品,1,5.55
2026-07-31 09:01,S05,K0027,乳品,3,30.22
2026-07-31 09:25,S05,K0022,乳品,2,22.32
2026-07-31 09:14,S05,K0032,乳品,2,42.96
2026-07-31 10:19,S05,K0032,乳品,2,42.96
2026-07-31 10:02,S05,K0037,乳品,2,11.1
2026-07-31 10:02,S05,K0005,鲜食,2,3.85
2026-07-31 10:05,S05,K0032,乳品,3,21.48
2026-07-31 10:11,S05,K0038,零食,1,10.45
2026-07-31 10:30,S05,K0036,饮料,3,24.52
2026-07-31 11:39,S05,K0028,零食,2,20.67
2026-07-31 11:01,S05,K0013,零食,3,28.79
2026-07-31 11:43,S05,K0032,乳品,2,21.48
2026-07-31 11:51,S05,K0002,乳品,1,3.95
2026-07-31 12:03,S05,K0006,饮料,3,9.36
2026-07-31 12:08,S05,K0022,乳品,3,22.32
2026-07-31 13:00,S05,K0019,日化,3,5.97
2026-07-31 13:05,S05,K0027,乳品,2,15.11
2026-07-31 13:05,S05,K0005,鲜食,3,3.85
2026-07-31 14:44,S05,K0001,饮料,3,33.0
2026-07-31 14:40,S05,K0007,乳品,2,47.6
2026-07-30 21:50,S06,K0039,日化,2,6.23
2026-07-30 22:46,S06,K0022,乳品,2,22.32
2026-07-30 22:31,S06,K0034,日化,1,8.94
2026-07-30 22:28,S06,K0030,鲜食,3,45.58
2026-07-30 22:31,S06,K0030,鲜食,1,45.58
2026-07-30 22:51,S06,K0012,乳品,3,6.42
2026-07-30 22:51,S06,K0008,零食,1,20.44
2026-07-30 23:00,S06,K0030,鲜食,2,45.58
2026-07-30 23:32,S06,K0015,鲜食,1,13.89
2026-07-30 23:21,S06,K0024,日化,2,52.7
2026-07-31 00:47,S06,K0018,零食,2,27.54
2026-07-31 00:31,S06,K0007,乳品,3,47.6
2026-07-31 01:28,S06,K0029,日化,1,29.54
2026-07-31 01:18,S06,K0032,乳品,1,21.48
2026-07-31 01:32,S06,K0008,零食,2,40.88
2026-07-31 02:32,S06,K0030,鲜食,2,22.79
2026-07-31 02:35,S06,K0012,乳品,2,3.21
2026-07-31 03:10,S06,K0033,零食,2,51.1
2026-07-31 02:51,S06,K0005,鲜食,3,7.7
2026-07-31 03:19,S06,K0039,日化,1,12.46
2026-07-31 03:13,S06,K0033,零食,2,51.1
2026-07-31 03:33,S06,K0014,日化,1,50.68
2026-07-31 04:45,S06,K0018,零食,2,13.77
2026-07-31 04:13,S06,K0011,饮料,1,28.9
2026-07-31 04:14,S06,K0032,乳品,2,42.96
2026-07-31 04:27,S06,K0023,零食,2,57.66
2026-07-31 05:17,S06,K0034,日化,3,8.94
2026-07-31 05:28,S06,K0025,鲜食,2,40.32
2026-07-31 05:36,S06,K0029,日化,1,59.08
2026-07-31 06:06,S06,K0016,饮料,2,15.96
2026-07-31 06:30,S06,K0021,饮料,1,30.12
2026-07-31 05:50,S06,K0017,乳品,2,33.63
2026-07-31 06:59,S06,K0032,乳品,3,21.48
2026-07-31 07:35,S06,K0036,饮料,2,24.52
2026-07-31 07:45,S06,K0021,饮料,1,60.24
2026-07-31 08:04,S06,K0002,乳品,2,7.9
2026-07-31 08:24,S06,K0018,零食,1,27.54
2026-07-31 07:49,S06,K0034,日化,2,4.47
2026-07-31 09:01,S06,K0014,日化,3,50.68
2026-07-31 09:26,S06,K0026,饮料,1,34.14
2026-07-31 08:56,S06,K0039,日化,1,12.46
2026-07-31 09:13,S06,K0039,日化,2,6.23
2026-07-31 09:40,S06,K0018,零食,1,27.54
2026-07-31 09:18,S06,K0015,鲜食,1,13.89
2026-07-31 10:11,S06,K0006,饮料,1,18.72
2026-07-31 10:00,S06,K0014,日化,3,50.68
2026-07-31 10:09,S06,K0002,乳品,1,3.95
2026-07-31 10:15,S06,K0010,鲜食,2,21.86
2026-07-31 11:29,S06,K0029,日化,3,59.08
2026-07-31 11:01,S06,K0014,日化,2,50.68
2026-07-31 11:06,S06,K0030,鲜食,3,45.58
2026-07-31 11:33,S06,K0018,零食,2,27.54
2026-07-31 11:04,S06,K0003,零食,1,10.0
2026-07-31 11:01,S06,K0032,乳品,3,42.96
2026-07-31 12:10,S06,K0008,零食,3,20.44
2026-07-31 12:34,S06,K0004,日化,3,38.34
2026-07-31 11:52,S06,K0005,鲜食,1,3.85
2026-07-31 13:16,S06,K0032,乳品,1,42.96
2026-07-31 12:56,S06,K0035,鲜食,3,20.58
2026-07-31 14:08,S06,K0026,饮料,3,68.28
2026-07-31 14:45,S06,K0038,零食,2,20.9
2026-07-30 22:22,S07,K0013,零食,1,28.79
2026-07-30 22:02,S07,K0017,乳品,2,67.26
2026-07-30 22:34,S07,K0018,零食,2,13.77
2026-07-30 21:50,S07,K0022,乳品,2,22.32
2026-07-30 21:50,S07,K0030,鲜食,3,45.58
2026-07-30 22:16,S07,K0022,乳品,1,44.64
2026-07-30 22:29,S07,K0006,饮料,3,9.36
2026-07-30 23:00,S07,K0039,日化,1,12.46
2026-07-30 22:57,S07,K0008,零食,1,40.88
2026-07-31 00:33,S07,K0007,乳品,1,23.8
2026-07-31 00:15,S07,K0032,乳品,2,21.48
2026-07-31 00:47,S07,K0022,乳品,1,44.64
2026-07-30 23:53,S07,K0038,零食,1,20.9
2026-07-31 01:45,S07,K0008,零食,1,40.88
2026-07-31 00:51,S07,K0018,零食,2,13.77
2026-07-31 01:32,S07,K0035,鲜食,2,20.58
2026-07-31 02:03,S07,K0001,饮料,2,33.0
2026-07-31 03:45,S07,K0019,日化,2,5.97
2026-07-31 03:00,S07,K0031,饮料,3,30.57
2026-07-31 03:56,S07,K0013,零食,2,28.79
2026-07-31 04:40,S07,K0025,鲜食,1,20.16
2026-07-31 05:21,S07,K0040,鲜食,2,23.8
2026-07-31 05:24,S07,K0003,零食,3,20.0
2026-07-31 05:02,S07,K0038,零食,1,10.45
2026-07-31 05:49,S07,K0028,零食,3,41.34
2026-07-31 06:16,S07,K0010,鲜食,1,21.86
2026-07-31 05:59,S07,K0024,日化,1,26.35
2026-07-31 06:27,S07,K0009,日化,3,20.1
2026-07-31 07:03,S07,K0013,零食,1,28.79
2026-07-31 07:11,S07,K0016,饮料,2,15.96
2026-07-31 06:49,S07,K0017,乳品,1,67.26
2026-07-31 07:30,S07,K0039,日化,3,6.23
2026-07-31 07:06,S07,K0023,零食,1,28.83
2026-07-31 08:48,S07,K0014,日化,1,25.34
2026-07-31 07:58,S07,K0008,零食,3,40.88
2026-07-31 07:54,S07,K0014,日化,3,50.68
2026-07-31 07:50,S07,K0001,饮料,2,16.5
2026-07-31 07:54,S07,K0013,零食,3,28.79
2026-07-31 09:08,S07,K0004,日化,3,19.17
2026-07-31 10:04,S07,K0037,乳品,1,11.1
2026-07-31 11:47,S07,K0014,日化,3,50.68
2026-07-31 11:37,S07,K0029,日化,2,59.08
2026-07-31 11:26,S07,K0014,日化,3,25.34
2026-07-31 11:42,S07,K0018,零食,3,27.54
2026-07-31 11:04,S07,K0021,饮料,3,30.12
2026-07-31 11:43,S07,K0024,日化,1,26.35
2026-07-31 10:58,S07,K0032,乳品,1,21.48
2026-07-31 11:48,S07,K0028,零食,2,20.67
2026-07-31 11:11,S07,K0038,零食,1,20.9
2026-07-31 12:12,S07,K0024,日化,3,52.7
2026-07-31 12:31,S07,K0034,日化,3,4.47
2026-07-31 13:48,S07,K0004,日化,3,19.17
2026-07-31 13:16,S07,K0037,乳品,3,11.1
2026-07-31 13:05,S07,K0020,鲜食,2,12.18
2026-07-31 13:49,S07,K0022,乳品,2,44.64
2026-07-31 14:36,S07,K0038,零食,1,20.9
2026-07-30 22:21,S08,K0002,乳品,3,3.95
2026-07-30 22:07,S08,K0017,乳品,2,67.26
2026-07-30 22:04,S08,K0003,零食,2,10.0
2026-07-30 22:48,S08,K0029,日化,2,59.08
2026-07-30 22:39,S08,K0023,零食,2,28.83
2026-07-30 22:44,S08,K0024,日化,2,26.35
2026-07-30 22:21,S08,K0004,日化,3,19.17
2026-07-30 23:17,S08,K0010,鲜食,2,43.72
2026-07-30 23:17,S08,K0020,鲜食,2,12.18
2026-07-30 23:06,S08,K0032,乳品,2,21.48
2026-07-30 23:07,S08,K0024,日化,3,26.35
2026-07-30 23:02,S08,K0009,日化,3,20.1
2026-07-30 23:43,S08,K0010,鲜食,2,21.86
2026-07-30 23:27,S08,K0031,饮料,2,30.57
2026-07-30 23:52,S08,K0032,乳品,3,42.96
2026-07-31 00:46,S08,K0022,乳品,2,44.64
2026-07-31 01:25,S08,K0020,鲜食,3,12.18
2026-07-31 01:46,S08,K0030,鲜食,2,22.79
2026-07-31 01:16,S08,K0028,零食,1,20.67
2026-07-31 01:10,S08,K0037,乳品,2,11.1
2026-07-31 02:10,S08,K0010,鲜食,2,21.86
2026-07-31 02:46,S08,K0022,乳品,1,22.32
2026-07-31 03:17,S08,K0028,零食,2,20.67
2026-07-31 03:08,S08,K0025,鲜食,1,20.16
2026-07-31 03:20,S08,K0010,鲜食,1,43.72
2026-07-31 03:12,S08,K0026,饮料,1,34.14
2026-07-31 03:41,S08,K0019,日化,2,5.97
2026-07-31 04:06,S08,K0013,零食,1,57.58
2026-07-31 03:52,S08,K0004,日化,2,38.34
2026-07-31 04:10,S08,K0024,日化,3,26.35
2026-07-31 04:11,S08,K0019,日化,2,11.94
2026-07-31 04:48,S08,K0024,日化,2,26.35
2026-07-31 04:16,S08,K0008,零食,3,20.44
2026-07-31 04:12,S08,K0014,日化,3,50.68
2026-07-31 05:15,S08,K0027,乳品,3,15.11
2026-07-31 05:41,S08,K0036,饮料,3,24.52
2026-07-31 05:08,S08,K0001,饮料,3,16.5
2026-07-31 05:21,S08,K0002,乳品,2,3.95
2026-07-31 05:54,S08,K0013,零食,2,28.79
2026-07-31 06:47,S08,K0024,日化,2,52.7
2026-07-31 06:09,S08,K0036,饮料,1,12.26
2026-07-31 07:18,S08,K0038,零食,3,10.45
2026-07-31 07:14,S08,K0015,鲜食,3,27.78
2026-07-31 07:38,S08,K0003,零食,3,10.0
2026-07-31 07:31,S08,K0005,鲜食,3,7.7
2026-07-31 08:25,S08,K0034,日化,3,8.94
2026-07-31 07:54,S08,K0002,乳品,1,7.9
2026-07-31 09:01,S08,K0036,饮料,3,12.26
2026-07-31 08:55,S08,K0006,饮料,2,9.36
2026-07-31 08:51,S08,K0012,乳品,1,6.42
2026-07-31 08:52,S08,K0019,日化,1,5.97
2026-07-31 10:34,S08,K0016,饮料,1,15.96
2026-07-31 10:20,S08,K0016,饮料,3,7.98
2026-07-31 10:47,S08,K0012,乳品,1,3.21
2026-07-31 10:24,S08,K0035,鲜食,3,20.58
2026-07-31 09:59,S08,K0034,日化,3,4.47
2026-07-31 10:23,S08,K0036,饮料,3,12.26
2026-07-31 10:08,S08,K0034,日化,2,8.94
2026-07-31 11:37,S08,K0007,乳品,2,47.6
2026-07-31 11:14,S08,K0028,零食,1,41.34
2026-07-31 11:36,S08,K0009,日化,1,10.05
2026-07-31 11:21,S08,K0020,鲜食,3,6.09
2026-07-31 11:07,S08,K0012,乳品,1,6.42
2026-07-31 11:07,S08,K0028,零食,2,41.34
2026-07-31 12:08,S08,K0027,乳品,2,15.11
2026-07-31 12:18,S08,K0017,乳品,3,33.63
2026-07-31 13:37,S08,K0011,饮料,2,57.8
2026-07-31 13:04,S08,K0027,乳品,2,30.22
2026-07-31 12:54,S08,K0034,日化,3,8.94
2026-07-31 13:41,S08,K0029,日化,2,59.08
2026-07-31 13:59,S08,K0037,乳品,2,11.1
2026-07-31 14:17,S08,K0034,日化,3,4.47
2026-07-31 14:48,S08,K0020,鲜食,2,12.18
2026-07-31 14:02,S08,K0040,鲜食,3,23.8
2026-07-30 22:40,S09,K0006,饮料,2,18.72
2026-07-30 22:14,S09,K0028,零食,2,20.67
2026-07-30 22:28,S09,K0013,零食,2,28.79
2026-07-30 23:39,S09,K0025,鲜食,3,20.16
2026-07-30 23:25,S09,K0036,饮料,2,24.52
2026-07-30 23:13,S09,K0038,零食,2,20.9
2026-07-31 00:31,S09,K0008,零食,3,20.44
2026-07-31 00:25,S09,K0009,日化,1,10.05
2026-07-31 01:13,S09,K0018,零食,3,27.54
2026-07-31 01:00,S09,K0009,日化,1,10.05
2026-07-31 02:03,S09,K0014,日化,2,50.68
2026-07-31 02:13,S09,K0004,日化,3,19.17
2026-07-31 02:21,S09,K0014,日化,2,50.68
2026-07-31 03:09,S09,K0034,日化,2,4.47
2026-07-31 03:48,S09,K0004,日化,2,38.34
2026-07-31 03:26,S09,K0021,饮料,2,60.24
2026-07-31 03:31,S09,K0029,日化,2,59.08
2026-07-31 04:13,S09,K0033,零食,3,25.55
2026-07-31 04:45,S09,K0004,日化,2,38.34
2026-07-31 04:43,S09,K0005,鲜食,3,3.85
2026-07-31 04:29,S09,K0026,饮料,3,68.28
2026-07-31 04:05,S09,K0028,零食,3,41.34
2026-07-31 05:15,S09,K0014,日化,1,25.34
2026-07-31 04:51,S09,K0030,鲜食,2,45.58
2026-07-31 05:05,S09,K0007,乳品,2,47.6
2026-07-31 06:40,S09,K0017,乳品,2,33.63
2026-07-31 05:52,S09,K0003,零食,2,10.0
2026-07-31 07:16,S09,K0033,零食,2,51.1
2026-07-31 07:34,S09,K0030,鲜食,1,45.58
2026-07-31 08:04,S09,K0004,日化,2,19.17
2026-07-31 07:54,S09,K0037,乳品,3,11.1
2026-07-31 09:15,S09,K0022,乳品,2,22.32
2026-07-31 09:03,S09,K0016,饮料,2,15.96
2026-07-31 09:54,S09,K0035,鲜食,3,20.58
2026-07-31 10:47,S09,K0013,零食,1,28.79
2026-07-31 11:44,S09,K0033,零食,2,51.1
2026-07-31 11:34,S09,K0027,乳品,1,15.11
2026-07-31 11:31,S09,K0032,乳品,3,21.48
2026-07-31 10:57,S09,K0018,零食,1,13.77
2026-07-31 10:55,S09,K0036,饮料,1,24.52
2026-07-31 11:47,S09,K0003,零食,3,10.0
2026-07-31 11:51,S09,K0003,零食,2,10.0
2026-07-31 12:27,S09,K0009,日化,1,20.1
2026-07-31 12:18,S09,K0023,零食,3,57.66
2026-07-31 13:28,S09,K0024,日化,3,26.35
2026-07-31 13:43,S09,K0022,乳品,1,44.64
2026-07-31 13:34,S09,K0002,乳品,1,7.9
2026-07-31 13:56,S09,K0007,乳品,2,23.8
2026-07-31 14:46,S09,K0021,饮料,3,30.12
2026-07-31 14:08,S09,K0003,零食,1,20.0
2026-07-30 21:56,S10,K0024,日化,1,26.35
2026-07-30 21:53,S10,K0028,零食,1,20.67
2026-07-30 21:55,S10,K0009,日化,2,20.1
2026-07-30 22:10,S10,K0019,日化,1,11.94
2026-07-30 22:07,S10,K0008,零食,2,20.44
2026-07-30 21:51,S10,K0010,鲜食,2,21.86
2026-07-30 22:28,S10,K0006,饮料,1,18.72
2026-07-30 22:04,S10,K0019,日化,1,5.97
2026-07-30 22:16,S10,K0027,乳品,2,30.22
2026-07-30 23:00,S10,K0003,零食,1,10.0
2026-07-30 22:54,S10,K0026,饮料,2,68.28
2026-07-30 23:21,S10,K0022,乳品,1,44.64
2026-07-30 23:05,S10,K0010,鲜食,2,43.72
2026-07-30 23:10,S10,K0022,乳品,1,44.64
2026-07-30 22:57,S10,K0030,鲜食,1,22.79
2026-07-30 23:29,S10,K0026,饮料,2,34.14
2026-07-30 23:18,S10,K0010,鲜食,3,43.72
2026-07-30 23:49,S10,K0001,饮料,2,33.0
2026-07-31 00:20,S10,K0036,饮料,1,24.52
2026-07-31 01:18,S10,K0021,饮料,1,30.12
2026-07-31 00:54,S10,K0012,乳品,3,3.21
2026-07-31 02:44,S10,K0030,鲜食,3,22.79
2026-07-31 02:04,S10,K0012,乳品,2,3.21
2026-07-31 02:40,S10,K0037,乳品,1,5.55
2026-07-31 02:29,S10,K0002,乳品,2,7.9
2026-07-31 02:07,S10,K0034,日化,3,8.94
2026-07-31 03:10,S10,K0027,乳品,2,15.11
2026-07-31 03:26,S10,K0029,日化,2,29.54
2026-07-31 03:44,S10,K0010,鲜食,1,21.86
2026-07-31 04:06,S10,K0010,鲜食,1,43.72
2026-07-31 04:15,S10,K0017,乳品,3,67.26
2026-07-31 05:25,S10,K0008,零食,1,20.44
2026-07-31 05:08,S10,K0003,零食,1,10.0
2026-07-31 05:34,S10,K0021,饮料,2,30.12
2026-07-31 04:55,S10,K0021,饮料,1,30.12
2026-07-31 06:14,S10,K0019,日化,2,5.97
2026-07-31 06:15,S10,K0015,鲜食,1,13.89
2026-07-31 06:09,S10,K0001,饮料,2,33.0
2026-07-31 07:18,S10,K0013,零食,3,28.79
2026-07-31 07:25,S10,K0001,饮料,3,33.0
2026-07-31 07:14,S10,K0008,零食,2,20.44
2026-07-31 07:48,S10,K0029,日化,2,29.54
2026-07-31 08:39,S10,K0007,乳品,2,23.8
2026-07-31 08:17,S10,K0018,零食,1,13.77
2026-07-31 08:10,S10,K0012,乳品,3,3.21
2026-07-31 09:44,S10,K0015,鲜食,1,27.78
2026-07-31 09:17,S10,K0006,饮料,3,18.72
2026-07-31 09:22,S10,K0025,鲜食,1,40.32
2026-07-31 09:27,S10,K0025,鲜食,2,40.32
2026-07-31 09:11,S10,K0003,零食,3,10.0
2026-07-31 09:36,S10,K0032,乳品,1,21.48
2026-07-31 09:37,S10,K0002,乳品,3,3.95
2026-07-31 09:32,S10,K0004,日化,2,38.34
2026-07-31 08:54,S10,K0038,零食,2,10.45
2026-07-31 09:34,S10,K0016,饮料,3,7.98
2026-07-31 10:02,S10,K0038,零食,2,20.9
2026-07-31 09:50,S10,K0032,乳品,3,42.96
2026-07-31 09:51,S10,K0020,鲜食,2,12.18
2026-07-31 10:48,S10,K0019,日化,2,5.97
2026-07-31 10:25,S10,K0022,乳品,1,44.64
2026-07-31 09:50,S10,K0030,鲜食,3,45.58
2026-07-31 10:44,S10,K0025,鲜食,2,20.16
2026-07-31 10:05,S10,K0037,乳品,2,5.55
2026-07-31 10:19,S10,K0001,饮料,3,33.0
2026-07-31 11:30,S10,K0010,鲜食,3,21.86
2026-07-31 10:56,S10,K0029,日化,3,29.54
2026-07-31 10:50,S10,K0027,乳品,1,30.22
2026-07-31 10:56,S10,K0005,鲜食,3,7.7
2026-07-31 11:44,S10,K0033,零食,1,25.55
2026-07-31 11:27,S10,K0002,乳品,1,7.9
2026-07-31 11:26,S10,K0001,饮料,3,16.5
2026-07-31 11:06,S10,K0038,零食,3,10.45
2026-07-31 11:52,S10,K0030,鲜食,1,22.79
2026-07-31 12:20,S10,K0009,日化,3,20.1
2026-07-31 12:50,S10,K0034,日化,2,8.94
2026-07-31 13:41,S10,K0030,鲜食,2,45.58
2026-07-31 12:54,S10,K0004,日化,2,38.34
2026-07-31 14:21,S10,K0025,鲜食,1,20.16
2026-07-31 14:25,S10,K0007,乳品,2,47.6
2026-07-31 14:47,S10,K0039,日化,2,12.46
2026-07-30 22:20,S11,K0002,乳品,2,3.95
2026-07-30 22:27,S11,K0021,饮料,2,60.24
2026-07-30 22:32,S11,K0037,乳品,1,5.55
2026-07-30 21:51,S11,K0010,鲜食,2,21.86
2026-07-30 22:12,S11,K0014,日化,2,25.34
2026-07-30 23:48,S11,K0037,乳品,3,11.1
2026-07-30 23:35,S11,K0019,日化,3,5.97
2026-07-30 22:51,S11,K0023,零食,1,57.66
2026-07-30 22:55,S11,K0023,零食,2,57.66
2026-07-30 23:45,S11,K0018,零食,3,27.54
2026-07-30 23:01,S11,K0031,饮料,2,30.57
2026-07-30 22:57,S11,K0036,饮料,3,12.26
2026-07-31 00:05,S11,K0032,乳品,3,42.96
2026-07-31 00:20,S11,K0019,日化,2,5.97
2026-07-31 00:44,S11,K0024,日化,3,52.7
2026-07-31 01:08,S11,K0036,饮料,1,12.26
2026-07-31 01:13,S11,K0024,日化,3,52.7
2026-07-31 01:00,S11,K0008,零食,2,20.44
2026-07-31 01:42,S11,K0003,零食,1,10.0
2026-07-31 02:46,S11,K0025,鲜食,2,40.32
2026-07-31 01:56,S11,K0037,乳品,1,11.1
2026-07-31 03:25,S11,K0008,零食,1,40.88
2026-07-31 03:25,S11,K0038,零食,1,10.45
2026-07-31 03:04,S11,K0024,日化,3,26.35
2026-07-31 03:29,S11,K0014,日化,1,25.34
2026-07-31 03:19,S11,K0036,饮料,3,12.26
2026-07-31 04:30,S11,K0021,饮料,2,30.12
2026-07-31 04:40,S11,K0033,零食,3,51.1
2026-07-31 05:04,S11,K0015,鲜食,2,27.78
2026-07-31 05:16,S11,K0012,乳品,3,3.21
2026-07-31 04:57,S11,K0004,日化,3,38.34
2026-07-31 06:05,S11,K0032,乳品,2,21.48
2026-07-31 06:00,S11,K0008,零食,3,20.44
2026-07-31 06:26,S11,K0026,饮料,3,34.14
2026-07-31 06:36,S11,K0019,日化,2,5.97
2026-07-31 07:25,S11,K0015,鲜食,1,13.89
2026-07-31 07:26,S11,K0009,日化,1,10.05
2026-07-31 07:30,S11,K0029,日化,2,59.08
2026-07-31 08:39,S11,K0001,饮料,1,33.0
2026-07-31 08:12,S11,K0029,日化,3,29.54
2026-07-31 08:09,S11,K0021,饮料,2,60.24
2026-07-31 09:38,S11,K0031,饮料,3,30.57
2026-07-31 09:08,S11,K0030,鲜食,1,22.79
2026-07-31 09:31,S11,K0009,日化,2,10.05
2026-07-31 09:30,S11,K0020,鲜食,2,6.09
2026-07-31 09:04,S11,K0023,零食,3,28.83
2026-07-31 09:33,S11,K0005,鲜食,2,7.7
2026-07-31 08:51,S11,K0023,零食,3,28.83
2026-07-31 09:52,S11,K0011,饮料,3,57.8
2026-07-31 09:51,S11,K0033,零食,3,25.55
2026-07-31 10:26,S11,K0025,鲜食,3,40.32
2026-07-31 10:30,S11,K0029,日化,2,59.08
2026-07-31 10:45,S11,K0012,乳品,3,6.42
2026-07-31 11:25,S11,K0013,零食,1,57.58
2026-07-31 11:13,S11,K0035,鲜食,2,10.29
2026-07-31 11:23,S11,K0034,日化,2,8.94
2026-07-31 12:25,S11,K0026,饮料,2,34.14
2026-07-31 12:30,S11,K0038,零食,2,20.9
2026-07-31 13:39,S11,K0004,日化,3,19.17
2026-07-31 13:08,S11,K0002,乳品,1,7.9
2026-07-31 14:19,S11,K0038,零食,2,10.45
2026-07-31 14:06,S11,K0023,零食,3,28.83
2026-07-31 14:47,S11,K0008,零食,1,20.44
2026-07-31 14:40,S11,K0034,日化,1,8.94
2026-07-30 21:58,S12,K0014,日化,3,25.34
2026-07-30 22:17,S12,K0024,日化,2,26.35
2026-07-30 23:45,S12,K0033,零食,3,25.55
2026-07-30 22:54,S12,K0007,乳品,2,47.6
2026-07-30 23:43,S12,K0003,零食,1,20.0
2026-07-30 23:12,S12,K0030,鲜食,2,22.79
2026-07-31 00:07,S12,K0027,乳品,3,15.11
2026-07-31 00:00,S12,K0025,鲜食,2,40.32
2026-07-31 01:15,S12,K0019,日化,1,5.97
2026-07-31 00:56,S12,K0012,乳品,1,6.42
2026-07-31 01:39,S12,K0017,乳品,2,33.63
2026-07-31 02:25,S12,K0016,饮料,2,7.98
2026-07-31 02:42,S12,K0032,乳品,1,42.96
2026-07-31 03:03,S12,K0019,日化,2,11.94
2026-07-31 03:47,S12,K0025,鲜食,1,40.32
2026-07-31 03:19,S12,K0017,乳品,3,33.63
2026-07-31 03:52,S12,K0027,乳品,1,15.11
2026-07-31 04:17,S12,K0004,日化,3,38.34
2026-07-31 05:01,S12,K0026,饮料,2,34.14
2026-07-31 05:05,S12,K0005,鲜食,3,3.85
2026-07-31 06:47,S12,K0001,饮料,1,16.5
2026-07-31 06:29,S12,K0019,日化,1,11.94
2026-07-31 06:53,S12,K0026,饮料,2,34.14
2026-07-31 07:10,S12,K0039,日化,2,12.46
2026-07-31 07:22,S12,K0006,饮料,3,18.72
2026-07-31 08:01,S12,K0008,零食,1,20.44
2026-07-31 08:14,S12,K0028,零食,2,20.67
2026-07-31 08:22,S12,K0009,日化,2,10.05
2026-07-31 09:33,S12,K0028,零食,2,20.67
2026-07-31 09:30,S12,K0029,日化,3,29.54
2026-07-31 09:35,S12,K0024,日化,2,26.35
2026-07-31 08:52,S12,K0037,乳品,3,11.1
2026-07-31 10:26,S12,K0020,鲜食,1,6.09
2026-07-31 10:41,S12,K0006,饮料,3,9.36
2026-07-31 10:30,S12,K0007,乳品,2,23.8
2026-07-31 11:47,S12,K0038,零食,3,20.9
2026-07-31 10:56,S12,K0033,零食,2,25.55
2026-07-31 10:49,S12,K0019,日化,1,5.97
2026-07-31 11:12,S12,K0033,零食,3,51.1
2026-07-31 11:26,S12,K0037,乳品,1,5.55
2026-07-31 11:43,S12,K0019,日化,1,11.94
2026-07-31 11:49,S12,K0010,鲜食,1,21.86
2026-07-31 11:55,S12,K0002,乳品,2,7.9
2026-07-31 11:58,S12,K0003,零食,1,20.0
2026-07-31 13:28,S12,K0028,零食,3,41.34
2026-07-31 13:12,S12,K0026,饮料,3,68.28
2026-07-31 12:53,S12,K0035,鲜食,3,10.29
2026-07-31 14:40,S12,K0012,乳品,3,3.21
2026-07-31 14:31,S12,K0016,饮料,2,15.96
2026-07-31 14:27,S12,K0021,饮料,1,60.24
2026-07-31 22:33,S01,K0018,零食,3,13.77
2026-07-31 22:01,S01,K0021,饮料,1,30.12
2026-07-31 22:30,S01,K0036,饮料,1,12.26
2026-07-31 22:01,S01,K0007,乳品,1,47.6
2026-07-31 22:02,S01,K0009,日化,1,20.1
2026-07-31 22:42,S01,K0026,饮料,3,34.14
2026-07-31 23:00,S01,K0019,日化,3,11.94
2026-07-31 23:35,S01,K0001,饮料,1,16.5
2026-07-31 23:14,S01,K0017,乳品,1,67.26
2026-07-31 23:42,S01,K0031,饮料,1,30.57
2026-07-31 22:49,S01,K0011,饮料,1,57.8
2026-07-31 23:59,S01,K0017,乳品,1,67.26
2026-08-01 00:40,S01,K0029,日化,1,59.08
2026-08-01 00:13,S01,K0031,饮料,1,61.14
2026-08-01 01:47,S01,K0040,鲜食,3,11.9
2026-08-01 01:37,S01,K0038,零食,3,20.9
2026-08-01 01:34,S01,K0028,零食,2,41.34
2026-08-01 02:23,S01,K0004,日化,3,38.34
2026-08-01 02:44,S01,K0032,乳品,1,21.48
2026-08-01 02:17,S01,K0003,零食,3,20.0
2026-08-01 02:39,S01,K0012,乳品,2,3.21
2026-08-01 03:42,S01,K0016,饮料,1,7.98
2026-08-01 03:43,S01,K0024,日化,1,26.35
2026-08-01 04:07,S01,K0010,鲜食,2,21.86
2026-08-01 04:06,S01,K0023,零食,1,57.66
2026-08-01 04:07,S01,K0023,零食,1,57.66
2026-08-01 04:26,S01,K0035,鲜食,3,10.29
2026-08-01 04:00,S01,K0038,零食,2,20.9
2026-08-01 04:26,S01,K0015,鲜食,3,27.78
2026-08-01 04:03,S01,K0012,乳品,3,3.21
2026-08-01 03:59,S01,K0036,饮料,3,12.26
2026-08-01 04:30,S01,K0025,鲜食,1,20.16
2026-08-01 05:30,S01,K0036,饮料,2,12.26
2026-08-01 05:45,S01,K0031,饮料,3,30.57
2026-08-01 05:00,S01,K0018,零食,3,13.77
2026-08-01 05:46,S01,K0023,零食,2,28.83
2026-08-01 05:22,S01,K0006,饮料,3,18.72
2026-08-01 06:41,S01,K0005,鲜食,1,7.7
2026-08-01 06:26,S01,K0038,零食,1,10.45
2026-08-01 06:09,S01,K0013,零食,1,57.58
2026-08-01 07:11,S01,K0004,日化,1,38.34
2026-08-01 07:20,S01,K0001,饮料,2,33.0
2026-08-01 07:35,S01,K0001,饮料,3,33.0
2026-08-01 07:07,S01,K0037,乳品,3,11.1
2026-08-01 07:39,S01,K0013,零食,2,57.58
2026-08-01 08:15,S01,K0033,零食,3,51.1
2026-08-01 08:38,S01,K0009,日化,1,10.05
2026-08-01 08:48,S01,K0035,鲜食,1,20.58
2026-08-01 08:11,S01,K0038,零食,1,20.9
2026-08-01 08:06,S01,K0036,饮料,3,24.52
2026-08-01 08:59,S01,K0011,饮料,2,57.8
2026-08-01 08:55,S01,K0022,乳品,1,22.32
2026-08-01 09:36,S01,K0003,零食,2,10.0
2026-08-01 09:07,S01,K0023,零食,1,57.66
2026-08-01 09:31,S01,K0014,日化,3,50.68
2026-08-01 09:47,S01,K0008,零食,3,20.44
2026-08-01 10:15,S01,K0039,日化,2,12.46
2026-08-01 09:55,S01,K0022,乳品,3,22.32
2026-08-01 11:14,S01,K0015,鲜食,2,13.89
2026-08-01 11:35,S01,K0022,乳品,1,44.64
2026-08-01 11:20,S01,K0005,鲜食,1,7.7
2026-08-01 10:58,S01,K0010,鲜食,1,43.72
2026-08-01 11:15,S01,K0009,日化,3,20.1
2026-08-01 11:39,S01,K0033,零食,2,25.55
2026-08-01 11:45,S01,K0013,零食,3,28.79
2026-08-01 11:29,S01,K0014,日化,3,25.34
2026-08-01 11:54,S01,K0034,日化,2,4.47
2026-08-01 12:41,S01,K0034,日化,3,4.47
2026-08-01 12:44,S01,K0023,零食,2,57.66
2026-08-01 13:41,S01,K0009,日化,1,10.05
2026-08-01 13:17,S01,K0011,饮料,3,57.8
2026-08-01 13:16,S01,K0038,零食,1,20.9
2026-08-01 12:53,S01,K0014,日化,1,50.68
2026-08-01 13:55,S01,K0016,饮料,1,15.96
2026-08-01 14:04,S01,K0011,饮料,1,57.8
2026-08-01 14:39,S01,K0022,乳品,3,44.64
2026-07-31 21:50,S02,K0002,乳品,1,3.95
2026-07-31 22:40,S02,K0033,零食,1,25.55
2026-07-31 22:08,S02,K0027,乳品,3,30.22
2026-07-31 22:32,S02,K0006,饮料,1,9.36
2026-07-31 21:53,S02,K0009,日化,3,10.05
2026-07-31 21:53,S02,K0020,鲜食,3,12.18
2026-07-31 22:23,S02,K0002,乳品,1,7.9
2026-07-31 23:22,S02,K0009,日化,2,20.1
2026-07-31 23:16,S02,K0005,鲜食,3,7.7
2026-08-01 00:30,S02,K0029,日化,3,29.54
2026-08-01 00:37,S02,K0012,乳品,1,6.42
2026-08-01 00:27,S02,K0037,乳品,3,11.1
2026-08-01 00:02,S02,K0001,饮料,3,16.5
2026-08-01 01:01,S02,K0018,零食,3,27.54
2026-08-01 01:05,S02,K0032,乳品,1,21.48
2026-08-01 01:57,S02,K0020,鲜食,1,6.09
2026-08-01 02:12,S02,K0027,乳品,1,15.11
2026-08-01 02:07,S02,K0002,乳品,2,3.95
2026-08-01 03:29,S02,K0001,饮料,2,16.5
2026-08-01 02:56,S02,K0013,零食,1,57.58
2026-08-01 04:36,S02,K0022,乳品,2,44.64
2026-08-01 03:52,S02,K0009,日化,3,20.1
2026-08-01 04:32,S02,K0010,鲜食,3,21.86
2026-08-01 04:27,S02,K0015,鲜食,2,27.78
2026-08-01 04:57,S02,K0030,鲜食,3,22.79
2026-08-01 05:13,S02,K0032,乳品,1,42.96
2026-08-01 05:46,S02,K0036,饮料,2,24.52
2026-08-01 05:19,S02,K0028,零食,3,41.34
2026-08-01 06:02,S02,K0005,鲜食,3,7.7
2026-08-01 06:31,S02,K0030,鲜食,1,22.79
2026-08-01 06:27,S02,K0014,日化,3,25.34
2026-08-01 07:03,S02,K0037,乳品,3,11.1
2026-08-01 06:51,S02,K0011,饮料,2,57.8
2026-08-01 06:51,S02,K0015,鲜食,2,27.78
2026-08-01 07:26,S02,K0008,零食,2,40.88
2026-08-01 08:15,S02,K0033,零食,3,25.55
2026-08-01 08:42,S02,K0030,鲜食,3,22.79
2026-08-01 07:56,S02,K0018,零食,3,13.77
2026-08-01 09:31,S02,K0038,零食,2,20.9
2026-08-01 09:04,S02,K0003,零食,3,10.0
2026-08-01 09:45,S02,K0023,零食,2,57.66
2026-08-01 09:10,S02,K0033,零食,3,25.55
2026-08-01 08:55,S02,K0037,乳品,3,11.1
2026-08-01 10:35,S02,K0026,饮料,1,34.14
2026-08-01 10:46,S02,K0024,日化,2,52.7
2026-08-01 10:01,S02,K0039,日化,1,6.23
2026-08-01 11:32,S02,K0006,饮料,3,18.72
2026-08-01 10:50,S02,K0017,乳品,2,33.63
2026-08-01 11:09,S02,K0034,日化,2,8.94
2026-08-01 10:57,S02,K0001,饮料,1,33.0
2026-08-01 11:38,S02,K0005,鲜食,2,3.85
2026-08-01 12:31,S02,K0036,饮料,2,12.26
2026-08-01 12:32,S02,K0004,日化,2,38.34
2026-08-01 12:35,S02,K0023,零食,2,28.83
2026-08-01 13:06,S02,K0021,饮料,2,30.12
2026-08-01 13:37,S02,K0029,日化,3,59.08
2026-08-01 13:18,S02,K0030,鲜食,3,22.79
2026-08-01 13:40,S02,K0009,日化,1,10.05
2026-08-01 14:18,S02,K0003,零食,1,10.0
2026-08-01 13:50,S02,K0018,零食,3,27.54
2026-08-01 14:37,S02,K0032,乳品,1,21.48
2026-08-01 14:07,S02,K0012,乳品,2,3.21
2026-07-31 22:31,S03,K0024,日化,2,26.35
2026-07-31 21:55,S03,K0018,零食,1,27.54
2026-07-31 22:16,S03,K0036,饮料,2,24.52
2026-07-31 22:22,S03,K0006,饮料,2,18.72
2026-07-31 21:58,S03,K0018,零食,2,13.77
2026-07-31 23:41,S03,K0020,鲜食,2,6.09
2026-07-31 22:54,S03,K0031,饮料,1,30.57
2026-07-31 23:21,S03,K0008,零食,2,40.88
2026-08-01 01:03,S03,K0019,日化,1,11.94
2026-08-01 00:57,S03,K0016,饮料,2,15.96
2026-08-01 01:38,S03,K0028,零食,3,41.34
2026-08-01 02:40,S03,K0039,日化,3,6.23
2026-08-01 02:29,S03,K0014,日化,1,50.68
2026-08-01 02:21,S03,K0015,鲜食,2,27.78
2026-08-01 03:14,S03,K0017,乳品,1,67.26
2026-08-01 02:56,S03,K0034,日化,1,4.47
2026-08-01 04:21,S03,K0006,饮料,2,18.72
2026-08-01 03:57,S03,K0016,饮料,1,7.98
2026-08-01 05:33,S03,K0023,零食,2,57.66
2026-08-01 05:21,S03,K0007,乳品,1,47.6
2026-08-01 05:27,S03,K0024,日化,1,52.7
2026-08-01 07:45,S03,K0023,零食,2,57.66
2026-08-01 06:50,S03,K0019,日化,3,11.94
2026-08-01 08:55,S03,K0017,乳品,1,33.63
2026-08-01 08:50,S03,K0009,日化,2,10.05
2026-08-01 09:30,S03,K0026,饮料,3,34.14
2026-08-01 10:12,S03,K0003,零食,1,10.0
2026-08-01 11:39,S03,K0028,零食,2,20.67
2026-08-01 11:41,S03,K0024,日化,1,52.7
2026-08-01 11:09,S03,K0009,日化,2,10.05
2026-08-01 11:55,S03,K0027,乳品,2,30.22
2026-08-01 12:36,S03,K0018,零食,1,27.54
2026-08-01 13:06,S03,K0035,鲜食,2,20.58
2026-08-01 13:17,S03,K0014,日化,2,25.34
2026-08-01 13:57,S03,K0034,日化,3,8.94
2026-08-01 14:23,S03,K0004,日化,1,38.34
2026-08-01 14:26,S03,K0040,鲜食,3,23.8
2026-07-31 22:40,S04,K0012,乳品,1,3.21
2026-07-31 22:11,S04,K0013,零食,3,57.58
2026-07-31 23:21,S04,K0023,零食,1,28.83
2026-07-31 23:45,S04,K0022,乳品,3,22.32
2026-07-31 23:22,S04,K0033,零食,1,51.1
2026-07-31 23:48,S04,K0002,乳品,2,7.9
2026-07-31 23:44,S04,K0003,零食,2,10.0
2026-08-01 00:12,S04,K0014,日化,2,50.68
2026-08-01 00:11,S04,K0009,日化,1,20.1
2026-08-01 00:20,S04,K0031,饮料,2,61.14
2026-08-01 00:07,S04,K0017,乳品,2,67.26
2026-08-01 00:39,S04,K0017,乳品,3,33.63
2026-08-01 01:16,S04,K0020,鲜食,2,6.09
2026-08-01 01:16,S04,K0004,日化,1,38.34
2026-08-01 02:08,S04,K0025,鲜食,3,40.32
2026-08-01 02:36,S04,K0009,日化,3,20.1
2026-08-01 02:40,S04,K0024,日化,2,26.35
2026-08-01 03:26,S04,K0030,鲜食,1,45.58
2026-08-01 03:30,S04,K0019,日化,2,5.97
2026-08-01 02:55,S04,K0038,零食,1,10.45
2026-08-01 03:45,S04,K0002,乳品,2,3.95
2026-08-01 02:59,S04,K0030,鲜食,2,45.58
2026-08-01 03:35,S04,K0023,零食,1,57.66
2026-08-01 02:54,S04,K0003,零食,2,10.0
2026-08-01 03:42,S04,K0037,乳品,3,5.55
2026-08-01 03:42,S04,K0010,鲜食,3,43.72
2026-08-01 04:17,S04,K0002,乳品,3,3.95
2026-08-01 03:57,S04,K0026,饮料,2,34.14
2026-08-01 04:07,S04,K0031,饮料,1,30.57
2026-08-01 04:38,S04,K0026,饮料,1,34.14
2026-08-01 04:12,S04,K0009,日化,1,10.05
2026-08-01 04:08,S04,K0038,零食,1,20.9
2026-08-01 03:58,S04,K0018,零食,2,27.54
2026-08-01 04:32,S04,K0010,鲜食,1,43.72
2026-08-01 04:39,S04,K0006,饮料,2,18.72
2026-08-01 05:10,S04,K0017,乳品,2,67.26
2026-08-01 05:11,S04,K0040,鲜食,2,11.9
2026-08-01 05:17,S04,K0012,乳品,3,3.21
2026-08-01 05:20,S04,K0007,乳品,3,47.6
2026-08-01 05:17,S04,K0010,鲜食,3,21.86
2026-08-01 06:43,S04,K0009,日化,1,20.1
2026-08-01 05:59,S04,K0002,乳品,1,3.95
2026-08-01 06:44,S04,K0026,饮料,3,34.14
2026-08-01 06:55,S04,K0025,鲜食,2,40.32
2026-08-01 07:34,S04,K0018,零食,1,27.54
2026-08-01 07:06,S04,K0003,零食,3,20.0
2026-08-01 07:31,S04,K0022,乳品,2,22.32
2026-08-01 06:59,S04,K0006,饮料,3,18.72
2026-08-01 07:54,S04,K0033,零食,1,25.55
2026-08-01 07:49,S04,K0023,零食,1,28.83
2026-08-01 08:34,S04,K0035,鲜食,3,10.29
2026-08-01 09:38,S04,K0031,饮料,3,61.14
2026-08-01 09:26,S04,K0022,乳品,2,22.32
2026-08-01 10:17,S04,K0009,日化,2,20.1
2026-08-01 10:39,S04,K0031,饮料,2,30.57
2026-08-01 10:28,S04,K0014,日化,1,50.68
2026-08-01 10:02,S04,K0017,乳品,1,67.26
2026-08-01 10:35,S04,K0013,零食,1,57.58
2026-08-01 10:02,S04,K0034,日化,3,8.94
2026-08-01 10:00,S04,K0038,零食,1,20.9
2026-08-01 09:51,S04,K0008,零食,1,20.44
2026-08-01 09:49,S04,K0025,鲜食,2,40.32
2026-08-01 09:53,S04,K0011,饮料,2,28.9
2026-08-01 11:13,S04,K0034,日化,3,8.94
2026-08-01 11:02,S04,K0022,乳品,2,22.32
2026-08-01 11:46,S04,K0024,日化,2,52.7
2026-08-01 10:56,S04,K0016,饮料,1,15.96
2026-08-01 10:49,S04,K0012,乳品,3,3.21
2026-08-01 11:24,S04,K0005,鲜食,2,3.85
2026-08-01 12:12,S04,K0037,乳品,1,11.1
2026-08-01 12:02,S04,K0040,鲜食,1,23.8
2026-08-01 12:55,S04,K0015,鲜食,1,27.78
2026-08-01 13:45,S04,K0013,零食,2,28.79
2026-08-01 13:22,S04,K0020,鲜食,2,6.09
2026-08-01 13:32,S04,K0011,饮料,3,57.8
2026-08-01 13:27,S04,K0024,日化,3,26.35
2026-08-01 14:23,S04,K0027,乳品,3,15.11
2026-08-01 14:27,S04,K0001,饮料,1,33.0
2026-08-01 14:00,S04,K0010,鲜食,1,43.72
2026-07-31 22:37,S05,K0011,饮料,1,57.8
2026-07-31 22:00,S05,K0023,零食,1,57.66
2026-07-31 23:38,S05,K0027,乳品,1,15.11
2026-07-31 23:02,S05,K0016,饮料,1,15.96
2026-07-31 23:47,S05,K0040,鲜食,3,23.8
2026-07-31 22:56,S05,K0023,零食,2,57.66
2026-07-31 23:39,S05,K0029,日化,3,29.54
2026-07-31 22:59,S05,K0013,零食,1,28.79
2026-08-01 00:23,S05,K0034,日化,1,8.94
2026-08-01 00:45,S05,K0001,饮料,3,33.0
2026-08-01 00:18,S05,K0005,鲜食,2,3.85
2026-08-01 00:39,S05,K0011,饮料,3,57.8
2026-08-01 01:48,S05,K0015,鲜食,1,13.89
2026-08-01 01:21,S05,K0029,日化,3,59.08
2026-08-01 02:22,S05,K0023,零食,3,57.66
2026-08-01 02:10,S05,K0021,饮料,3,60.24
2026-08-01 02:26,S05,K0001,饮料,2,16.5
2026-08-01 02:51,S05,K0022,乳品,2,44.64
2026-08-01 03:46,S05,K0012,乳品,1,6.42
2026-08-01 03:28,S05,K0027,乳品,2,30.22
2026-08-01 03:17,S05,K0009,日化,1,20.1
2026-08-01 04:23,S05,K0007,乳品,1,47.6
2026-08-01 03:51,S05,K0009,日化,2,10.05
2026-08-01 04:06,S05,K0036,饮料,3,24.52
2026-08-01 04:32,S05,K0003,零食,3,20.0
2026-08-01 04:55,S05,K0010,鲜食,2,43.72
2026-08-01 05:31,S05,K0017,乳品,1,67.26
2026-08-01 05:44,S05,K0039,日化,1,12.46
2026-08-01 06:39,S05,K0028,零食,3,41.34
2026-08-01 06:05,S05,K0029,日化,1,59.08
2026-08-01 07:32,S05,K0036,饮料,3,24.52
2026-08-01 07:21,S05,K0037,乳品,3,11.1
2026-08-01 07:09,S05,K0035,鲜食,2,20.58
2026-08-01 06:53,S05,K0040,鲜食,1,11.9
2026-08-01 08:18,S05,K0028,零食,3,20.67
2026-08-01 08:07,S05,K0028,零食,1,41.34
2026-08-01 08:04,S05,K0040,鲜食,3,23.8
2026-08-01 09:46,S05,K0040,鲜食,2,11.9
2026-08-01 09:19,S05,K0030,鲜食,1,22.79
2026-08-01 09:06,S05,K0011,饮料,3,28.9
2026-08-01 09:16,S05,K0008,零食,3,40.88
2026-08-01 09:32,S05,K0023,零食,3,28.83
2026-08-01 09:04,S05,K0017,乳品,2,33.63
2026-08-01 09:49,S05,K0029,日化,2,29.54
2026-08-01 10:29,S05,K0031,饮料,3,30.57
2026-08-01 10:11,S05,K0025,鲜食,1,40.32
2026-08-01 10:14,S05,K0024,日化,3,26.35
2026-08-01 10:57,S05,K0038,零食,1,10.45
2026-08-01 11:19,S05,K0011,饮料,1,57.8
2026-08-01 10:56,S05,K0032,乳品,1,42.96
2026-08-01 11:46,S05,K0025,鲜食,2,20.16
2026-08-01 10:58,S05,K0005,鲜食,1,3.85
2026-08-01 12:38,S05,K0036,饮料,2,24.52
2026-08-01 12:44,S05,K0033,零食,3,51.1
2026-08-01 13:12,S05,K0008,零食,1,20.44
2026-08-01 13:00,S05,K0020,鲜食,2,12.18
2026-08-01 12:50,S05,K0025,鲜食,1,20.16
2026-08-01 13:47,S05,K0022,乳品,2,22.32
2026-08-01 13:51,S05,K0039,日化,3,6.23
2026-08-01 14:01,S05,K0002,乳品,2,3.95
2026-08-01 14:41,S05,K0016,饮料,3,15.96
2026-07-31 21:57,S06,K0013,零食,3,57.58
2026-07-31 22:35,S06,K0028,零食,3,41.34
2026-07-31 22:45,S06,K0040,鲜食,3,23.8
2026-07-31 22:41,S06,K0029,日化,1,59.08
2026-07-31 22:51,S06,K0028,零食,1,41.34
2026-07-31 23:13,S06,K0018,零食,1,27.54
2026-08-01 00:44,S06,K0016,饮料,2,7.98
2026-08-01 00:39,S06,K0004,日化,2,19.17
2026-08-01 01:46,S06,K0020,鲜食,2,6.09
2026-08-01 01:24,S06,K0025,鲜食,2,20.16
2026-08-01 01:04,S06,K0025,鲜食,3,40.32
2026-08-01 02:44,S06,K0012,乳品,1,6.42
2026-08-01 02:34,S06,K0031,饮料,2,61.14
2026-08-01 02:36,S06,K0001,饮料,2,33.0
2026-08-01 03:16,S06,K0033,零食,2,25.55
2026-08-01 02:58,S06,K0034,日化,2,8.94
2026-08-01 02:53,S06,K0020,鲜食,2,6.09
2026-08-01 03:21,S06,K0032,乳品,2,21.48
2026-08-01 03:55,S06,K0017,乳品,3,67.26
2026-08-01 04:15,S06,K0012,乳品,1,6.42
2026-08-01 05:29,S06,K0006,饮料,1,9.36
2026-08-01 05:34,S06,K0014,日化,1,25.34
2026-08-01 06:25,S06,K0021,饮料,1,30.12
2026-08-01 06:33,S06,K0030,鲜食,1,22.79
2026-08-01 07:07,S06,K0001,饮料,3,33.0
2026-08-01 07:05,S06,K0033,零食,2,51.1
2026-08-01 07:53,S06,K0031,饮料,2,61.14
2026-08-01 08:35,S06,K0008,零食,2,40.88
2026-08-01 07:49,S06,K0025,鲜食,2,40.32
2026-08-01 09:26,S06,K0036,饮料,1,12.26
2026-08-01 09:14,S06,K0007,乳品,3,47.6
2026-08-01 09:17,S06,K0024,日化,3,52.7
2026-08-01 09:47,S06,K0032,乳品,3,42.96
2026-08-01 09:48,S06,K0026,饮料,2,68.28
2026-08-01 10:14,S06,K0025,鲜食,2,40.32
2026-08-01 09:51,S06,K0026,饮料,3,68.28
2026-08-01 09:49,S06,K0009,日化,3,20.1
2026-08-01 10:26,S06,K0009,日化,2,20.1
2026-08-01 10:45,S06,K0022,乳品,2,22.32
2026-08-01 11:12,S06,K0032,乳品,1,42.96
2026-08-01 11:28,S06,K0037,乳品,3,11.1
2026-08-01 12:24,S06,K0038,零食,3,20.9
2026-08-01 12:18,S06,K0010,鲜食,2,43.72
2026-08-01 12:59,S06,K0010,鲜食,1,43.72
2026-08-01 13:32,S06,K0005,鲜食,3,7.7
2026-08-01 13:15,S06,K0003,零食,3,10.0
2026-08-01 14:30,S06,K0015,鲜食,3,27.78
2026-08-01 13:51,S06,K0018,零食,1,27.54
2026-08-01 13:57,S06,K0031,饮料,2,61.14
2026-07-31 22:26,S07,K0013,零食,1,28.79
2026-07-31 22:40,S07,K0011,饮料,1,57.8
2026-07-31 21:52,S07,K0016,饮料,1,7.98
2026-07-31 22:41,S07,K0037,乳品,1,5.55
2026-07-31 21:55,S07,K0006,饮料,1,18.72
2026-07-31 22:23,S07,K0033,零食,2,51.1
2026-07-31 23:12,S07,K0021,饮料,1,60.24
2026-07-31 22:58,S07,K0023,零食,3,57.66
2026-07-31 23:15,S07,K0013,零食,3,57.58
2026-07-31 23:02,S07,K0034,日化,2,4.47
2026-07-31 23:25,S07,K0029,日化,3,29.54
2026-07-31 23:18,S07,K0033,零食,3,25.55
2026-07-31 23:10,S07,K0016,饮料,2,15.96
2026-08-01 00:16,S07,K0040,鲜食,1,11.9
2026-08-01 00:34,S07,K0035,鲜食,2,20.58
2026-08-01 01:28,S07,K0039,日化,3,6.23
2026-08-01 00:57,S07,K0028,零食,2,41.34
2026-08-01 02:15,S07,K0031,饮料,3,30.57
2026-08-01 02:01,S07,K0038,零食,2,20.9
2026-08-01 02:16,S07,K0009,日化,3,20.1
2026-08-01 02:20,S07,K0008,零食,3,40.88
2026-08-01 03:19,S07,K0028,零食,3,20.67
2026-08-01 03:41,S07,K0006,饮料,1,9.36
2026-08-01 03:32,S07,K0004,日化,3,38.34
2026-08-01 03:42,S07,K0009,日化,1,10.05
2026-08-01 03:55,S07,K0011,饮料,1,28.9
2026-08-01 04:29,S07,K0024,日化,1,26.35
2026-08-01 04:46,S07,K0018,零食,2,27.54
2026-08-01 04:41,S07,K0011,饮料,2,57.8
2026-08-01 03:55,S07,K0003,零食,2,20.0
2026-08-01 04:15,S07,K0028,零食,1,20.67
2026-08-01 04:02,S07,K0039,日化,3,12.46
2026-08-01 04:22,S07,K0003,零食,1,20.0
2026-08-01 05:13,S07,K0009,日化,1,20.1
2026-08-01 05:32,S07,K0016,饮料,3,7.98
2026-08-01 04:49,S07,K0018,零食,1,13.77
2026-08-01 06:09,S07,K0021,饮料,3,60.24
2026-08-01 05:52,S07,K0011,饮料,1,57.8
2026-08-01 06:08,S07,K0034,日化,1,8.94
2026-08-01 06:20,S07,K0004,日化,2,38.34
2026-08-01 07:02,S07,K0039,日化,3,6.23
2026-08-01 08:08,S07,K0001,饮料,1,16.5
2026-08-01 08:47,S07,K0002,乳品,2,7.9
2026-08-01 08:32,S07,K0016,饮料,2,7.98
2026-08-01 09:19,S07,K0032,乳品,1,42.96
2026-08-01 09:11,S07,K0028,零食,2,41.34
2026-08-01 09:14,S07,K0029,日化,1,59.08
2026-08-01 09:17,S07,K0009,日化,2,20.1
2026-08-01 10:00,S07,K0007,乳品,2,47.6
2026-08-01 10:10,S07,K0007,乳品,1,23.8
2026-08-01 10:36,S07,K0037,乳品,3,11.1
2026-08-01 10:53,S07,K0009,日化,2,10.05
2026-08-01 11:02,S07,K0007,乳品,1,23.8
2026-08-01 12:43,S07,K0040,鲜食,3,23.8
2026-08-01 12:00,S07,K0033,零食,2,51.1
2026-08-01 12:01,S07,K0031,饮料,1,30.57
2026-08-01 12:27,S07,K0009,日化,3,10.05
2026-08-01 12:17,S07,K0015,鲜食,3,13.89
2026-08-01 13:11,S07,K0029,日化,3,29.54
2026-08-01 13:33,S07,K0037,乳品,2,11.1
2026-08-01 13:07,S07,K0006,饮料,1,9.36
2026-08-01 13:51,S07,K0012,乳品,3,6.42
2026-07-31 22:27,S08,K0021,饮料,1,30.12
2026-07-31 22:34,S08,K0001,饮料,2,33.0
2026-07-31 22:14,S08,K0013,零食,2,28.79
2026-07-31 22:06,S08,K0026,饮料,2,68.28
2026-07-31 22:41,S08,K0014,日化,1,50.68
2026-07-31 21:54,S08,K0038,零食,2,10.45
2026-07-31 22:33,S08,K0011,饮料,3,28.9
2026-07-31 23:18,S08,K0004,日化,3,19.17
2026-07-31 23:47,S08,K0011,饮料,2,57.8
2026-07-31 23:04,S08,K0033,零食,2,25.55
2026-07-31 23:21,S08,K0030,鲜食,1,45.58
2026-07-31 23:09,S08,K0035,鲜食,3,20.58
2026-07-31 22:52,S08,K0007,乳品,3,23.8
2026-07-31 23:23,S08,K0013,零食,2,28.79
2026-07-31 23:51,S08,K0001,饮料,3,16.5
2026-08-01 00:31,S08,K0004,日化,2,19.17
2026-08-01 01:10,S08,K0009,日化,3,20.1
2026-08-01 01:48,S08,K0031,饮料,2,61.14
2026-08-01 01:14,S08,K0019,日化,2,11.94
2026-08-01 01:19,S08,K0008,零食,1,40.88
2026-08-01 02:04,S08,K0002,乳品,2,7.9
2026-08-01 02:29,S08,K0027,乳品,1,15.11
2026-08-01 02:34,S08,K0012,乳品,2,6.42
2026-08-01 03:43,S08,K0027,乳品,3,30.22
2026-08-01 03:10,S08,K0005,鲜食,2,7.7
2026-08-01 03:10,S08,K0013,零食,1,57.58
2026-08-01 03:20,S08,K0021,饮料,1,60.24
2026-08-01 04:12,S08,K0033,零食,1,51.1
2026-08-01 04:25,S08,K0026,饮料,3,68.28
2026-08-01 05:12,S08,K0037,乳品,3,11.1
2026-08-01 05:39,S08,K0021,饮料,2,30.12
2026-08-01 05:39,S08,K0003,零食,3,10.0
2026-08-01 06:17,S08,K0015,鲜食,3,27.78
2026-08-01 06:00,S08,K0010,鲜食,3,43.72
2026-08-01 06:22,S08,K0018,零食,2,13.77
2026-08-01 05:49,S08,K0006,饮料,3,9.36
2026-08-01 07:09,S08,K0009,日化,1,20.1
2026-08-01 07:11,S08,K0022,乳品,2,44.64
2026-08-01 08:18,S08,K0013,零食,3,28.79
2026-08-01 08:20,S08,K0015,鲜食,2,27.78
2026-08-01 08:06,S08,K0003,零食,1,20.0
2026-08-01 08:48,S08,K0010,鲜食,2,43.72
2026-08-01 09:00,S08,K0004,日化,3,38.34
2026-08-01 09:23,S08,K0003,零食,1,10.0
2026-08-01 08:58,S08,K0032,乳品,1,21.48
2026-08-01 10:28,S08,K0002,乳品,1,7.9
2026-08-01 10:08,S08,K0010,鲜食,3,21.86
2026-08-01 10:59,S08,K0010,鲜食,3,43.72
2026-08-01 10:54,S08,K0003,零食,3,20.0
2026-08-01 11:14,S08,K0037,乳品,1,11.1
2026-08-01 11:18,S08,K0002,乳品,2,7.9
2026-08-01 11:27,S08,K0013,零食,1,57.58
2026-08-01 11:48,S08,K0035,鲜食,1,20.58
2026-08-01 12:18,S08,K0026,饮料,3,34.14
2026-08-01 12:17,S08,K0004,日化,3,19.17
2026-08-01 12:08,S08,K0020,鲜食,2,12.18
2026-08-01 13:27,S08,K0025,鲜食,2,20.16
2026-08-01 13:48,S08,K0028,零食,3,20.67
2026-08-01 13:29,S08,K0037,乳品,2,5.55
2026-08-01 14:21,S08,K0027,乳品,1,30.22
2026-08-01 14:22,S08,K0002,乳品,2,7.9
2026-08-01 14:00,S08,K0038,零食,2,20.9
2026-08-01 14:25,S08,K0011,饮料,2,28.9
2026-07-31 22:25,S09,K0025,鲜食,1,20.16
2026-07-31 22:09,S09,K0010,鲜食,2,21.86
2026-07-31 22:04,S09,K0032,乳品,3,42.96
2026-07-31 22:47,S09,K0027,乳品,3,15.11
2026-07-31 21:52,S09,K0031,饮料,3,61.14
2026-07-31 23:01,S09,K0012,乳品,3,3.21
2026-07-31 23:29,S09,K0017,乳品,2,67.26
2026-07-31 23:14,S09,K0027,乳品,1,15.11
2026-07-31 22:55,S09,K0023,零食,2,57.66
2026-07-31 23:23,S09,K0006,饮料,1,18.72
2026-08-01 00:21,S09,K0011,饮料,3,57.8
2026-08-01 00:33,S09,K0034,日化,3,8.94
2026-07-31 23:59,S09,K0040,鲜食,2,23.8
2026-08-01 01:37,S09,K0002,乳品,1,7.9
2026-08-01 01:22,S09,K0006,饮料,2,18.72
2026-08-01 01:40,S09,K0027,乳品,1,15.11
2026-08-01 01:52,S09,K0018,零食,3,13.77
2026-08-01 02:44,S09,K0016,饮料,1,7.98
2026-08-01 01:50,S09,K0035,鲜食,1,20.58
2026-08-01 03:19,S09,K0018,零食,2,13.77
2026-08-01 03:30,S09,K0009,日化,1,20.1
2026-08-01 03:27,S09,K0032,乳品,1,21.48
2026-08-01 03:59,S09,K0011,饮料,1,28.9
2026-08-01 04:02,S09,K0025,鲜食,1,40.32
2026-08-01 04:49,S09,K0002,乳品,3,3.95
2026-08-01 05:26,S09,K0016,饮料,1,15.96
2026-08-01 05:53,S09,K0014,日化,1,25.34
2026-08-01 06:29,S09,K0026,饮料,3,34.14
2026-08-01 07:38,S09,K0019,日化,1,5.97
2026-08-01 06:59,S09,K0006,饮料,2,9.36
2026-08-01 07:56,S09,K0016,饮料,3,15.96
2026-08-01 08:00,S09,K0031,饮料,1,30.57
2026-08-01 09:11,S09,K0040,鲜食,3,11.9
2026-08-01 08:55,S09,K0016,饮料,3,15.96
2026-08-01 09:29,S09,K0032,乳品,2,42.96
2026-08-01 09:49,S09,K0001,饮料,3,16.5
2026-08-01 10:30,S09,K0007,乳品,3,23.8
2026-08-01 10:13,S09,K0030,鲜食,2,22.79
2026-08-01 10:07,S09,K0012,乳品,2,3.21
2026-08-01 10:02,S09,K0017,乳品,3,67.26
2026-08-01 10:12,S09,K0008,零食,1,40.88
2026-08-01 11:08,S09,K0032,乳品,2,21.48
2026-08-01 11:18,S09,K0008,零食,3,20.44
2026-08-01 11:17,S09,K0036,饮料,1,12.26
2026-08-01 10:58,S09,K0031,饮料,3,30.57
2026-08-01 11:52,S09,K0017,乳品,1,33.63
2026-08-01 11:49,S09,K0034,日化,3,4.47
2026-08-01 13:30,S09,K0037,乳品,1,5.55
2026-08-01 12:59,S09,K0014,日化,1,50.68
2026-08-01 12:50,S09,K0001,饮料,2,16.5
2026-08-01 14:33,S09,K0017,乳品,1,33.63
2026-08-01 14:32,S09,K0009,日化,3,20.1
2026-07-31 22:13,S10,K0029,日化,1,59.08
2026-07-31 22:30,S10,K0010,鲜食,1,21.86
2026-07-31 22:03,S10,K0006,饮料,1,9.36
2026-07-31 22:18,S10,K0028,零食,3,41.34
2026-07-31 23:22,S10,K0011,饮料,3,28.9
2026-07-31 23:45,S10,K0011,饮料,2,57.8
2026-07-31 22:55,S10,K0002,乳品,3,3.95
2026-07-31 23:17,S10,K0026,饮料,3,34.14
2026-07-31 23:40,S10,K0008,零食,2,40.88
2026-07-31 23:15,S10,K0035,鲜食,3,10.29
2026-08-01 00:09,S10,K0012,乳品,1,6.42
2026-08-01 00:21,S10,K0013,零食,2,57.58
2026-08-01 01:17,S10,K0028,零食,1,20.67
2026-08-01 00:59,S10,K0011,饮料,1,57.8
2026-08-01 01:19,S10,K0006,饮料,3,18.72
2026-08-01 02:07,S10,K0002,乳品,3,3.95
2026-08-01 02:39,S10,K0024,日化,1,26.35
2026-08-01 02:22,S10,K0039,日化,2,6.23
2026-08-01 02:50,S10,K0022,乳品,2,44.64
2026-08-01 02:49,S10,K0021,饮料,3,60.24
2026-08-01 04:24,S10,K0011,饮料,2,57.8
2026-08-01 04:17,S10,K0032,乳品,1,21.48
2026-08-01 04:21,S10,K0032,乳品,2,42.96
2026-08-01 04:28,S10,K0029,日化,2,29.54
2026-08-01 04:24,S10,K0001,饮料,3,16.5
2026-08-01 04:30,S10,K0002,乳品,2,7.9
2026-08-01 04:31,S10,K0018,零食,2,13.77
2026-08-01 05:03,S10,K0033,零食,2,51.1
2026-08-01 04:54,S10,K0001,饮料,2,16.5
2026-08-01 04:59,S10,K0029,日化,2,59.08
2026-08-01 05:48,S10,K0016,饮料,3,7.98
2026-08-01 05:50,S10,K0037,乳品,1,5.55
2026-08-01 05:49,S10,K0009,日化,2,10.05
2026-08-01 06:37,S10,K0006,饮料,1,9.36
2026-08-01 06:50,S10,K0017,乳品,2,33.63
2026-08-01 07:23,S10,K0025,鲜食,1,20.16
2026-08-01 07:27,S10,K0040,鲜食,1,23.8
2026-08-01 08:08,S10,K0012,乳品,1,6.42
2026-08-01 07:53,S10,K0021,饮料,1,60.24
2026-08-01 09:40,S10,K0031,饮料,1,30.57
2026-08-01 08:52,S10,K0030,鲜食,3,45.58
2026-08-01 09:23,S10,K0018,零食,2,27.54
2026-08-01 09:16,S10,K0037,乳品,3,11.1
2026-08-01 09:29,S10,K0013,零食,3,28.79
2026-08-01 09:46,S10,K0011,饮料,2,28.9
2026-08-01 09:50,S10,K0039,日化,2,12.46
2026-08-01 10:32,S10,K0035,鲜食,1,10.29
2026-08-01 10:31,S10,K0035,鲜食,3,10.29
2026-08-01 09:52,S10,K0037,乳品,1,5.55
2026-08-01 10:41,S10,K0018,零食,2,27.54
2026-08-01 10:39,S10,K0032,乳品,3,42.96
2026-08-01 10:17,S10,K0030,鲜食,2,22.79
2026-08-01 10:44,S10,K0038,零食,2,10.45
2026-08-01 10:25,S10,K0018,零食,2,13.77
2026-08-01 10:51,S10,K0031,饮料,3,30.57
2026-08-01 11:17,S10,K0007,乳品,2,47.6
2026-08-01 10:53,S10,K0022,乳品,2,44.64
2026-08-01 12:45,S10,K0009,日化,1,10.05
2026-08-01 11:49,S10,K0036,饮料,2,24.52
2026-08-01 13:17,S10,K0020,鲜食,3,6.09
2026-08-01 13:18,S10,K0029,日化,3,29.54
2026-08-01 13:44,S10,K0021,饮料,1,30.12
2026-08-01 14:47,S10,K0040,鲜食,2,11.9
2026-08-01 14:06,S10,K0035,鲜食,3,20.58
2026-07-31 22:34,S11,K0024,日化,3,52.7
2026-07-31 22:18,S11,K0012,乳品,1,3.21
2026-07-31 22:29,S11,K0014,日化,3,50.68
2026-07-31 23:46,S11,K0031,饮料,3,30.57
2026-07-31 23:33,S11,K0011,饮料,2,28.9
2026-07-31 23:04,S11,K0040,鲜食,3,23.8
2026-07-31 23:01,S11,K0028,零食,3,41.34
2026-07-31 23:07,S11,K0025,鲜食,3,40.32
2026-07-31 22:57,S11,K0018,零食,3,27.54
2026-07-31 23:26,S11,K0016,饮料,3,7.98
2026-08-01 00:39,S11,K0026,饮料,3,68.28
2026-08-01 00:34,S11,K0009,日化,1,10.05
2026-08-01 00:35,S11,K0036,饮料,3,24.52
2026-08-01 01:14,S11,K0030,鲜食,1,22.79
2026-08-01 01:04,S11,K0031,饮料,2,30.57
2026-08-01 01:43,S11,K0016,饮料,2,7.98
2026-08-01 01:29,S11,K0025,鲜食,1,20.16
2026-08-01 02:16,S11,K0027,乳品,1,15.11
2026-08-01 02:38,S11,K0018,零食,1,13.77
2026-08-01 02:54,S11,K0009,日化,2,20.1
2026-08-01 03:05,S11,K0013,零食,3,57.58
2026-08-01 03:44,S11,K0012,乳品,2,3.21
2026-08-01 02:59,S11,K0026,饮料,3,68.28
2026-08-01 04:01,S11,K0014,日化,2,50.68
2026-08-01 04:07,S11,K0003,零食,2,20.0
2026-08-01 04:12,S11,K0024,日化,3,26.35
2026-08-01 05:02,S11,K0020,鲜食,2,12.18
2026-08-01 04:54,S11,K0010,鲜食,1,21.86
2026-08-01 05:10,S11,K0030,鲜食,2,45.58
2026-08-01 05:25,S11,K0019,日化,2,11.94
2026-08-01 05:59,S11,K0019,日化,1,11.94
2026-08-01 06:43,S11,K0012,乳品,3,6.42
2026-08-01 06:04,S11,K0025,鲜食,3,20.16
2026-08-01 05:53,S11,K0024,日化,1,26.35
2026-08-01 07:06,S11,K0027,乳品,2,15.11
2026-08-01 07:31,S11,K0017,乳品,2,67.26
2026-08-01 08:27,S11,K0038,零食,3,20.9
2026-08-01 08:05,S11,K0012,乳品,2,3.21
2026-08-01 09:30,S11,K0014,日化,3,50.68
2026-08-01 09:37,S11,K0024,日化,3,26.35
2026-08-01 09:04,S11,K0024,日化,1,26.35
2026-08-01 09:09,S11,K0030,鲜食,1,45.58
2026-08-01 10:40,S11,K0005,鲜食,3,3.85
2026-08-01 10:19,S11,K0018,零食,3,13.77
2026-08-01 09:52,S11,K0016,饮料,2,15.96
2026-08-01 09:59,S11,K0036,饮料,2,24.52
2026-08-01 10:53,S11,K0013,零食,1,28.79
2026-08-01 11:05,S11,K0009,日化,2,20.1
2026-08-01 11:36,S11,K0016,饮料,2,15.96
2026-08-01 11:08,S11,K0011,饮料,1,28.9
2026-08-01 11:47,S11,K0005,鲜食,2,7.7
2026-08-01 11:16,S11,K0001,饮料,2,33.0
2026-08-01 11:35,S11,K0008,零食,1,40.88
2026-08-01 12:04,S11,K0027,乳品,3,30.22
2026-08-01 12:27,S11,K0020,鲜食,1,6.09
2026-08-01 12:22,S11,K0005,鲜食,2,3.85
2026-08-01 12:10,S11,K0025,鲜食,1,40.32
2026-08-01 13:17,S11,K0018,零食,1,27.54
2026-08-01 12:49,S11,K0038,零食,1,10.45
2026-08-01 13:49,S11,K0021,饮料,1,30.12
2026-08-01 14:15,S11,K0006,饮料,1,9.36
2026-07-31 22:00,S12,K0004,日化,2,19.17
2026-07-31 22:48,S12,K0036,饮料,3,24.52
2026-07-31 22:03,S12,K0033,零食,3,25.55
2026-07-31 22:48,S12,K0008,零食,1,20.44
2026-07-31 23:05,S12,K0006,饮料,3,18.72
2026-07-31 23:12,S12,K0010,鲜食,1,43.72
2026-07-31 23:14,S12,K0040,鲜食,2,23.8
2026-07-31 23:45,S12,K0033,零食,2,25.55
2026-07-31 23:48,S12,K0003,零食,1,10.0
2026-08-01 00:06,S12,K0006,饮料,2,9.36
2026-08-01 00:14,S12,K0017,乳品,1,67.26
2026-08-01 00:42,S12,K0015,鲜食,2,13.89
2026-08-01 01:47,S12,K0035,鲜食,2,10.29
2026-08-01 01:26,S12,K0023,零食,2,28.83
2026-08-01 02:34,S12,K0039,日化,3,12.46
2026-08-01 02:09,S12,K0030,鲜食,3,45.58
2026-08-01 02:02,S12,K0028,零食,2,20.67
2026-08-01 03:10,S12,K0002,乳品,2,7.9
2026-08-01 03:25,S12,K0031,饮料,2,30.57
2026-08-01 03:17,S12,K0025,鲜食,2,20.16
2026-08-01 04:35,S12,K0020,鲜食,3,6.09
2026-08-01 04:12,S12,K0003,零食,3,10.0
2026-08-01 04:06,S12,K0039,日化,3,6.23
2026-08-01 03:49,S12,K0021,饮料,2,30.12
2026-08-01 03:52,S12,K0037,乳品,1,11.1
2026-08-01 05:44,S12,K0002,乳品,1,7.9
2026-08-01 05:29,S12,K0036,饮料,2,24.52
2026-08-01 05:34,S12,K0028,零食,1,41.34
2026-08-01 06:08,S12,K0023,零食,3,57.66
2026-08-01 05:50,S12,K0026,饮料,2,68.28
2026-08-01 06:54,S12,K0011,饮料,1,28.9
2026-08-01 07:07,S12,K0033,零食,1,51.1
2026-08-01 08:13,S12,K0009,日化,2,20.1
2026-08-01 08:22,S12,K0007,乳品,1,23.8
2026-08-01 09:26,S12,K0023,零食,2,28.83
2026-08-01 09:11,S12,K0033,零食,3,25.55
2026-08-01 09:14,S12,K0021,饮料,2,30.12
2026-08-01 08:59,S12,K0022,乳品,2,22.32
2026-08-01 10:37,S12,K0030,鲜食,3,45.58
2026-08-01 10:41,S12,K0003,零食,2,20.0
2026-08-01 10:38,S12,K0024,日化,2,52.7
2026-08-01 10:20,S12,K0015,鲜食,2,27.78
2026-08-01 10:10,S12,K0010,鲜食,1,21.86
2026-08-01 11:41,S12,K0022,乳品,3,44.64
2026-08-01 11:18,S12,K0027,乳品,3,15.11
2026-08-01 11:31,S12,K0006,饮料,2,18.72
2026-08-01 12:43,S12,K0011,饮料,2,28.9
2026-08-01 12:06,S12,K0040,鲜食,3,23.8
2026-08-01 13:02,S12,K0011,饮料,3,57.8
2026-08-01 13:05,S12,K0032,乳品,3,21.48
2026-08-01 12:52,S12,K0010,鲜食,1,43.72
2026-08-01 14:17,S12,K0003,零食,1,10.0
2026-08-01 14:05,S12,K0036,饮料,1,24.52
2026-08-01 14:34,S12,K0037,乳品,1,5.55
